# Wavefront OBJ exported by MilkShape 3D

mtllib rhino.mtl

v -4.321500 7.482100 62.929798
v -9.158200 7.482100 62.929798
v -9.158200 7.482100 46.352501
v -4.321500 7.482100 46.352501
v -4.084000 22.159599 40.684799
v -4.084000 23.823200 40.684799
v -4.084000 23.812099 46.375702
v -4.084000 20.952900 43.095200
v -4.084000 22.159599 19.491699
v -4.084000 20.036699 20.701500
v -4.084000 20.034000 19.480600
v -9.409200 22.159599 19.491699
v -9.411600 20.952900 29.579201
v -9.411600 22.159599 31.682699
v -4.084000 22.159599 31.682699
v -4.084000 20.952900 29.579300
v -9.411600 23.812099 46.375801
v -9.411600 18.193501 48.037998
v -9.411600 20.360201 48.059299
v -9.411600 14.364500 46.348801
v -10.012600 8.690900 46.352501
v -10.012600 8.690900 62.929798
v -3.467100 8.690900 62.929798
v -3.467100 8.690900 46.352501
v -4.084000 20.360201 48.059299
v -4.084000 18.193600 48.037899
v -9.411600 16.586700 58.306900
v -4.084000 17.031200 48.926800
v -9.411600 17.031200 48.926899
v -4.084000 16.586700 58.306900
v -4.084000 17.475599 48.371300
v -9.411600 17.475599 48.371201
v -4.084000 20.778999 48.533699
v -9.411600 20.779100 48.533699
v -4.084000 20.952900 49.136200
v -9.411600 20.952900 49.136200
v -9.411600 23.812099 61.359699
v -4.084000 23.812099 61.359600
v -4.084000 20.952900 58.362400
v -9.411600 20.952900 58.362400
v -9.411600 17.531200 59.029099
v -4.084000 17.531200 59.029099
v -9.411600 18.642300 59.306900
v -4.084000 18.642300 59.306900
v -9.411600 19.927999 59.116299
v -4.084000 19.927999 59.116402
v -10.012600 12.784700 62.929798
v -10.012600 12.784700 46.369499
v -9.411600 14.364500 62.929798
v -3.467100 12.784600 62.929798
v -3.467100 12.784600 46.369598
v -4.084000 14.364500 62.929798
v -4.084000 14.364500 46.348701
v -9.411600 20.370501 31.682699
v -9.411600 20.360201 33.505501
v -9.411600 18.216999 31.682699
v -9.411600 18.193501 33.484200
v -9.411600 14.364500 31.682699
v -4.084000 20.370501 31.682699
v -4.084000 20.382401 30.301500
v -4.084000 18.217100 31.682699
v -4.084000 19.438000 30.801500
v -4.084000 18.243601 30.357000
v -4.084000 14.364500 31.682699
v -9.411600 18.920000 20.690399
v -9.411600 18.927500 19.480600
v -9.411600 17.176901 19.480600
v -9.411600 17.920000 21.357100
v -9.411600 18.925600 18.607100
v -9.411600 19.475599 18.699800
v -9.411600 20.031200 18.523701
v -9.411600 20.036400 19.480600
v -9.411600 20.952900 21.690399
v -9.411600 20.036699 20.701500
v -9.411600 17.164400 19.299999
v -9.411600 17.413700 18.839399
v -9.411600 17.920000 17.801500
v -9.394800 23.856600 19.491699
v -9.411600 20.952900 18.079201
v -4.084000 18.925600 18.607000
v -4.084000 18.922899 19.480600
v -4.084000 14.396200 19.480600
v -4.084000 17.920099 17.801500
v -4.084000 18.920099 20.690399
v -4.084000 20.952900 21.690399
v -4.084000 20.031200 18.523701
v -4.084000 23.856600 19.491699
v -4.084000 19.475599 18.699800
v -10.012600 7.433800 19.480600
v -3.467100 7.440900 12.815400
v -3.467100 7.433600 19.480600
v -3.467100 7.429500 22.940399
v -10.012600 7.429500 22.940399
v -3.467100 12.815900 19.488701
v -10.012600 12.815900 19.488701
v -10.012600 7.440900 12.815400
v -9.411600 17.642300 29.746000
v -9.411600 15.449100 19.480600
v -9.411600 14.396200 19.480600
v -4.084000 20.952900 18.079300
v -7.053100 7.848900 -16.495399
v -7.053100 7.848900 -15.225400
v -7.053100 8.295200 -16.413099
v -7.053100 7.453400 -14.813700
v -7.053100 7.453400 -16.907101
v -7.053100 7.848900 -16.907101
v -6.563700 7.453400 -16.907101
v -6.563700 7.848900 -16.495399
v -6.563700 7.453400 -14.813700
v -6.563700 7.848900 -15.225400
v -6.563700 8.295200 -16.413099
v -6.563700 8.295200 -15.307700
v -7.053100 8.295200 -15.307700
v -6.563700 7.848900 -16.907101
v -7.053100 7.848900 -14.813700
v -6.563700 7.848900 -14.813700
v -5.919100 15.504000 5.717100
v -8.350900 15.504000 5.717100
v -8.350900 15.519000 14.778000
v -9.158200 7.482100 31.682699
v -10.012600 8.639800 25.127800
v -9.158200 7.430900 25.127800
v -10.012600 8.690900 31.682699
v -4.321500 7.430900 25.127800
v -3.467100 8.690900 31.682699
v -4.321500 7.482100 31.682699
v -3.467100 8.639700 25.127899
v -10.012600 8.156800 23.804001
v -9.158200 7.430500 23.804001
v -4.321500 7.430500 23.804001
v -3.467100 8.156800 23.804001
v -6.830000 13.560200 -1.289300
v -7.494300 13.439800 -0.529900
v -7.494300 13.439800 -1.289300
v -6.830000 13.560300 -0.529900
v -7.590300 13.711200 -1.289300
v -6.830000 13.849000 -0.529900
v -6.830000 13.849100 -1.289300
v -7.590300 13.711200 -0.529900
v -6.830000 13.849100 63.291401
v -7.590300 13.711200 62.929798
v -7.590300 13.711200 63.291401
v -6.830000 13.849000 62.929798
v -7.494300 13.439800 63.291401
v -6.830000 13.560300 62.929798
v -6.830000 13.560200 63.291401
v -7.494300 13.439800 62.929798
v -8.078500 13.092900 -0.529900
v -8.078400 13.093000 -1.289300
v -8.258900 13.314100 -1.289300
v -8.258900 13.314200 -0.529900
v -8.258900 13.314200 62.929798
v -8.258900 13.314100 63.291401
v -8.078400 13.093000 63.291401
v -8.078500 13.092900 62.929798
v -8.512000 12.561500 -0.529900
v -8.512000 12.561500 -1.289300
v -8.755200 12.705900 -1.289300
v -8.755200 12.705900 -0.529900
v -8.755200 12.705900 62.929798
v -8.755200 12.705900 63.291401
v -8.512000 12.561500 63.291401
v -8.512000 12.561500 62.929798
v -8.742700 11.909600 -0.529900
v -8.742700 11.909600 -1.289300
v -9.019300 11.959800 -1.289300
v -9.019300 11.959800 -0.529900
v -9.019300 11.959800 62.929798
v -9.019300 11.959800 63.291401
v -8.742700 11.909600 63.291401
v -8.742700 11.909600 62.929798
v -8.742700 11.215900 -0.529900
v -8.742700 11.215900 -1.289300
v -9.019300 11.165700 -1.289300
v -9.019300 11.165700 -0.529900
v -9.019300 11.165700 62.929798
v -9.019300 11.165700 63.291401
v -8.742700 11.215900 63.291401
v -8.742700 11.215900 62.929798
v -8.512000 10.564000 -0.529900
v -8.512000 10.564000 -1.289300
v -8.755200 10.419600 -1.289300
v -8.755200 10.419600 -0.529900
v -8.755200 10.419600 62.929798
v -8.755200 10.419600 63.291401
v -8.512000 10.564000 63.291401
v -8.512000 10.564000 62.929798
v -8.078500 10.032600 -0.529900
v -8.078400 10.032500 -1.289300
v -8.258900 9.811300 -1.289300
v -8.258900 9.811300 -0.529900
v -8.258900 9.811300 62.929798
v -8.258900 9.811300 63.291401
v -8.078400 10.032500 63.291401
v -8.078500 10.032500 62.929798
v -7.494300 9.685700 -0.529900
v -7.494300 9.685700 -1.289300
v -7.590300 9.414300 -1.289300
v -7.590300 9.414300 -0.529900
v -7.590300 9.414300 62.929798
v -7.590300 9.414300 63.291401
v -7.494300 9.685700 63.291401
v -7.494300 9.685700 62.929798
v -6.830000 9.565200 -0.529900
v -6.830000 9.565200 -1.289300
v -6.830000 9.276400 -1.289300
v -6.830000 9.276400 -0.529900
v -6.830000 9.276400 62.929798
v -6.830000 9.276400 63.291401
v -6.830000 9.565200 63.291401
v -6.830000 9.565200 62.929798
v -6.165700 9.685700 -0.529900
v -6.165800 9.685700 -1.289300
v -6.069700 9.414300 -1.289300
v -6.069700 9.414300 -0.529900
v -6.069700 9.414300 62.929798
v -6.069700 9.414300 63.291401
v -6.165800 9.685700 63.291401
v -6.165700 9.685700 62.929798
v -5.581600 10.032500 -0.529900
v -5.581600 10.032500 -1.289300
v -5.401100 9.811300 -1.289300
v -5.401100 9.811300 -0.529900
v -5.401100 9.811300 62.929798
v -5.401100 9.811300 63.291401
v -5.581600 10.032500 63.291401
v -5.581600 10.032500 62.929798
v -5.148000 10.564000 -0.529900
v -5.148000 10.564000 -1.289300
v -4.904800 10.419600 -1.289300
v -4.904800 10.419600 -0.529900
v -4.904800 10.419600 62.929798
v -4.904800 10.419600 63.291401
v -5.148000 10.564000 63.291401
v -5.148000 10.564000 62.929798
v -4.917300 11.215900 -0.529900
v -4.917300 11.215900 -1.289300
v -4.640800 11.165700 -1.289300
v -4.640800 11.165700 -0.529900
v -4.640800 11.165700 62.929798
v -4.640800 11.165700 63.291401
v -4.917300 11.215900 63.291401
v -4.917300 11.215900 62.929798
v -4.917300 11.909600 -0.529900
v -4.917300 11.909600 -1.289300
v -4.640800 11.959800 -1.289300
v -4.640800 11.959800 -0.529900
v -4.640800 11.959800 62.929798
v -4.640800 11.959800 63.291401
v -4.917300 11.909600 63.291401
v -4.917300 11.909600 62.929798
v -5.148000 12.561500 -0.529900
v -5.148000 12.561500 -1.289300
v -4.904800 12.705900 -1.289300
v -4.904800 12.705900 -0.529900
v -4.904800 12.705900 62.929798
v -4.904800 12.705900 63.291401
v -5.148000 12.561500 63.291401
v -5.148000 12.561500 62.929798
v -5.581600 13.092900 -0.529900
v -5.581600 13.093000 -1.289300
v -5.401100 13.314100 -1.289300
v -5.401100 13.314200 -0.529900
v -5.401100 13.314200 62.929798
v -5.401100 13.314100 63.291401
v -5.581600 13.093000 63.291401
v -5.581600 13.092900 62.929798
v -6.165700 13.439800 -0.529900
v -6.165800 13.439800 -1.289300
v -6.069700 13.711200 -1.289300
v -6.069700 13.711200 -0.529900
v -6.069700 13.711200 62.929798
v -6.069700 13.711200 63.291401
v -6.165800 13.439800 63.291401
v -6.165700 13.439800 62.929798
v -4.370400 14.378400 -0.585900
v -4.084000 14.378400 -0.585900
v -9.395700 14.378400 -0.585900
v -8.279500 14.378400 -0.585900
v -3.467100 5.757600 -0.582700
v -10.012600 5.757600 -0.582700
v -10.012600 12.824800 -0.591200
v -3.467100 12.824800 -0.591300
v -4.802800 -0.824300 -15.533200
v -10.012600 -3.724900 -16.679199
v -3.467100 -3.724900 -16.679199
v -8.676900 -0.824300 -15.533300
v -3.467100 -3.131200 -18.348101
v -10.012600 -3.131200 -18.348101
v -4.084000 18.975599 -0.603800
v -4.370400 19.761200 -0.579200
v -4.084000 19.761200 -0.579200
v -4.084000 20.421000 -0.592000
v -4.370400 20.421000 -0.592000
v -5.919100 15.269700 15.196700
v -8.350900 15.219800 18.881300
v -5.919100 15.219800 18.881300
v -8.350900 15.269700 15.196700
v -5.919100 17.413799 18.839399
v -8.350900 17.413799 15.364200
v -5.919100 17.413799 15.364200
v -8.350900 17.413799 18.839399
v -5.919100 15.469100 19.299999
v -8.350900 17.164400 19.299999
v -5.919100 17.164400 19.299999
v -8.350900 15.469100 19.299999
v -5.919100 15.519000 14.778000
v -8.350900 17.014799 14.694300
v -5.919100 17.014799 14.694300
v -5.919100 16.984900 4.902800
v -4.441900 15.504000 5.717100
v -4.441900 16.984900 4.902800
v -8.350900 16.984900 4.902800
v -4.441900 14.376500 4.678100
v -8.350900 14.698100 5.276100
v -4.441900 14.698100 5.276100
v -8.958100 14.376500 4.678100
v -8.350900 15.069200 5.570300
v -4.441900 15.069200 5.570300
v -8.958100 14.365800 1.598500
v -4.441900 14.365800 1.598500
v -8.350900 19.825300 4.895900
v -4.441900 19.825300 4.895900
v -8.350900 20.425301 4.210200
v -4.441900 20.425301 4.210200
v -8.279500 20.421000 -0.592000
v -9.411600 15.219800 18.881300
v -9.411600 15.269700 15.196700
v -9.411600 17.413700 15.364200
v -9.411600 15.469100 19.299999
v -9.411600 15.519000 14.778000
v -9.411600 17.014799 14.694300
v -9.411600 15.504100 5.717100
v -9.411600 16.984900 4.902800
v -9.411600 14.698100 5.276100
v -9.411600 14.376600 4.678100
v -9.411600 15.069100 5.570300
v -9.467100 14.365800 1.598500
v -9.411600 19.825300 4.895900
v -9.411600 20.425301 4.210200
v -9.411600 20.421000 -0.592000
v -8.954300 0.650200 4.681800
v -10.031200 2.463000 4.701400
v -8.915000 2.463000 4.701400
v -8.915000 2.383400 1.595500
v -10.031200 2.383400 1.595500
v -8.954300 0.650200 1.611400
v -10.067100 5.966900 4.706900
v -8.950900 5.966900 4.706900
v -8.950900 5.966900 1.584100
v -10.067100 5.966900 1.584100
v -10.067100 6.687900 4.721000
v -8.198100 6.687900 4.721000
v -8.198100 6.678700 1.584100
v -10.067100 6.678700 1.584100
v -10.067100 7.501800 4.714000
v -8.950900 7.501800 4.714000
v -8.950900 7.494300 1.607400
v -10.067100 7.494300 1.607300
v -10.067100 12.791300 4.671300
v -8.950900 12.791300 4.671300
v -8.950900 12.802100 1.593000
v -10.067100 12.802000 1.593000
v -9.411600 25.074800 3.690400
v -9.411600 20.420000 9.023700
v -9.411600 24.940901 -0.559600
v -9.411600 18.981100 9.023700
v -9.411600 18.253401 9.718100
v -9.411600 14.364500 6.634800
v -10.012600 2.424100 7.315400
v -10.012600 12.815900 6.648700
v -10.012600 2.421100 -0.549900
v -8.938200 0.597100 5.971600
v -8.938200 0.632200 0.791000
v -8.938200 -0.872100 4.688500
v -8.938200 -0.826700 1.607300
v -8.645500 19.452499 -33.545898
v -8.643900 18.485500 -36.699902
v -8.644000 18.596600 -36.699902
v -8.643900 19.341400 -33.545898
v -9.841700 18.596600 -36.699902
v -10.087000 19.341400 -33.545898
v -9.916100 19.452499 -33.545898
v -10.012600 18.485500 -36.699902
v -4.835800 18.596600 -36.699799
v -4.835700 19.341400 -33.545898
v -4.835800 19.452499 -33.545898
v -4.835700 18.485500 -36.699799
v -3.638000 18.596600 -36.699799
v -3.467100 18.485500 -36.699902
v -3.638000 19.452499 -33.545898
v -3.467100 19.341400 -33.545898
v -4.835700 20.864799 -30.707199
v -4.835800 20.976000 -30.707300
v -3.638000 20.975901 -30.707300
v -3.467100 20.864799 -30.707300
v -4.835700 22.531300 -28.594801
v -4.835800 22.642401 -28.594801
v -3.638000 22.642401 -28.594801
v -3.467100 22.531300 -28.594801
v -8.644000 23.789200 -27.596100
v -8.643900 22.031300 -28.166201
v -8.644000 22.142401 -28.166201
v -8.643900 23.678101 -27.596100
v -9.868000 22.142401 -28.166201
v -10.012600 23.678101 -27.596100
v -9.841700 23.789200 -27.596100
v -10.038900 22.031300 -28.166201
v -4.835700 23.678101 -27.596100
v -4.835800 23.789200 -27.596100
v -3.638000 23.789301 -27.596100
v -3.467100 23.678101 -27.596100
v -8.644000 24.864500 -26.747101
v -8.643900 24.753401 -26.747101
v -9.841700 24.864500 -26.747101
v -10.012600 24.753401 -26.747101
v -4.835700 24.753401 -26.747101
v -4.835800 24.864500 -26.747101
v -3.638000 24.864500 -26.747101
v -3.467100 24.753401 -26.747101
v -9.841700 18.560400 -38.753502
v -10.012600 18.449301 -38.753502
v -3.638000 18.560400 -38.753502
v -3.467100 18.449301 -38.753502
v -10.012600 25.253401 -26.372101
v -3.467100 25.253401 -26.372101
v -8.644000 18.305201 -36.699902
v -8.644000 16.591400 -33.545898
v -8.644000 18.186100 -33.545898
v -8.644000 16.092600 -36.699902
v -4.835800 18.305201 -36.699799
v -4.835800 16.092699 -36.699799
v -4.835800 18.186100 -33.545898
v -4.835800 16.591400 -33.545898
v -4.835800 17.543400 -31.028700
v -4.835800 18.781300 -29.201900
v -8.644000 18.781300 -29.201900
v -8.644000 20.785299 -27.167500
v -4.835800 20.785299 -27.167500
v -8.644000 22.646299 -25.711399
v -4.835800 22.646299 -25.711399
v -3.467100 25.299200 -20.609600
v -5.439300 25.689699 -20.601299
v -3.467100 26.795601 -20.601299
v -10.012600 25.299200 -20.609600
v -10.012600 26.795700 -20.601299
v -8.040400 25.689699 -20.601299
v -8.040400 26.795700 -20.601299
v -5.439300 26.795700 -20.601299
v -8.948400 -8.592700 -12.526800
v -8.960300 -7.932900 -14.320500
v -4.530900 -8.592700 -12.526800
v -4.516200 -7.937100 -14.315400
v -8.960300 -7.101500 -15.914800
v -4.516200 -7.106500 -15.924800
v -8.962100 -5.855800 -17.252199
v -4.516200 -5.846500 -17.257299
v -4.530900 -7.656800 -12.523600
v -8.960300 -6.584400 -15.029100
v -8.948400 -7.656800 -12.523600
v -4.516200 -6.587700 -15.048400
v -8.962100 -5.250100 -16.218599
v -4.516200 -5.244200 -16.212700
v -9.510700 -4.536100 -16.595100
v -3.968200 -4.531900 -16.586700
v -10.012600 -4.594400 -18.176800
v -3.467100 -4.594400 -18.176800
v -13.372900 11.987800 -19.679399
v -10.120700 22.041901 -19.864599
v -13.372900 20.249800 -19.864599
v -10.111100 10.190100 -19.679399
v -13.372900 11.987800 -21.568399
v -10.111100 10.190100 -21.568399
v -13.372900 20.275600 -21.605301
v -10.111100 22.078899 -21.605301
v -0.520600 20.249800 -19.864599
v -3.368600 10.190100 -19.679399
v -0.520600 11.987800 -19.679399
v -3.368600 22.041901 -19.864599
v -3.368600 10.190100 -21.568399
v -0.520600 11.987800 -21.568399
v -0.520600 20.275600 -21.605301
v -3.368600 22.078899 -21.605301
v -10.012600 22.041901 -19.864599
v -10.012600 10.190100 -19.679399
v -10.111100 8.976600 -19.740400
v -10.012600 8.976600 -19.740400
v -10.111100 8.897100 -20.490400
v -10.012600 8.897100 -20.490400
v -10.111100 8.897100 -22.462601
v -10.012600 8.897100 -22.462601
v -10.012600 22.799999 -19.858101
v -10.111100 22.799999 -19.858101
v -10.012600 22.763000 -20.753500
v -10.111100 22.763000 -20.753500
v -10.012600 22.505899 -22.622801
v -10.111100 22.505899 -22.622801
v -10.111100 9.297100 -22.990400
v -10.012600 9.297100 -22.990400
v -10.114100 22.153000 -23.152201
v -10.015500 22.153000 -23.152201
v -3.467100 10.190000 -19.679399
v -3.467100 22.041901 -19.864599
v -3.368600 8.976600 -19.740400
v -3.467100 8.897100 -20.490400
v -3.368600 8.897100 -20.490400
v -3.467100 8.976500 -19.740400
v -3.467100 8.897100 -22.462700
v -3.368600 8.897100 -22.462601
v -3.368600 22.799999 -19.858101
v -3.467100 22.800100 -19.858101
v -3.368600 22.763000 -20.753500
v -3.467100 22.763000 -20.753500
v -3.368600 22.505899 -22.622801
v -3.467100 22.505899 -22.622801
v -3.467100 9.297100 -22.990400
v -3.368600 9.297100 -22.990400
v -3.365500 22.153000 -23.152201
v -3.464100 22.153000 -23.152201
v -8.040400 26.791500 -18.609600
v -8.040400 25.685600 -18.609600
v -5.439300 25.685600 -18.609600
v -5.439300 26.791500 -18.609600
v -8.052900 26.787399 -17.676300
v -8.052900 25.681400 -17.676300
v -5.426800 25.681400 -17.676300
v -5.426700 26.787399 -17.676300
v -8.052900 26.795700 -11.818000
v -8.052900 25.689699 -11.818000
v -5.426800 25.689699 -11.818000
v -5.426700 26.795700 -11.818000
v -8.052900 26.339100 -8.543000
v -8.052900 25.653299 -8.543000
v -5.426800 25.653299 -8.543000
v -5.426700 26.339100 -8.543000
v -8.052900 25.664101 -0.585900
v -8.052900 24.978399 -0.585900
v -5.426800 24.978399 -0.585900
v -5.426700 25.664101 -0.585900
v -8.052900 25.074800 3.690400
v -8.052900 24.603399 3.690400
v -5.426800 24.603399 3.690400
v -5.426700 25.074800 3.690400
v -8.052900 23.920000 6.801500
v -5.426700 23.920000 6.801500
v -10.012600 26.791500 -18.609600
v -3.467100 26.791500 -18.609600
v -9.411600 26.787399 -17.676300
v -4.084000 26.787300 -17.676300
v -9.411600 26.795700 -11.818000
v -4.084000 26.795601 -11.818000
v -9.411600 26.339100 -8.543000
v -4.084000 26.339100 -8.543000
v -9.411600 25.664101 -0.585900
v -4.084000 25.664101 -0.585900
v -4.084000 25.074800 3.690400
v -9.411600 23.920000 6.801500
v -4.084000 23.920099 6.801500
v -4.541500 -0.826700 1.607400
v -4.541500 0.632200 0.791000
v -4.541500 0.597100 5.971600
v -4.541500 -0.872100 4.688500
v -4.544300 -2.053900 1.941800
v -8.935400 -2.054000 1.941800
v -8.935400 -2.054000 3.987300
v -4.544300 -2.053900 3.987200
v -4.544300 -3.535000 1.854700
v -8.935400 -3.535000 1.854700
v -8.935400 -3.535000 2.971000
v -4.544300 -3.535000 2.971000
v -4.533900 -5.201700 1.104700
v -8.945900 -5.201700 1.104700
v -8.945900 -5.236100 2.114700
v -4.533900 -5.236200 2.114700
v -4.533900 -6.326700 0.146300
v -8.945900 -6.326700 0.146300
v -8.945900 -7.016300 0.811500
v -4.533900 -7.016300 0.811600
v -8.944500 -8.576700 -2.100500
v -4.535200 -8.576700 -2.100500
v -4.535200 -7.660000 -2.103700
v -8.944500 -7.660000 -2.103700
v -3.467100 2.291800 -12.117300
v -10.012600 2.291900 -12.117300
v -10.012600 -3.704200 -20.690001
v -3.467100 -3.704100 -20.690001
v -10.012600 -2.159500 -23.475700
v -3.467100 -3.847000 -23.475700
v -10.012600 -3.847000 -23.475700
v -3.467100 -2.159500 -23.475700
v -10.012600 -0.670500 -24.211100
v -3.467100 -0.670500 -24.211000
v -10.012600 2.211900 -25.269800
v -3.467100 2.211800 -25.269800
v -10.012600 4.505900 -26.622801
v -3.467100 4.505900 -26.622801
v -10.012600 5.203000 -27.075701
v -3.467100 5.203000 -27.075701
v -10.012600 17.115999 -39.383099
v -3.467100 17.115999 -39.383099
v -8.644000 17.543400 -31.028700
v -10.012600 25.378401 -25.809601
v -3.467100 25.378401 -25.809601
v -10.012600 24.153000 -19.855900
v -3.467100 25.286699 -18.605499
v -10.012600 25.286699 -18.605499
v -3.467100 24.153000 -19.855900
v -10.012600 7.484100 -19.809601
v -3.467100 7.484200 -19.809601
v -4.084000 25.286699 -17.676300
v -9.411600 25.286699 -17.676300
v -4.084000 25.220100 -11.809600
v -9.411600 25.220100 -11.809600
v -4.084000 25.220100 -8.547100
v -9.411600 25.220100 -8.547100
v -4.084000 24.940901 -0.559600
v -3.467100 2.457700 -3.247100
v -10.012600 2.457600 -3.247100
v -10.012600 5.707600 -3.184600
v -3.467100 6.273400 -3.569600
v -10.012600 6.273400 -3.569600
v -3.467100 5.707700 -3.184600
v -3.467100 6.753400 -3.609600
v -10.012600 6.753400 -3.609600
v -3.467100 7.113400 -3.009600
v -10.012600 7.113400 -3.009600
v -3.467100 7.488700 -3.015500
v -10.012600 7.488700 -3.015500
v -3.467100 2.421100 -0.549900
v -3.467100 2.424100 7.315400
v -3.467100 6.003400 10.065400
v -10.012600 6.003400 10.065400
v -4.084000 20.420099 9.023700
v -4.084000 18.981199 9.023700
v -4.084000 18.253401 9.718100
v -4.084000 20.952900 9.801500
v -9.411600 20.952900 9.801500
v -4.084000 17.920099 21.357000
v -4.084000 17.642300 29.745899
v -9.411600 18.243500 30.357100
v -9.411600 20.382401 30.301500
v -9.411600 19.438000 30.801500
v -4.084000 20.360201 33.505501
v -4.084000 18.193600 33.484100
v -9.411600 17.086700 43.039700
v -4.084000 17.031200 34.373001
v -9.411600 17.031200 34.373100
v -4.084000 17.086700 43.039700
v -4.084000 17.475599 33.817501
v -9.411600 17.475599 33.817402
v -4.084000 20.778999 33.979900
v -9.411600 20.779100 33.979900
v -4.084000 20.952900 34.582401
v -9.411600 20.952900 34.582401
v -9.411600 23.823200 40.684799
v -9.411600 20.952900 43.095200
v -9.411600 18.031200 43.761902
v -4.084000 18.031200 43.761902
v -9.411600 19.142300 44.039700
v -4.084000 19.142300 44.039700
v -9.411600 20.142300 43.706299
v -4.084000 20.142300 43.706402
v -10.012600 2.324800 -23.452499
v -9.381400 3.574800 -22.131001
v -10.012600 4.714900 -23.540400
v -10.012600 4.717700 -21.131001
v -10.012600 -0.015900 -21.732700
v -9.131700 2.366800 -20.458700
v -10.012600 4.599500 -19.078899
v -10.012600 -1.389500 -20.202499
v -8.993800 1.396200 -18.916800
v -10.012600 4.110500 -17.452499
v -8.927600 0.175700 -17.031700
v -10.012600 3.522600 -15.386500
v -10.012600 5.586700 -19.076300
v -10.012600 6.586700 -19.142900
v -10.012600 7.022600 -19.694300
v -10.012600 7.747100 -20.390400
v -10.012600 23.645399 -20.709999
v -10.012600 12.815900 31.682699
v -9.411600 22.159599 40.684799
v -3.467100 4.714900 -23.540400
v -4.098200 3.574800 -22.131100
v -3.467100 2.324800 -23.452499
v -3.467100 4.717700 -21.131100
v -4.347900 2.366700 -20.458700
v -3.467100 -0.015800 -21.732700
v -3.467100 4.599500 -19.078899
v -4.485900 1.396200 -18.916800
v -3.467100 -1.389500 -20.202499
v -3.467100 4.110500 -17.452499
v -4.552000 0.175700 -17.031700
v -3.467100 3.522600 -15.386600
v -3.467100 5.586700 -19.076300
v -3.467100 6.586700 -19.143000
v -3.467100 7.022600 -19.694201
v -3.467100 7.747100 -20.390400
v -3.467100 23.645399 -20.709900
v -3.467100 12.815900 3.627900
v -3.467100 12.815900 6.648700
v -3.467100 12.815900 31.682699
v -4.084000 14.378400 3.627900
v -4.084000 14.364500 6.634800
v -9.957300 21.262899 -29.170799
v -10.051400 21.143900 -29.160200
v -9.980500 20.455000 -30.197300
v -10.074600 20.343901 -30.197300
v -10.008400 19.542700 -31.814199
v -10.102500 19.422400 -31.839100
v -8.644500 20.450399 -30.200800
v -8.642800 21.261499 -29.168699
v -8.644500 19.544399 -31.818399
v -8.639200 21.145201 -29.155500
v -8.639200 20.353500 -30.188601
v -8.639200 19.415800 -31.834299
v -3.458400 22.917101 40.685799
v -4.346100 23.861500 38.980900
v -4.346100 23.861500 40.685799
v -3.458400 22.917101 38.980900
v -9.257200 23.861500 38.980900
v -9.177900 23.861500 40.685799
v -10.060100 22.917101 40.685799
v -10.060100 22.917101 38.980900
v -3.458400 22.917101 36.591301
v -4.346100 23.861500 34.886299
v -4.346100 23.861500 36.591301
v -3.458400 22.917101 34.886299
v -9.257200 23.861500 34.886299
v -9.177900 23.861500 36.591301
v -10.060100 22.917101 36.591301
v -10.060100 22.917101 34.886299
v -3.458400 22.917101 32.647900
v -4.346100 23.861500 30.942900
v -4.346100 23.861500 32.647900
v -3.458400 22.917101 30.942900
v -9.257200 23.861500 30.942900
v -9.177900 23.861500 32.647900
v -10.060100 22.917101 32.647900
v -10.060100 22.917101 30.942900
v -3.458400 22.917101 28.726400
v -4.346100 23.861500 27.021400
v -4.346100 23.861500 28.726400
v -3.458400 22.917101 27.021400
v -9.257200 23.861500 27.021400
v -9.177900 23.861500 28.726400
v -10.060100 22.917101 28.726400
v -10.060100 22.917101 27.021400
v -3.458400 22.917101 24.835300
v -4.346100 23.861500 23.130301
v -4.346100 23.861500 24.835300
v -3.458400 22.917101 23.130301
v -9.257200 23.861500 23.130301
v -9.177900 23.861500 24.835300
v -10.060100 22.917101 24.835300
v -10.060100 22.917101 23.130301
v -3.458400 22.917101 21.188200
v -4.346100 23.861500 19.483200
v -4.346100 23.861500 21.188200
v -3.458400 22.917101 19.483200
v -9.257200 23.861500 19.483200
v -9.177900 23.861500 21.188200
v -10.060100 22.917101 21.188200
v -10.060100 22.917101 19.483200
v -9.428000 22.152399 19.482500
v -4.089900 22.152399 19.482500
v -4.089900 22.152399 40.693001
v -9.428000 22.152399 40.693001
v -10.047200 22.941799 40.693001
v -3.470800 22.941799 40.693001
v -3.470800 22.941799 19.482500
v -10.047200 22.941799 19.482500
v -4.293200 5.441800 36.561699
v -4.293200 5.441800 33.356701
v -3.820900 6.368600 36.561699
v -3.820900 6.368600 33.356701
v -9.094800 5.441800 36.561699
v -9.173600 5.441800 33.356701
v -9.567200 6.368600 36.561699
v -9.567200 6.368600 33.356701
v -4.283100 7.512700 62.924400
v -4.283100 6.768300 62.927700
v -4.293200 6.790300 46.351799
v -4.293200 7.534700 46.348598
v -3.810800 6.347700 62.927700
v -3.820900 6.369700 46.351799
v -9.557100 6.347700 62.927700
v -9.567200 6.369700 46.351799
v -9.163500 6.768300 62.927700
v -9.173600 6.790300 46.351799
v -9.163500 7.512700 62.934101
v -9.173600 7.534700 46.358200
v -4.371900 7.552200 22.861500
v -4.371900 6.780300 25.461500
v -3.978300 6.241500 26.495399
v -9.645900 6.241500 26.495399
v -9.252300 7.552200 22.861500
v -9.252300 6.780300 25.461500
v -4.293200 5.441800 62.919800
v -4.293200 5.441800 60.231602
v -3.820900 6.368600 62.919800
v -3.820900 6.368600 60.231602
v -9.094800 5.441800 62.919800
v -9.094800 5.441800 60.231602
v -9.567200 6.368600 62.929501
v -9.567200 6.368600 60.231602
v -4.293200 5.441800 56.221699
v -4.293200 5.441800 53.637001
v -3.820900 6.368600 56.221699
v -3.820900 6.368600 53.637001
v -9.094800 5.441800 56.221699
v -9.173600 5.441800 53.637001
v -9.567200 6.368600 56.221699
v -9.567200 6.368600 53.637001
v -4.293200 5.441800 49.680901
v -4.371900 5.441800 46.790699
v -3.899600 6.368600 49.680901
v -3.899600 6.368600 46.790699
v -9.173600 5.441800 49.680901
v -9.173600 5.441800 46.785999
v -9.645900 6.368600 49.680901
v -9.645900 6.368600 46.785999
v -4.293200 5.441800 43.094898
v -4.293200 5.441800 39.889900
v -3.820900 6.368600 43.094898
v -3.820900 6.368600 39.889900
v -9.094800 5.441800 43.094898
v -9.173600 5.441800 39.889900
v -9.567200 6.368600 43.094898
v -9.567200 6.368600 39.889900
v -4.293200 5.441800 30.320900
v -4.371900 5.441800 26.913700
v -3.899600 6.368600 30.320900
v -3.899600 6.368600 26.913700
v -9.173600 5.441800 30.320900
v -9.173600 5.441800 26.909000
v -9.645900 6.368600 30.320900
v -9.645900 6.368600 26.909000
v -4.937800 21.815800 -30.119900
v -4.937800 21.608601 -30.545700
v -5.119700 21.803600 -30.295000
v -5.119700 21.602501 -30.633499
v -4.937800 21.200300 -31.309999
v -5.119700 21.188101 -31.485100
v -4.937800 20.508499 -32.318100
v -5.119700 20.401800 -32.575401
v -4.937800 19.487499 -32.951199
v -5.119700 19.380800 -33.207802
v -4.937800 18.167700 -32.769901
v -5.119700 18.054899 -33.114399
v -4.937800 16.972700 -32.069000
v -5.119700 16.866100 -32.326302
v -8.392400 21.803600 -30.295000
v -8.392400 21.602501 -30.633499
v -8.574300 21.815800 -30.119900
v -8.574300 21.608601 -30.545700
v -8.392400 21.188101 -31.485100
v -8.574300 21.200300 -31.309999
v -8.392400 20.401800 -32.575401
v -8.574300 20.508499 -32.318100
v -8.392400 19.380800 -33.207802
v -8.574300 19.487499 -32.951199
v -8.392400 18.054899 -33.114399
v -8.574300 18.167700 -32.769901
v -8.392400 16.866100 -32.326302
v -8.574300 16.972700 -32.069000
v -4.937800 23.062000 -26.243000
v -4.937800 25.604300 -28.007900
v -4.937800 25.918200 -27.325399
v -4.937800 25.461201 -28.790800
v -4.937800 25.318100 -29.573400
v -4.937800 22.593201 -30.438900
v -4.937800 22.327900 -30.420200
v -4.937800 22.081100 -30.138599
v -4.937800 16.966000 -27.047001
v -8.574300 23.062000 -26.243000
v -8.574300 16.966000 -27.047001
v -8.574300 22.081100 -30.138599
v -8.574300 22.327900 -30.420200
v -8.574300 22.593201 -30.438900
v -8.574300 25.318100 -29.573400
v -8.574300 25.461201 -28.790800
v -8.574300 25.604300 -28.007900
v -8.574300 25.918200 -27.325399
v -8.574300 25.275499 -30.187300
v -8.574300 25.488701 -29.673901
v -8.574300 25.458300 -30.111900
v -8.574300 25.138399 -30.882601
v -8.574300 25.321199 -30.807301
v -8.574300 25.440001 -30.375200
v -4.937800 25.284700 -31.333500
v -5.119700 25.360901 -31.514999
v -5.119700 22.669399 -30.620399
v -5.119700 22.410400 -30.514200
v -5.119700 22.068899 -30.313700
v -8.392400 25.360901 -31.514999
v -8.392400 22.669399 -30.620399
v -8.574300 25.284700 -31.333500
v -8.392400 22.410400 -30.514200
v -8.392400 22.068899 -30.313700
v -5.119700 26.012699 -27.243900
v -5.119700 23.074200 -26.067499
v -5.119700 16.883699 -26.953199
v -8.392400 26.012699 -27.243900
v -8.392400 23.074200 -26.067499
v -8.392400 16.883699 -26.953199
v -4.937800 25.302900 -31.070400
v -4.937800 25.138399 -30.882601
v -4.937800 25.275499 -30.187300
v -8.392400 25.351601 -30.368999
v -8.392400 25.516300 -30.556601
v -5.119700 25.516300 -30.556601
v -5.119700 25.351601 -30.368999
v -8.392400 25.214600 -31.064199
v -8.392400 25.385201 -31.164200
v -5.119700 25.385201 -31.164200
v -5.119700 25.214600 -31.064199
v -8.392400 25.698900 -27.926600
v -5.119700 25.698900 -27.926600
v -5.119700 25.857300 -28.202101
v -4.937800 25.768900 -28.195900
v -8.392400 25.400299 -29.667700
v -5.119700 25.400299 -29.667700
v -5.119700 25.571100 -29.767500
v -4.937800 25.488701 -29.673901
v -8.392400 25.571100 -29.767500
v -4.937800 25.793301 -27.845200
v -5.119700 25.881701 -27.851500
v -4.937800 25.650200 -28.627800
v -5.119700 25.738501 -28.634001
v -5.119700 25.549500 -28.797001
v -4.937800 25.625799 -28.978600
v -5.119700 25.714199 -28.984800
v -4.937800 25.500900 -29.498199
v -5.119700 25.589300 -29.504400
v -4.937800 25.458300 -30.111900
v -5.119700 25.540600 -30.205999
v -4.937800 25.440001 -30.375200
v -4.937800 25.321199 -30.807301
v -5.119700 25.403500 -30.901300
v -8.574300 25.793301 -27.845200
v -8.392400 25.881701 -27.851500
v -8.574300 25.768900 -28.195900
v -8.392400 25.857300 -28.202101
v -8.574300 25.650200 -28.627800
v -8.392400 25.549500 -28.797001
v -8.392400 25.738501 -28.634001
v -8.574300 25.625799 -28.978600
v -8.392400 25.714199 -28.984800
v -8.574300 25.500900 -29.498199
v -8.392400 25.589300 -29.504400
v -8.392400 25.540600 -30.205999
v -8.392400 25.403500 -30.901300
v -8.574300 25.302900 -31.070400
v -10.198600 23.099001 -28.260599
v -10.198600 22.928301 -28.704399
v -10.739900 23.099001 -28.260599
v -10.739900 22.928301 -28.704399
v -10.198600 21.771700 -30.049101
v -10.739900 21.771700 -30.049101
v -10.198600 20.931801 -30.765699
v -10.739900 20.931801 -30.765699
v -10.198600 19.869699 -31.791100
v -10.739900 19.869699 -31.791100
v -10.198600 19.126900 -32.842400
v -10.739900 19.126900 -32.842400
v -10.090300 18.709600 -33.854698
v -11.064700 19.053400 -33.621101
v -9.982100 18.277399 -34.342800
v -11.064700 18.277399 -34.342800
v -12.039100 18.175301 -34.194599
v -12.147400 18.073099 -34.046398
v -12.136100 18.414900 -33.667301
v -12.147400 16.828600 -31.282900
v -12.147400 16.311600 -31.489901
v -12.039100 16.752600 -31.129900
v -12.066200 16.198400 -31.331301
v -11.822600 16.725300 -31.013000
v -11.930900 16.126301 -31.230499
v -11.714300 16.731501 -30.948099
v -11.822600 16.098200 -31.186199
v -11.060600 17.018299 -30.709299
v -11.064700 16.098200 -31.186199
v -10.090300 16.731501 -30.948099
v -9.982100 16.098200 -31.186199
v -11.930900 18.230301 -34.266300
v -11.822600 18.277399 -34.342800
v -10.739900 22.874100 -27.915400
v -10.739900 22.433201 -27.814301
v -10.739900 22.037701 -27.913000
v -10.739900 21.084999 -29.143400
v -10.739900 19.971201 -30.033899
v -10.739900 19.091900 -30.485701
v -10.739900 17.829500 -30.906401
v -11.714300 18.709600 -33.854698
v -11.845100 18.657000 -33.849602
v -12.007400 18.556101 -33.795601
v -10.198600 22.037701 -27.913000
v -10.198600 21.084999 -29.143400
v -10.198600 19.971201 -30.033899
v -10.198600 19.091900 -30.485701
v -10.198600 17.829500 -30.906401
v -8.744800 22.928301 -28.704399
v -8.744800 22.037701 -27.913000
v -8.744800 21.771700 -30.049101
v -8.744800 22.433201 -27.814301
v -8.744800 22.874100 -27.915400
v -8.744800 23.099001 -28.260599
v -10.198600 22.433201 -27.814301
v -10.198600 22.874100 -27.915400
v -8.744800 21.084999 -29.143400
v -7.517800 -6.449700 -4.492300
v -7.555000 -5.097300 -6.443100
v -6.066600 -6.488700 -4.492300
v -5.995200 -5.059800 -6.443100
v -7.578400 -2.632400 -7.512900
v -6.018600 -2.594900 -7.512900
v -7.552900 -0.566200 -7.701700
v -5.994100 -0.608200 -7.701700
v -7.538200 0.625800 -7.890500
v -6.033200 0.585300 -7.890500
v -5.984400 -4.185600 -5.876700
v -7.597000 -4.142200 -5.876700
v -6.004900 -1.482300 -6.317200
v -7.511900 -1.600700 -6.317200
v -6.021500 1.538900 -5.750900
v -7.527500 1.499900 -5.750900
v -7.527500 1.499900 -8.645600
v -7.510800 2.850900 -11.288600
v -7.506900 3.168700 -3.800100
v -6.021500 1.538900 -8.645600
v -6.004800 2.889800 -11.288600
v -6.054700 3.209100 -3.800100
v -3.723800 27.547899 -22.083599
v -4.270100 27.964001 -22.083599
v -5.497100 27.900101 -22.083599
v -7.978400 27.900101 -22.083599
v -9.187200 28.006800 -22.083599
v -9.801800 27.605200 -22.083599
v -7.978400 26.800800 -22.083599
v -9.809400 25.655100 -22.083599
v -5.505800 26.800800 -22.083599
v -3.716200 25.769800 -22.083599
v -5.633700 28.088699 -22.797800
v -4.142700 28.178301 -22.797800
v -3.571300 27.660101 -22.797800
v -9.928400 27.731501 -22.797800
v -9.285600 28.231501 -22.797800
v -7.852700 28.088699 -22.797800
v -7.852700 26.731501 -22.797800
v -9.936400 25.405800 -22.797800
v -5.641500 26.731501 -22.797800
v -3.563300 25.548700 -22.797800
v -8.042000 26.754299 -14.575600
v -8.042000 25.748199 -14.575600
v -5.435000 26.754299 -14.575600
v -5.435000 25.748199 -14.575600
v -4.164300 27.010401 -20.344700
v -4.164300 25.665001 -20.344700
v -4.164300 27.010401 -22.149700
v -4.164300 25.665001 -22.149700
v -5.435000 27.010401 -22.149700
v -5.435000 25.665100 -22.149700
v -8.042000 27.010401 -22.149700
v -8.042000 25.665100 -22.149700
v -9.312800 27.010401 -22.149700
v -9.312800 25.665001 -22.149700
v -9.312800 27.010401 -20.344700
v -9.312800 25.665001 -20.344700
v -8.042000 27.010401 -20.344700
v -5.435000 27.010401 -20.344700
v -7.905700 25.404200 -20.344700
v -7.905700 25.404200 -22.149700
v -5.571300 25.404200 -20.344700
v -5.571300 25.404200 -22.149700
v -5.435000 25.665100 -20.344700
v -4.164300 27.601801 -22.149700
v -5.435000 27.601801 -22.149700
v -5.435000 27.601801 -20.919001
v -4.164300 27.601801 -20.919001
v -4.433400 25.404200 -20.344700
v -4.433400 25.404200 -22.149700
v -9.312800 27.601801 -20.919001
v -8.042000 27.601801 -20.919001
v -8.042000 27.601801 -22.149700
v -9.312800 27.601801 -22.149700
v -9.043600 25.404200 -22.149700
v -9.043600 25.404200 -20.344700
v -8.042000 25.665100 -20.344700
v -8.042000 26.754200 -20.344700
v -8.042000 25.748199 -20.344700
v -5.435000 26.754200 -20.344700
v -5.435000 25.748199 -20.344700
v -8.381700 20.669901 5.243700
v -8.381700 20.022900 5.243700
v -4.527300 20.669901 5.243700
v -4.527300 20.022900 5.243700
v -4.527300 20.669901 0.008400
v -4.527300 20.022900 0.008400
v -8.381700 20.669901 0.008400
v -8.381700 20.022900 0.008400
v -8.326800 26.125900 57.632702
v -8.326800 26.125900 60.680801
v -7.336700 26.125900 57.632702
v -7.336700 26.125900 60.680801
v -8.326800 23.809601 52.127399
v -8.326800 23.809601 61.218300
v -7.336700 23.809601 52.127399
v -7.336700 23.809601 61.218300
v -6.217100 26.125900 57.632702
v -6.217100 26.125900 60.680801
v -5.227000 26.125900 57.632702
v -5.227000 26.125900 60.680801
v -6.217100 23.809601 52.127399
v -6.217100 23.809601 61.218300
v -5.227000 23.809601 52.127399
v -5.227000 23.809601 61.218300
v -7.336000 23.801100 52.027000
v -7.336000 26.905199 60.131199
v -7.336000 26.988600 59.506199
v -7.336000 26.571899 60.610298
v -7.336000 23.801100 61.193699
v -6.213200 26.988600 59.506199
v -6.213200 26.905199 60.131100
v -6.213200 23.801100 52.026901
v -6.213200 26.571899 60.610298
v -6.213200 23.801100 61.193699
v -9.120700 19.478201 -17.965401
v -7.939100 18.972200 -17.965401
v -8.583600 19.911900 -17.965401
v -8.941700 18.502399 -17.965401
v -6.936600 18.683100 -17.965401
v -9.192300 17.418100 -17.965401
v -4.788200 17.345800 -17.965401
v -5.003000 18.430099 -17.965401
v -6.041400 18.936100 -17.965401
v -4.752400 19.405899 -17.965401
v -5.325300 19.695101 -17.965401
v -4.072100 15.611000 -17.965401
v -3.033700 16.333799 -17.965401
v -4.072100 16.659100 -17.965401
v -3.039200 15.889000 -17.965401
v -9.836800 16.695299 -17.965401
v -10.828400 16.492300 -17.965401
v -9.729400 15.755600 -17.965401
v -10.839400 16.000200 -17.965401
v -7.795900 13.406300 -17.965401
v -8.870100 13.876100 -17.965401
v -9.156500 12.791900 -17.965401
v -8.583600 12.611200 -17.965401
v -6.041400 13.442500 -17.965401
v -5.182100 12.538900 -17.965401
v -4.824000 12.936500 -17.965401
v -4.975500 13.923400 -17.965401
v -6.936600 13.623200 -17.965401
v -9.084900 15.105000 -17.965401
v -4.724800 14.971500 -17.965401
v -8.583600 19.911900 -18.538900
v -7.939100 18.972200 -18.538900
v -9.120700 19.478201 -18.538900
v -8.941700 18.502399 -18.538900
v -6.936600 18.683100 -18.538900
v -9.192300 17.418100 -18.538900
v -6.041400 18.936100 -18.538900
v -5.003000 18.430099 -18.538900
v -4.788200 17.345800 -18.538900
v -5.325300 19.695101 -18.538900
v -4.752400 19.405899 -18.538900
v -4.072100 16.659100 -18.538900
v -3.033700 16.333799 -18.538900
v -4.072100 15.611000 -18.538900
v -3.039200 15.889000 -18.538900
v -9.729400 15.755600 -18.538900
v -10.828400 16.492300 -18.538900
v -9.836800 16.695299 -18.538900
v -10.839400 16.000200 -18.538900
v -9.156500 12.791900 -18.538900
v -8.870100 13.876100 -18.538900
v -7.795900 13.406300 -18.538900
v -8.583600 12.611200 -18.538900
v -4.824000 12.936500 -18.538900
v -5.182100 12.538900 -18.538900
v -6.041400 13.442500 -18.538900
v -4.975500 13.923400 -18.538900
v -6.936600 13.623200 -18.538900
v -9.084900 15.105000 -18.538900
v -4.724800 14.971500 -18.538900
v -5.233900 16.333300 -18.540300
v -5.444900 17.145500 -18.540400
v -6.808400 16.333300 -18.540300
v -5.233900 16.333300 -18.676600
v -6.808400 16.333300 -18.676600
v -5.444900 17.145500 -18.676600
v -6.021200 17.740000 -18.540400
v -6.021200 17.740000 -18.676600
v -6.808400 17.957600 -18.540300
v -6.808400 17.957600 -18.676600
v -7.595600 17.740000 -18.540400
v -7.595600 17.740000 -18.676600
v -8.171900 17.145500 -18.540400
v -8.171900 17.145500 -18.676600
v -8.382800 16.333300 -18.540300
v -8.382800 16.333300 -18.676600
v -8.171900 15.521200 -18.540300
v -8.171900 15.521200 -18.676600
v -7.595600 14.926600 -18.540300
v -7.595600 14.926600 -18.676600
v -6.808400 14.709000 -18.540300
v -6.808400 14.709000 -18.676600
v -6.021200 14.926600 -18.540300
v -6.021200 14.926600 -18.676600
v -5.444900 15.521200 -18.540300
v -5.444900 15.521200 -18.676600
v -5.920200 16.333300 -18.664000
v -6.039200 16.774700 -18.664000
v -6.808400 16.333300 -18.664000
v -5.920200 16.333300 -18.811001
v -6.808400 16.333300 -18.811001
v -6.039200 16.774700 -18.811001
v -6.364300 17.097900 -18.664000
v -6.364300 17.097900 -18.811001
v -6.808400 17.216101 -18.664000
v -6.808400 17.216101 -18.811001
v -7.252500 17.097900 -18.664000
v -7.252500 17.097900 -18.811001
v -7.577600 16.774700 -18.664000
v -7.577600 16.774700 -18.811001
v -7.696600 16.333300 -18.664000
v -7.696600 16.333300 -18.811001
v -7.577600 15.891900 -18.664000
v -7.577600 15.891900 -18.811001
v -7.252500 15.568800 -18.664000
v -7.252500 15.568800 -18.811001
v -6.808400 15.450500 -18.664000
v -6.808400 15.450500 -18.811001
v -6.364300 15.568800 -18.664000
v -6.364300 15.568800 -18.811001
v -6.039200 15.891900 -18.664000
v -6.039200 15.891900 -18.811001
v -6.384100 16.333300 -18.809299
v -6.441000 16.566900 -18.809299
v -6.808400 16.333300 -18.809299
v -6.384100 16.333300 -18.923800
v -6.808400 16.333300 -18.923800
v -6.441000 16.566900 -18.923800
v -6.596200 16.737900 -18.809299
v -6.596200 16.737900 -18.923800
v -6.808400 16.800501 -18.809299
v -6.808400 16.800501 -18.923800
v -7.020500 16.737900 -18.809299
v -7.020500 16.737900 -18.923800
v -7.175800 16.566900 -18.809299
v -7.175800 16.566900 -18.923800
v -7.232600 16.333300 -18.809299
v -7.232600 16.333300 -18.923800
v -7.175800 16.099701 -18.809299
v -7.175800 16.099701 -18.923800
v -7.020500 15.928700 -18.809299
v -7.020500 15.928700 -18.923800
v -6.808400 15.866100 -18.809299
v -6.808400 15.866100 -18.923800
v -6.596200 15.928700 -18.809299
v -6.596200 15.928700 -18.923800
v -6.441000 16.099701 -18.809299
v -6.441000 16.099701 -18.923800
v -5.762300 17.727200 -18.927999
v -6.017900 17.727200 -18.927999
v -5.796500 17.850901 -18.927999
v -5.670200 17.727200 -18.111200
v -5.670200 17.727200 -18.825800
v -5.716800 17.895500 -18.111200
v -5.716800 17.895500 -18.825800
v -5.704100 17.727200 -18.888700
v -5.746100 17.879101 -18.888700
v -5.890100 17.941401 -18.927999
v -5.844000 18.018600 -18.825800
v -5.844000 18.018600 -18.111200
v -5.861000 17.990200 -18.888700
v -6.017900 17.974600 -18.927999
v -6.017900 18.063700 -18.111200
v -6.017900 18.063700 -18.825800
v -6.017900 18.030899 -18.888700
v -6.145700 17.941401 -18.927999
v -6.191700 18.018600 -18.825800
v -6.191700 18.018600 -18.111200
v -6.174800 17.990200 -18.888700
v -6.239200 17.850901 -18.927999
v -6.319000 17.895500 -18.111200
v -6.319000 17.895500 -18.825800
v -6.289600 17.879101 -18.888700
v -6.273500 17.727200 -18.927999
v -6.365600 17.727200 -18.825800
v -6.365600 17.727200 -18.111200
v -6.331700 17.727200 -18.888700
v -6.239200 17.603500 -18.927999
v -6.319000 17.559000 -18.111200
v -6.319000 17.559000 -18.825800
v -6.289600 17.575399 -18.888700
v -6.145700 17.513000 -18.927999
v -6.191700 17.435801 -18.825800
v -6.191700 17.435801 -18.111200
v -6.174800 17.464199 -18.888700
v -6.017900 17.479900 -18.927999
v -6.017900 17.390800 -18.111200
v -6.017900 17.390800 -18.825800
v -6.017900 17.423599 -18.888700
v -5.890100 17.513000 -18.927999
v -5.844000 17.435801 -18.825800
v -5.844000 17.435801 -18.111200
v -5.861000 17.464199 -18.888700
v -5.796500 17.603500 -18.927999
v -5.716800 17.559000 -18.111200
v -5.716800 17.559000 -18.825800
v -5.746100 17.575399 -18.888700
v -7.333700 17.739100 -18.927999
v -7.589300 17.739100 -18.927999
v -7.368000 17.862801 -18.927999
v -7.241600 17.739100 -18.111200
v -7.241600 17.739100 -18.825800
v -7.288200 17.907400 -18.111200
v -7.288200 17.907400 -18.825800
v -7.275500 17.739100 -18.888700
v -7.317600 17.891001 -18.888700
v -7.461500 17.953400 -18.927999
v -7.415500 18.030500 -18.825800
v -7.415500 18.030500 -18.111200
v -7.432400 18.002100 -18.888700
v -7.589300 17.986500 -18.927999
v -7.589300 18.075600 -18.111200
v -7.589300 18.075600 -18.825800
v -7.589300 18.042801 -18.888700
v -7.717100 17.953400 -18.927999
v -7.763200 18.030500 -18.825800
v -7.763200 18.030500 -18.111200
v -7.746200 18.002100 -18.888700
v -7.810700 17.862801 -18.927999
v -7.890400 17.907400 -18.111200
v -7.890400 17.907400 -18.825800
v -7.861100 17.891001 -18.888700
v -7.844900 17.739100 -18.927999
v -7.937000 17.739100 -18.825800
v -7.937000 17.739100 -18.111200
v -7.903100 17.739100 -18.888700
v -7.810700 17.615400 -18.927999
v -7.890400 17.570900 -18.111200
v -7.890400 17.570900 -18.825800
v -7.861100 17.587299 -18.888700
v -7.717100 17.524900 -18.927999
v -7.763200 17.447701 -18.825800
v -7.763200 17.447701 -18.111200
v -7.746200 17.476101 -18.888700
v -7.589300 17.491800 -18.927999
v -7.589300 17.402700 -18.111200
v -7.589300 17.402700 -18.825800
v -7.589300 17.435499 -18.888700
v -7.461500 17.524900 -18.927999
v -7.415500 17.447701 -18.825800
v -7.415500 17.447701 -18.111200
v -7.432400 17.476101 -18.888700
v -7.368000 17.615400 -18.927999
v -7.288200 17.570900 -18.111200
v -7.288200 17.570900 -18.825800
v -7.317600 17.587299 -18.888700
v -8.119400 16.334400 -18.927999
v -8.375000 16.334400 -18.927999
v -8.153700 16.458099 -18.927999
v -8.027300 16.334400 -18.111200
v -8.027300 16.334400 -18.825800
v -8.073900 16.502600 -18.111200
v -8.073900 16.502600 -18.825800
v -8.061200 16.334400 -18.888700
v -8.103300 16.486200 -18.888700
v -8.247200 16.548599 -18.927999
v -8.201200 16.625799 -18.825800
v -8.201200 16.625799 -18.111200
v -8.218100 16.597401 -18.888700
v -8.375000 16.581699 -18.927999
v -8.375000 16.670900 -18.111200
v -8.375000 16.670900 -18.825800
v -8.375000 16.638000 -18.888700
v -8.502800 16.548599 -18.927999
v -8.548900 16.625799 -18.825800
v -8.548900 16.625799 -18.111200
v -8.531900 16.597401 -18.888700
v -8.596400 16.458099 -18.927999
v -8.676100 16.502600 -18.111200
v -8.676100 16.502600 -18.825800
v -8.646800 16.486200 -18.888700
v -8.630600 16.334400 -18.927999
v -8.722700 16.334400 -18.825800
v -8.722700 16.334400 -18.111200
v -8.688800 16.334400 -18.888700
v -8.596400 16.210699 -18.927999
v -8.676100 16.166100 -18.111200
v -8.676100 16.166100 -18.825800
v -8.646800 16.182501 -18.888700
v -8.502800 16.120199 -18.927999
v -8.548900 16.042999 -18.825800
v -8.548900 16.042999 -18.111200
v -8.531900 16.071400 -18.888700
v -8.375000 16.087000 -18.927999
v -8.375000 15.997900 -18.111200
v -8.375000 15.997900 -18.825800
v -8.375000 16.030701 -18.888700
v -8.247200 16.120199 -18.927999
v -8.201200 16.042999 -18.825800
v -8.201200 16.042999 -18.111200
v -8.218100 16.071400 -18.888700
v -8.153700 16.210699 -18.927999
v -8.073900 16.166100 -18.111200
v -8.073900 16.166100 -18.825800
v -8.103300 16.182501 -18.888700
v -4.988500 16.334400 -18.927999
v -5.244100 16.334400 -18.927999
v -5.022700 16.458099 -18.927999
v -4.896400 16.334400 -18.111200
v -4.896400 16.334400 -18.825800
v -4.943000 16.502600 -18.111200
v -4.943000 16.502600 -18.825800
v -4.930300 16.334400 -18.888700
v -4.972300 16.486200 -18.888700
v -5.116300 16.548599 -18.927999
v -5.070200 16.625799 -18.825800
v -5.070200 16.625799 -18.111200
v -5.087200 16.597401 -18.888700
v -5.244100 16.581699 -18.927999
v -5.244100 16.670900 -18.111200
v -5.244100 16.670900 -18.825800
v -5.244100 16.638000 -18.888700
v -5.371900 16.548599 -18.927999
v -5.417900 16.625799 -18.825800
v -5.417900 16.625799 -18.111200
v -5.401000 16.597401 -18.888700
v -5.465400 16.458099 -18.927999
v -5.545200 16.502600 -18.111200
v -5.545200 16.502600 -18.825800
v -5.515800 16.486200 -18.888700
v -5.499700 16.334400 -18.927999
v -5.591800 16.334400 -18.825800
v -5.591800 16.334400 -18.111200
v -5.557900 16.334400 -18.888700
v -5.465400 16.210699 -18.927999
v -5.545200 16.166100 -18.111200
v -5.545200 16.166100 -18.825800
v -5.515800 16.182501 -18.888700
v -5.371900 16.120199 -18.927999
v -5.417900 16.042999 -18.825800
v -5.417900 16.042999 -18.111200
v -5.401000 16.071400 -18.888700
v -5.244100 16.087000 -18.927999
v -5.244100 15.997900 -18.111200
v -5.244100 15.997900 -18.825800
v -5.244100 16.030701 -18.888700
v -5.116300 16.120199 -18.927999
v -5.070200 16.042999 -18.825800
v -5.070200 16.042999 -18.111200
v -5.087200 16.071400 -18.888700
v -5.022700 16.210699 -18.927999
v -4.943000 16.166100 -18.111200
v -4.943000 16.166100 -18.825800
v -4.972300 16.182501 -18.888700
v -5.762300 14.941500 -18.927999
v -6.017900 14.941500 -18.927999
v -5.796500 15.065200 -18.927999
v -5.670200 14.941500 -18.111200
v -5.670200 14.941500 -18.825800
v -5.716800 15.109700 -18.111200
v -5.716800 15.109700 -18.825800
v -5.704100 14.941500 -18.888700
v -5.746100 15.093400 -18.888700
v -5.890100 15.155700 -18.927999
v -5.844000 15.232900 -18.825800
v -5.844000 15.232900 -18.111200
v -5.861000 15.204500 -18.888700
v -6.017900 15.188900 -18.927999
v -6.017900 15.278000 -18.111200
v -6.017900 15.278000 -18.825800
v -6.017900 15.245200 -18.888700
v -6.145700 15.155700 -18.927999
v -6.191700 15.232900 -18.825800
v -6.191700 15.232900 -18.111200
v -6.174800 15.204500 -18.888700
v -6.239200 15.065200 -18.927999
v -6.319000 15.109700 -18.111200
v -6.319000 15.109700 -18.825800
v -6.289600 15.093400 -18.888700
v -6.273500 14.941500 -18.927999
v -6.365600 14.941500 -18.825800
v -6.365600 14.941500 -18.111200
v -6.331700 14.941500 -18.888700
v -6.239200 14.817800 -18.927999
v -6.319000 14.773300 -18.111200
v -6.319000 14.773300 -18.825800
v -6.289600 14.789700 -18.888700
v -6.145700 14.727300 -18.927999
v -6.191700 14.650100 -18.825800
v -6.191700 14.650100 -18.111200
v -6.174800 14.678500 -18.888700
v -6.017900 14.694200 -18.927999
v -6.017900 14.605000 -18.111200
v -6.017900 14.605000 -18.825800
v -6.017900 14.637900 -18.888700
v -5.890100 14.727300 -18.927999
v -5.844000 14.650100 -18.825800
v -5.844000 14.650100 -18.111200
v -5.861000 14.678500 -18.888700
v -5.796500 14.817800 -18.927999
v -5.716800 14.773300 -18.111200
v -5.716800 14.773300 -18.825800
v -5.746100 14.789700 -18.888700
v -7.321800 14.917700 -18.927999
v -7.577400 14.917700 -18.927999
v -7.356100 15.041400 -18.927999
v -7.229700 14.917700 -18.111200
v -7.229700 14.917700 -18.825800
v -7.276300 15.085900 -18.111200
v -7.276300 15.085900 -18.825800
v -7.263600 14.917700 -18.888700
v -7.305700 15.069500 -18.888700
v -7.449600 15.131900 -18.927999
v -7.403600 15.209100 -18.825800
v -7.403600 15.209100 -18.111200
v -7.420500 15.180700 -18.888700
v -7.577400 15.165000 -18.927999
v -7.577400 15.254200 -18.111200
v -7.577400 15.254200 -18.825800
v -7.577400 15.221400 -18.888700
v -7.705200 15.131900 -18.927999
v -7.751300 15.209100 -18.825800
v -7.751300 15.209100 -18.111200
v -7.734300 15.180700 -18.888700
v -7.798800 15.041400 -18.927999
v -7.878500 15.085900 -18.111200
v -7.878500 15.085900 -18.825800
v -7.849200 15.069500 -18.888700
v -7.833000 14.917700 -18.927999
v -7.925100 14.917700 -18.825800
v -7.925100 14.917700 -18.111200
v -7.891200 14.917700 -18.888700
v -7.798800 14.794000 -18.927999
v -7.878500 14.749500 -18.111200
v -7.878500 14.749500 -18.825800
v -7.849200 14.765900 -18.888700
v -7.705200 14.703500 -18.927999
v -7.751300 14.626300 -18.825800
v -7.751300 14.626300 -18.111200
v -7.734300 14.654700 -18.888700
v -7.577400 14.670400 -18.927999
v -7.577400 14.581200 -18.111200
v -7.577400 14.581200 -18.825800
v -7.577400 14.614000 -18.888700
v -7.449600 14.703500 -18.927999
v -7.403600 14.626300 -18.825800
v -7.403600 14.626300 -18.111200
v -7.420500 14.654700 -18.888700
v -7.356100 14.794000 -18.927999
v -7.276300 14.749500 -18.111200
v -7.276300 14.749500 -18.825800
v -7.305700 14.765900 -18.888700
v -5.982200 15.844300 18.815500
v -5.903000 16.289000 18.815500
v -6.168500 16.289000 19.204201
v -6.210800 16.511299 19.204201
v -5.982200 16.659500 18.815500
v -6.425400 16.733601 19.204201
v -6.267100 16.955900 18.815500
v -6.662700 16.807699 19.204201
v -6.648600 17.072300 18.815500
v -6.922900 16.733601 19.204201
v -7.109200 16.955900 18.815500
v -7.118000 16.511299 19.204201
v -7.397500 16.659500 18.815500
v -7.197100 16.289000 19.204201
v -7.476700 16.289000 18.815500
v -7.118000 15.992500 19.204201
v -7.397500 15.844300 18.815500
v -6.922900 15.770200 19.204201
v -7.137400 15.547900 18.815500
v -6.662700 15.696100 19.204201
v -6.662700 15.434200 18.815500
v -6.425400 15.770200 19.204201
v -6.267100 15.547900 18.815500
v -6.210800 15.992500 19.204201
v -6.662700 16.214899 -18.651100
v -6.168500 16.214899 -18.651100
v -6.210800 15.918400 -18.651100
v -6.210800 16.437201 -18.651100
v -6.425400 16.659500 -18.651100
v -6.662700 16.733601 -18.651100
v -6.922900 16.659500 -18.651100
v -7.118000 16.437201 -18.651100
v -7.197100 16.214899 -18.651100
v -7.118000 15.918400 -18.651100
v -6.922900 15.770200 -18.651100
v -6.662700 15.696100 -18.651100
v -6.425400 15.770200 -18.651100
v -6.662700 16.289000 19.204201
v -6.662700 15.696100 15.317900
v -6.425400 15.770200 15.317900
v -6.267100 15.547900 15.784300
v -5.982200 15.844300 15.784300
v -6.210800 15.918400 15.317900
v -5.903000 16.289000 15.784300
v -6.168500 16.214899 15.317900
v -5.982200 16.659500 15.784300
v -6.210800 16.437201 15.317900
v -6.267100 16.955900 15.784300
v -6.425400 16.659500 15.317900
v -6.648600 17.072300 15.784300
v -6.662700 16.733601 15.317900
v -6.662700 15.434200 15.784300
v -7.137400 15.547900 15.784300
v -6.922900 15.770200 15.317900
v -7.118000 15.918400 15.317900
v -7.397500 15.844300 15.784300
v -7.197100 16.214899 15.317900
v -7.476700 16.289000 15.784300
v -7.118000 16.437201 15.317900
v -7.397500 16.659500 15.784300
v -6.922900 16.659500 15.317900
v -7.109200 16.955900 15.784300
v -9.590100 6.802900 4.973800
v -9.906500 7.173500 4.973800
v -9.590100 6.802900 1.859000
v -9.906500 7.173500 1.859000
v -10.064800 7.469900 4.973800
v -10.064800 7.469900 1.859000
v -10.143900 8.359200 4.973800
v -10.143900 8.359200 1.859000
v -10.143900 14.403800 4.973800
v -10.143900 14.403800 1.859000
v -9.273600 16.404800 4.973800
v -9.273600 16.404800 1.859000
v -7.691300 19.823000 -0.271900
v -9.194500 19.823000 -0.271900
v -8.561500 20.045300 -0.271900
v -9.273600 16.404800 -0.271900
v -8.403300 15.367200 -0.271900
v -5.317700 19.823000 -0.271900
v -5.317700 20.045300 -0.271900
v -8.719800 7.469900 4.973800
v -8.878000 8.359200 1.859000
v -8.878000 8.359200 4.973800
v -8.878000 14.403800 4.973800
v -8.878000 14.403800 1.859000
v -8.403300 15.367200 4.973800
v -8.403300 15.441300 1.859000
v -8.719800 7.469900 1.859000
v -8.719800 7.173500 4.973800
v -8.719800 7.173500 1.859000
v -8.798900 6.802900 1.859000
v -8.798900 6.802900 4.973800
v -5.317700 19.823000 4.973800
v -7.691300 19.823000 4.973800
v -5.317700 15.441300 4.973800
v -9.194500 19.823000 4.973800
v -5.317700 15.441300 1.859000
v -5.317700 15.441300 -0.271900
v -5.317700 20.045300 4.352000
v -8.561500 20.045300 4.352000
v -8.878000 14.477900 -0.271900
v -5.317700 14.477900 -0.271900
v -8.561500 20.415899 -0.271900
v -8.561500 20.415899 4.352000
v -8.878000 14.477900 1.859000
v -5.317700 14.477900 1.859000
v -10.010400 20.373301 -1.285700
v -8.640100 20.002899 -1.285700
v -8.862300 20.854700 -1.285700
v -9.195600 19.558500 -1.285700
v -7.973400 19.039900 -1.285700
v -9.010400 18.558500 -1.285700
v -6.936300 18.743601 -1.285700
v -9.269700 17.447300 -1.285700
v -4.714100 17.373301 -1.285700
v -4.936300 18.484400 -1.285700
v -6.010400 19.002899 -1.285700
v -4.677100 19.484400 -1.285700
v -5.269700 19.780701 -1.285700
v -4.047500 20.188101 -1.285700
v -5.047500 20.817699 -1.285700
v -2.862300 20.484400 -1.285700
v -1.714100 20.002899 -1.285700
v -0.899300 20.313999 -1.285700
v -6.459300 23.714001 -1.285700
v -6.862300 22.965900 -1.285700
v -6.121500 22.780701 -1.285700
v -5.232600 21.743601 -1.285700
v -6.939300 23.834000 -1.285700
v -7.459300 23.674000 -1.285700
v -7.862300 22.706600 -1.285700
v -13.019300 20.474001 -1.285700
v -8.714100 21.965900 -1.285700
v -10.899300 20.595501 -1.285700
v -11.936300 20.336201 -1.285700
v -0.499300 19.993999 -1.285700
v -13.499300 20.114000 -1.285700
v -12.788200 19.447300 -1.285700
v -1.084500 19.484400 -1.285700
v -0.259300 19.274000 -1.285700
v -13.619300 19.674000 -1.285700
v -0.825200 18.336201 -1.285700
v -12.973400 18.373301 -1.285700
v -1.195600 12.780700 -1.285700
v -0.379300 12.314000 -1.285700
v -0.299300 12.874000 -1.285700
v -0.819300 11.874000 -1.285700
v -0.825200 13.780700 -1.285700
v -1.936300 12.039900 -1.285700
v -1.121500 14.928800 -1.285700
v -3.047500 11.854700 -1.285700
v -1.232600 17.188101 -1.285700
v -12.825200 17.373301 -1.285700
v -12.751200 12.928800 -1.285700
v -13.659300 12.954000 -1.285700
v -13.579300 12.394000 -1.285700
v -13.179300 12.034000 -1.285700
v -12.973400 13.854700 -1.285700
v -12.121500 12.225100 -1.285700
v -12.751200 15.002900 -1.285700
v -10.973400 11.854700 -1.285700
v -6.936300 9.521400 -1.285700
v -7.539300 8.594000 -1.285700
v -6.939300 8.354000 -1.285700
v -6.459300 8.514000 -1.285700
v -7.751200 9.669600 -1.285700
v -6.047500 9.780700 -1.285700
v -8.640100 10.669600 -1.285700
v -5.195600 10.447300 -1.285700
v -1.862300 15.706600 -1.285700
v -1.853700 16.572701 -1.285700
v -12.084500 15.757900 -1.285700
v -12.107300 16.683800 -1.285700
v -10.973400 15.994300 -1.285700
v -10.962000 16.498600 -1.285700
v -2.905000 15.880400 -1.285700
v -2.899300 16.336201 -1.285700
v -3.973400 15.595500 -1.285700
v -3.973400 16.669600 -1.285700
v -9.936300 16.706600 -1.285700
v -9.825200 15.743600 -1.285700
v -8.899300 11.521400 -1.285700
v -9.825200 12.188100 -1.285700
v -5.010400 11.484400 -1.285700
v -3.973400 12.114000 -1.285700
v -5.121500 12.447300 -1.285700
v -4.751200 12.854700 -1.285700
v -8.640100 12.521400 -1.285700
v -9.232600 12.706600 -1.285700
v -7.825200 13.336200 -1.285700
v -8.936300 13.817700 -1.285700
v -6.010400 13.373300 -1.285700
v -4.907900 13.866100 -1.285700
v -6.936300 13.558500 -1.285700
v -4.648600 14.940200 -1.285700
v -9.158600 15.077000 -1.285700
v -8.862300 20.854700 -18.541300
v -8.640000 20.002899 -18.541300
v -10.010500 20.373301 -18.541300
v -9.195600 19.558500 -18.541300
v -8.640000 20.002899 -17.952400
v -7.973400 19.039900 -17.952400
v -9.195600 19.558500 -17.952400
v -9.010500 18.558500 -17.952400
v -6.936400 18.743700 -17.952400
v -9.269700 17.447300 -17.952400
v -6.010500 19.002899 -17.952400
v -4.936400 18.484400 -17.952400
v -4.714100 17.373301 -17.952400
v -5.269700 19.780701 -17.952400
v -4.677100 19.484400 -17.952400
v -5.269700 19.780701 -18.541300
v -5.047400 20.817699 -18.541300
v -4.047400 20.188101 -18.541300
v -4.677100 19.484400 -18.541300
v -0.899300 20.313999 -18.643801
v -1.714100 20.002899 -18.643801
v -2.862300 20.484400 -18.643801
v -6.121500 22.780701 -18.643801
v -6.862300 22.965900 -18.643801
v -6.459300 23.714001 -18.643801
v -5.232600 21.743700 -18.643801
v -5.232600 21.743700 -18.541300
v -2.862300 20.484400 -18.541300
v -6.939300 23.834000 -18.643801
v -7.459300 23.674000 -18.643801
v -7.862300 22.706600 -18.643801
v -8.714100 21.965900 -18.643801
v -13.019300 20.474001 -18.643801
v -8.714100 21.965900 -18.541300
v -10.899300 20.595501 -18.541300
v -10.899300 20.595501 -18.643801
v -11.936400 20.336201 -18.643801
v -0.499300 19.993999 -18.643801
v -13.499300 20.114000 -18.643801
v -12.788200 19.447300 -18.643801
v -1.084500 19.484400 -18.643801
v -0.259300 19.274000 -18.643801
v -13.619300 19.674000 -18.643801
v -0.825200 18.336201 -18.643801
v -12.973400 18.373301 -18.643801
v -0.299300 12.874000 -18.643801
v -0.379300 12.314000 -18.643801
v -1.195600 12.780700 -18.643801
v -0.819300 11.874000 -18.643801
v -0.825200 13.780700 -18.643801
v -1.936400 12.039900 -18.643801
v -1.121500 14.928800 -18.643801
v -3.047400 11.854700 -18.643801
v -1.232600 17.188101 -18.643801
v -12.825200 17.373301 -18.643801
v -13.579300 12.394000 -18.643801
v -13.659300 12.954000 -18.643801
v -12.751200 12.928800 -18.643801
v -13.179300 12.034000 -18.643801
v -12.973400 13.854700 -18.643801
v -12.121500 12.225100 -18.643801
v -12.751200 15.002900 -18.643801
v -10.973400 11.854700 -18.643801
v -6.939300 8.354000 -18.643801
v -7.539300 8.594000 -18.643801
v -6.936400 9.521400 -18.643801
v -6.459300 8.514000 -18.643801
v -7.751200 9.669600 -18.643801
v -6.047400 9.780700 -18.643801
v -8.640000 10.669600 -18.643801
v -5.195600 10.447300 -18.643801
v -1.853700 16.572701 -18.541300
v -1.232600 17.188101 -18.541300
v -1.862300 15.706600 -18.541300
v -1.121500 14.928800 -18.541300
v -12.825200 17.373301 -18.541300
v -12.107300 16.683800 -18.541300
v -12.084500 15.757900 -18.541300
v -12.751200 15.002900 -18.541300
v -10.962000 16.498600 -18.541300
v -10.973400 15.994300 -18.541300
v -2.899300 16.336201 -18.541300
v -2.905000 15.880400 -18.541300
v -3.973400 16.669600 -17.952400
v -2.899300 16.336201 -17.952400
v -3.973400 15.595500 -17.952400
v -2.905000 15.880400 -17.952400
v -9.825200 15.743700 -17.952400
v -10.962000 16.498600 -17.952400
v -9.936400 16.706600 -17.952400
v -10.973400 15.994300 -17.952400
v -10.973400 11.854700 -18.541300
v -9.825200 12.188100 -18.541300
v -8.899300 11.521400 -18.541300
v -8.640000 10.669600 -18.541300
v -3.973400 12.114000 -18.541300
v -3.047400 11.854700 -18.541300
v -5.010500 11.484400 -18.541300
v -5.195600 10.447300 -18.541300
v -4.751200 12.854700 -18.541300
v -5.121500 12.447300 -18.541300
v -9.232600 12.706600 -18.541300
v -8.640000 12.521400 -18.541300
v -9.232600 12.706600 -17.952400
v -8.936400 13.817700 -17.952400
v -7.825200 13.336200 -17.952400
v -8.640000 12.521400 -17.952400
v -4.751200 12.854700 -17.952400
v -5.121500 12.447300 -17.952400
v -6.010500 13.373300 -17.952400
v -4.907900 13.866100 -17.952400
v -6.936400 13.558500 -17.952400
v -4.648600 14.940200 -17.952400
v -9.158600 15.077000 -17.952400
v -8.862300 20.854700 -17.952400
v -10.010500 20.373301 -17.952400
v -5.047400 20.817699 -17.952400
v -4.047400 20.188101 -17.952400
v -1.714100 20.002899 -17.952400
v -2.862300 20.484400 -17.952400
v -6.121500 22.780701 -17.952400
v -6.862300 22.965900 -17.952400
v -6.459300 23.714001 -17.952400
v -0.899300 20.313999 -17.952400
v -5.232600 21.743700 -17.952400
v -6.939300 23.834000 -17.952400
v -7.459300 23.674000 -17.952400
v -7.862300 22.706600 -17.952400
v -13.019300 20.474001 -17.952400
v -8.714100 21.965900 -17.952400
v -10.899300 20.595501 -17.952400
v -11.936400 20.336201 -17.952400
v -0.499300 19.993999 -17.952400
v -13.499300 20.114000 -17.952400
v -12.788200 19.447300 -17.952400
v -1.084500 19.484400 -17.952400
v -0.259300 19.274000 -17.952400
v -13.619300 19.674000 -17.952400
v -0.825200 18.336201 -17.952400
v -12.973400 18.373301 -17.952400
v -0.299300 12.874000 -17.952400
v -0.379300 12.314000 -17.952400
v -0.819300 11.874000 -17.952400
v -1.195600 12.780700 -17.952400
v -0.825200 13.780700 -17.952400
v -1.936400 12.039900 -17.952400
v -1.121500 14.928800 -17.952400
v -3.047400 11.854700 -17.952400
v -1.232600 17.188101 -17.952400
v -12.825200 17.373301 -17.952400
v -13.579300 12.394000 -17.952400
v -13.659300 12.954000 -17.952400
v -13.179300 12.034000 -17.952400
v -12.973400 13.854700 -17.952400
v -12.751200 12.928800 -17.952400
v -12.121500 12.225100 -17.952400
v -12.751200 15.002900 -17.952400
v -10.973400 11.854700 -17.952400
v -6.939300 8.354000 -17.952400
v -7.539300 8.594000 -17.952400
v -6.459300 8.514000 -17.952400
v -7.751200 9.669600 -17.952400
v -6.936400 9.521400 -17.952400
v -6.047400 9.780700 -17.952400
v -8.640000 10.669600 -17.952400
v -5.195600 10.447300 -17.952400
v -1.853700 16.572701 -17.952400
v -1.862300 15.706600 -17.952400
v -12.107300 16.683800 -17.952400
v -12.084500 15.757900 -17.952400
v -9.825200 12.188100 -17.952400
v -8.899300 11.521400 -17.952400
v -3.973400 12.114000 -17.952400
v -5.010500 11.484400 -17.952400
v -1.714100 20.002899 -18.541300
v -6.121500 22.780701 -18.541300
v -6.862300 22.965900 -18.541300
v -6.459300 23.714001 -18.541300
v -0.899300 20.313999 -18.541300
v -6.939300 23.834000 -18.541300
v -7.459300 23.674000 -18.541300
v -7.862300 22.706600 -18.541300
v -13.019300 20.474001 -18.541300
v -11.936400 20.336201 -18.541300
v -0.499300 19.993999 -18.541300
v -13.499300 20.114000 -18.541300
v -12.788200 19.447300 -18.541300
v -1.084500 19.484400 -18.541300
v -0.259300 19.274000 -18.541300
v -13.619300 19.674000 -18.541300
v -0.825200 18.336201 -18.541300
v -12.973400 18.373301 -18.541300
v -0.299300 12.874000 -18.541300
v -0.379300 12.314000 -18.541300
v -0.819300 11.874000 -18.541300
v -1.195600 12.780700 -18.541300
v -0.825200 13.780700 -18.541300
v -1.936400 12.039900 -18.541300
v -13.579300 12.394000 -18.541300
v -13.659300 12.954000 -18.541300
v -13.179300 12.034000 -18.541300
v -12.973400 13.854700 -18.541300
v -12.751200 12.928800 -18.541300
v -12.121500 12.225100 -18.541300
v -6.939300 8.354000 -18.541300
v -7.539300 8.594000 -18.541300
v -6.459300 8.514000 -18.541300
v -7.751200 9.669600 -18.541300
v -6.936400 9.521400 -18.541300
v -6.047400 9.780700 -18.541300
v -3.283700 9.006200 -32.084202
v -3.283700 5.883000 -33.469101
v -2.983700 5.883000 -33.469101
v -2.983700 9.006200 -32.084202
v -3.283700 4.631400 -34.428799
v -2.983700 4.631400 -34.428799
v -3.283700 0.595900 -37.263100
v -2.983700 0.595900 -37.263100
v -3.283700 -5.439200 -41.062801
v -2.983700 -5.439200 -41.062801
v -3.283700 -12.431300 -44.681702
v -2.983700 -12.431300 -44.681702
v -3.283700 -17.525999 -46.961399
v -2.983700 -17.525999 -46.961399
v -3.283700 -23.825199 -49.458099
v -2.983700 -23.825199 -49.458099
v -3.283700 -25.974701 -46.284000
v -2.983700 -25.974701 -46.284000
v -3.283700 -28.087400 -42.268200
v -2.983700 -28.087400 -42.268200
v -3.283700 -29.057100 -38.705002
v -2.983700 -29.057100 -38.705002
v -3.283700 -25.138901 -36.855999
v -2.983700 -25.138901 -36.855999
v -3.283700 -21.148399 -34.963200
v -2.983700 -21.148399 -34.963200
v -3.283700 -17.200500 -32.949402
v -2.983700 -17.200500 -32.949402
v -3.283700 -11.892200 -30.020201
v -2.983700 -11.892200 -30.020201
v -3.283700 -6.897200 -26.755899
v -2.983700 -6.897200 -26.755899
v -3.283700 -3.216900 -24.379499
v -2.983700 -3.216900 -24.379499
v -3.283700 -0.160800 -25.194000
v -2.983700 -0.160800 -25.194000
v -3.283700 3.638600 -26.825100
v -2.983700 3.638600 -26.825100
v -3.283700 6.504600 -29.556801
v -2.983700 6.504600 -29.556801
v -10.136500 6.504600 -29.556801
v -10.136500 3.638600 -26.825100
v -10.436500 3.638600 -26.825100
v -10.436500 6.504600 -29.556801
v -10.136500 -0.160800 -25.194000
v -10.436500 -0.160800 -25.194000
v -10.136500 -3.216900 -24.379499
v -10.436500 -3.216900 -24.379499
v -10.136500 -6.897200 -26.755899
v -10.436500 -6.897200 -26.755899
v -10.136500 -11.892200 -30.020201
v -10.436500 -11.892200 -30.020201
v -10.136500 -17.200500 -32.949402
v -10.436500 -17.200500 -32.949402
v -10.136500 -21.148399 -34.963200
v -10.436500 -21.148399 -34.963200
v -10.136500 -25.138901 -36.855999
v -10.436500 -25.138901 -36.855999
v -10.136500 -29.057100 -38.705002
v -10.436500 -29.057100 -38.705002
v -10.136500 -28.087400 -42.268200
v -10.436500 -28.087400 -42.268200
v -10.136500 -25.974701 -46.284000
v -10.436500 -25.974701 -46.284000
v -10.136500 -23.825199 -49.458099
v -10.436500 -23.825199 -49.458099
v -10.136500 -17.525999 -46.961399
v -10.436500 -17.525999 -46.961399
v -10.136500 -12.431300 -44.681702
v -10.436500 -12.431300 -44.681702
v -10.136500 -5.439200 -41.062801
v -10.436500 -5.439200 -41.062801
v -10.136500 0.595900 -37.263100
v -10.436500 0.595900 -37.263100
v -10.136500 4.631400 -34.428799
v -10.436500 4.631400 -34.428799
v -10.136500 5.883000 -33.469101
v -10.436500 5.883000 -33.469101
v -10.136500 9.006200 -32.084202
v -10.436500 9.006200 -32.084202
v -5.503100 -5.840800 -22.220301
v -5.503100 -8.833800 -24.195200
v -4.237700 -8.393700 -24.892900
v -4.237700 -4.660100 -22.552401
v -5.503100 -14.004000 -27.534000
v -4.237700 -13.602600 -28.241199
v -5.582200 -19.210899 -30.310900
v -4.237700 -18.790600 -31.139299
v -5.503100 -23.213400 -32.223000
v -4.237700 -22.879200 -33.116199
v -5.503000 -27.823299 -34.087700
v -4.237600 -27.557400 -35.007801
v -5.503100 -30.458799 -35.005901
v -4.237700 -30.214600 -35.932899
v -5.503100 -31.774300 -35.386799
v -4.237700 -31.655399 -36.372398
v -6.106900 -31.814699 -35.275600
v -5.474200 -31.655399 -36.372398
v -6.710600 -31.814699 -35.275600
v -6.710600 -31.655399 -36.372398
v -6.710600 -5.647100 -21.917801
v -6.106900 -5.647100 -21.917801
v -5.474200 -4.209700 -22.234400
v -6.710600 -4.209700 -22.234400
v -5.503100 -5.390500 -21.902399
v -4.237700 -4.209700 -22.234400
v -2.983700 -7.918800 -25.706100
v -2.983700 -3.656700 -22.864100
v -2.983700 -13.137700 -29.061300
v -2.983700 -18.370399 -31.988001
v -2.983700 -22.545000 -34.009399
v -2.983700 -27.291201 -35.927601
v -2.983700 -29.970501 -36.860100
v -2.983700 -31.415001 -37.300701
v -4.847200 -31.414900 -37.300701
v -6.710600 -31.414900 -37.300701
v -4.847200 -3.206300 -22.546101
v -6.710600 -3.206300 -22.546101
v -2.983700 -3.206300 -22.546101
v -5.394000 15.125000 -41.280998
v -6.132000 14.952400 -41.310501
v -5.228900 15.820300 -40.704700
v -3.747200 15.820300 -40.704700
v -6.721600 14.886000 -41.353001
v -6.710600 15.820300 -40.704700
v -6.710600 -23.413099 -53.339500
v -6.052300 -23.413099 -53.339500
v -5.228900 -23.943800 -52.584099
v -6.710600 -24.063499 -52.584099
v -5.394000 -23.413099 -53.339500
v -3.747200 -23.943800 -52.584099
v -5.394000 -21.803301 -52.890598
v -3.747200 -22.298300 -52.083900
v -5.394000 -18.707500 -51.883900
v -3.747200 -18.956200 -51.035999
v -5.394000 -14.545400 -50.303299
v -3.747200 -14.852500 -49.398499
v -5.394000 -9.863300 -48.248199
v -3.747200 -10.260800 -47.386700
v -5.394000 -5.947500 -46.108700
v -3.747200 -6.383000 -45.269299
v -5.394000 -0.839800 -43.058201
v -3.747200 -1.330100 -42.256001
v -5.394000 3.275700 -39.841301
v -3.747200 2.736500 -39.077900
v -5.394000 6.956000 -37.165501
v -3.747200 6.519700 -36.326698
v -5.394000 9.140300 -36.818199
v -3.747200 9.016000 -35.863701
v -5.394000 11.447100 -37.533600
v -3.747200 11.702500 -36.615398
v -5.394000 13.637700 -38.893299
v -3.747200 14.199500 -38.161301
v -4.847200 16.511999 -40.123199
v -3.183000 16.511999 -40.037998
v -6.710600 16.511999 -40.123199
v -4.847200 -24.527599 -51.785702
v -6.710600 -24.584900 -51.659100
v -2.983700 -24.527599 -51.785702
v -2.983700 -22.827299 -51.239201
v -2.983700 -19.207600 -50.111198
v -2.983700 -15.159400 -48.493801
v -2.983700 -10.658500 -46.525002
v -2.983700 -6.818200 -44.429901
v -2.983700 -1.820400 -41.453800
v -2.983700 2.197700 -38.314201
v -2.983700 6.088400 -35.484798
v -2.983700 8.893800 -34.908901
v -2.983700 11.956500 -35.696499
v -2.983700 14.759900 -37.428299
v -6.710600 -29.209700 -42.923199
v -4.847200 -29.209700 -42.923199
v -6.710600 -27.196501 -47.442799
v -4.847200 -27.196501 -47.442799
v -6.710600 -21.803301 -52.890598
v -6.052300 -21.803301 -52.890598
v -6.106800 -30.499300 -34.894600
v -6.710600 -30.499300 -34.894600
v -6.106800 -27.863800 -33.976299
v -6.710600 -27.863800 -33.976299
v -6.106900 -23.253799 -32.111900
v -6.710600 -23.253799 -32.111900
v -6.186000 -19.251400 -30.199600
v -6.721600 -19.251400 -30.243401
v -6.106900 -14.044400 -27.422899
v -6.710600 -14.044400 -27.422899
v -6.106900 -8.874300 -24.083900
v -6.710600 -8.874300 -24.083900
v -6.106900 -6.097500 -22.235800
v -6.710600 -6.097500 -22.235800
v -4.847200 0.309400 -23.511900
v -6.710600 0.309400 -23.511900
v -4.847200 3.730900 -25.155701
v -6.710600 3.730900 -25.155701
v -4.847200 7.874400 -27.953899
v -6.710600 7.701800 -27.959700
v -6.710600 -18.707500 -51.883900
v -6.052300 -18.707500 -51.883900
v -6.710600 -14.545400 -50.303299
v -6.052300 -14.545400 -50.303299
v -6.710600 -9.863300 -48.248199
v -6.052300 -9.863300 -48.248199
v -6.710600 -5.947500 -46.108700
v -6.052300 -5.947500 -46.108700
v -6.710600 -0.839800 -43.058201
v -6.052300 -0.839800 -43.058201
v -6.710600 3.275700 -39.841301
v -6.052300 3.275700 -39.841301
v -6.710600 6.889500 -37.167801
v -6.052300 6.956000 -37.165501
v -6.710600 8.901200 -36.826302
v -6.052300 8.967700 -36.824001
v -4.847200 11.705200 -31.669800
v -6.710600 11.532700 -31.675600
v -6.710600 11.208100 -37.541698
v -6.052300 11.274500 -37.539501
v -6.710600 13.398600 -38.901402
v -6.052300 13.465100 -38.899101
v -4.847200 15.057600 -35.329102
v -6.710600 15.057600 -35.329102
v -4.847200 17.658400 -39.177101
v -6.710600 17.658400 -39.177101
v -2.983700 -29.209700 -42.923199
v -2.983700 -27.196501 -47.442799
v -2.983700 0.309400 -23.511900
v -2.983700 3.730900 -25.155701
v -2.983700 7.874400 -27.953899
v -2.983700 11.705200 -31.669701
v -2.983700 15.057600 -35.329102
v -2.983700 17.658400 -39.177101
v -9.182500 -8.393700 -24.892900
v -7.917100 -8.833800 -24.195200
v -7.917100 -5.840800 -22.220301
v -9.182500 -4.660100 -22.552401
v -9.182500 -13.602600 -28.241199
v -7.917100 -14.004000 -27.534000
v -9.182500 -18.790600 -31.139299
v -7.838000 -19.210899 -30.310900
v -9.182500 -22.879200 -33.116199
v -7.917100 -23.213400 -32.223000
v -9.182600 -27.557400 -35.007801
v -7.917200 -27.823299 -34.087700
v -9.182500 -30.214600 -35.932899
v -7.917100 -30.458799 -35.005901
v -9.182500 -31.655399 -36.372398
v -7.917100 -31.774300 -35.386799
v -7.946000 -31.655399 -36.372398
v -7.313300 -31.814699 -35.275600
v -7.946000 -4.209700 -22.234400
v -7.313300 -5.647100 -21.917801
v -9.182500 -4.209700 -22.234400
v -7.917100 -5.390500 -21.902399
v -10.436500 -7.918800 -25.706100
v -10.436500 -3.656700 -22.864100
v -10.436500 -13.137700 -29.061300
v -10.436500 -18.370399 -31.988001
v -10.436500 -22.545000 -34.009399
v -10.436500 -27.291201 -35.927601
v -10.436500 -29.970501 -36.860100
v -10.436500 -31.415001 -37.300701
v -8.573000 -31.414900 -37.300701
v -8.573000 -3.206300 -22.546101
v -10.436500 -3.206300 -22.546101
v -8.191300 15.820300 -40.704700
v -7.288200 14.952400 -41.310501
v -8.026200 15.125000 -41.280998
v -9.673000 15.820300 -40.704700
v -6.698600 14.886000 -41.353001
v -8.191300 -23.943800 -52.584099
v -7.367900 -23.413099 -53.339500
v -9.673000 -23.943800 -52.584099
v -8.026200 -23.413099 -53.339500
v -9.673000 -22.298300 -52.083900
v -8.026200 -21.803301 -52.890598
v -9.673000 -18.956200 -51.035999
v -8.026200 -18.707500 -51.883900
v -9.673000 -14.852500 -49.398499
v -8.026200 -14.545400 -50.303299
v -9.673000 -10.260800 -47.386700
v -8.026200 -9.863300 -48.248199
v -9.673000 -6.383000 -45.269299
v -8.026200 -5.947500 -46.108700
v -9.673000 -1.330100 -42.256001
v -8.026200 -0.839800 -43.058201
v -9.673000 2.736500 -39.077900
v -8.026200 3.275700 -39.841301
v -9.673000 6.519700 -36.326698
v -8.026200 6.956000 -37.165501
v -9.673000 9.016000 -35.863701
v -8.026200 9.140300 -36.818199
v -9.673000 11.702500 -36.615398
v -8.026200 11.447100 -37.533600
v -9.673000 14.199500 -38.161301
v -8.026200 13.637700 -38.893299
v -8.573000 16.511999 -40.123199
v -10.237200 16.511999 -40.037998
v -8.573000 -24.527599 -51.785702
v -10.436500 -24.527599 -51.785702
v -10.436500 -22.827299 -51.239201
v -10.436500 -19.207600 -50.111198
v -10.436500 -15.159400 -48.493801
v -10.436500 -10.658500 -46.525002
v -10.436500 -6.818200 -44.429901
v -10.436500 -1.820400 -41.453800
v -10.436500 2.197700 -38.314201
v -10.436500 6.088400 -35.484798
v -10.436500 8.893800 -34.908901
v -10.436500 11.956500 -35.696499
v -10.436500 14.759900 -37.428299
v -8.573000 -29.209700 -42.923199
v -8.573000 -27.196501 -47.442799
v -7.367900 -21.803301 -52.890598
v -7.313400 -30.499300 -34.894600
v -7.313400 -27.863800 -33.976299
v -7.313300 -23.253799 -32.111900
v -6.698600 -19.251400 -30.243401
v -7.234200 -19.251400 -30.199600
v -7.313300 -14.044400 -27.422899
v -7.313300 -8.874300 -24.083900
v -7.313300 -6.097500 -22.235800
v -8.573000 0.309400 -23.511900
v -8.573000 3.730900 -25.155701
v -8.573000 7.874400 -27.953899
v -7.367900 -18.707500 -51.883900
v -7.367900 -14.545400 -50.303299
v -7.367900 -9.863300 -48.248199
v -7.367900 -5.947500 -46.108700
v -7.367900 -0.839800 -43.058201
v -7.367900 3.275700 -39.841301
v -7.367900 6.956000 -37.165501
v -7.367900 8.967700 -36.824001
v -8.573000 11.705200 -31.669800
v -7.367900 11.274500 -37.539501
v -7.367900 13.465100 -38.899101
v -8.573000 15.057600 -35.329102
v -8.573000 17.658400 -39.177101
v -10.436500 -29.209700 -42.923199
v -10.436500 -27.196501 -47.442799
v -10.436500 0.309400 -23.511900
v -10.436500 3.730900 -25.155701
v -10.436500 7.874400 -27.953899
v -10.436500 11.705200 -31.669701
v -10.436500 15.057600 -35.329102
v -10.436500 17.658400 -39.177101
# 2309 vertices

vt 0.826800 0.183900
vt 0.772400 0.184700
vt 0.771300 0.175200
vt 0.829400 0.136000
vt 0.116100 0.941900
vt 0.116100 0.953700
vt 0.084200 0.953700
vt 0.098200 0.933400
vt 0.198400 0.941900
vt 0.190400 0.926900
vt 0.198500 0.926900
vt 0.395500 0.584800
vt 0.435600 0.593200
vt 0.449500 0.585100
vt 0.142600 0.941900
vt 0.155700 0.933400
vt 0.516700 0.573900
vt 0.525900 0.611900
vt 0.526100 0.597300
vt 0.516500 0.637800
vt 0.829400 0.170700
vt 0.771400 0.186200
vt 0.829500 0.182800
vt 0.770400 0.151300
vt 0.828100 0.172300
vt 0.771700 0.139600
vt 0.050500 0.744900
vt 0.009400 0.735200
vt 0.050500 0.735200
vt 0.009400 0.744900
vt 0.050500 0.790300
vt 0.009400 0.751600
vt 0.050500 0.751600
vt 0.009400 0.790300
vt 0.009400 0.748400
vt 0.050500 0.748400
vt 0.009400 0.732400
vt 0.050500 0.732400
vt 0.009400 0.729600
vt 0.050500 0.729600
vt 0.754800 0.062200
vt 0.627200 0.114500
vt 0.627700 0.060700
vt 0.754400 0.116000
vt 0.009400 0.691600
vt 0.050500 0.691600
vt 0.050500 0.677400
vt 0.009400 0.672100
vt 0.050500 0.672100
vt 0.009400 0.677400
vt 0.050500 0.682500
vt 0.009400 0.682500
vt 0.050500 0.687200
vt 0.009400 0.687200
vt 0.516500 0.676200
vt 0.583600 0.676200
vt 0.583600 0.648500
vt 0.516700 0.648500
vt 0.583600 0.637800
vt 0.559600 0.622800
vt 0.531800 0.619800
vt 0.528100 0.616800
vt 0.529200 0.594400
vt 0.533200 0.593200
vt 0.559900 0.593200
vt 0.573200 0.573900
vt 0.566200 0.608900
vt 0.564400 0.616400
vt 0.564900 0.600200
vt 0.019700 0.875400
vt 0.019700 0.846400
vt 0.084400 0.846400
vt 0.084300 0.875400
vt 0.019700 0.886600
vt 0.084400 0.886600
vt 0.073800 0.929200
vt 0.073900 0.913800
vt 0.042100 0.902400
vt 0.068300 0.905500
vt 0.071800 0.908700
vt 0.070800 0.932100
vt 0.063500 0.933400
vt 0.029500 0.953700
vt 0.041700 0.933400
vt 0.035800 0.917000
vt 0.037600 0.909100
vt 0.037000 0.926100
vt 0.449500 0.597200
vt 0.460400 0.597300
vt 0.449500 0.611800
vt 0.460300 0.611900
vt 0.449500 0.637800
vt 0.142600 0.929200
vt 0.151200 0.929300
vt 0.142600 0.914000
vt 0.148100 0.922600
vt 0.150800 0.914100
vt 0.142600 0.886600
vt 0.404200 0.606700
vt 0.395400 0.606700
vt 0.395400 0.618500
vt 0.408600 0.613500
vt 0.390500 0.606700
vt 0.391200 0.602600
vt 0.389900 0.598400
vt 0.395400 0.599100
vt 0.410800 0.592900
vt 0.404300 0.599100
vt 0.394200 0.618600
vt 0.391200 0.616900
vt 0.384900 0.614200
vt 0.395500 0.573300
vt 0.386900 0.591600
vt 0.200700 0.919800
vt 0.198500 0.919000
vt 0.198500 0.886800
vt 0.205900 0.911900
vt 0.190400 0.918900
vt 0.184200 0.933400
vt 0.201200 0.928500
vt 0.198400 0.954000
vt 0.200600 0.924100
vt 0.726600 0.182200
vt 0.703900 0.128900
vt 0.727000 0.128900
vt 0.740200 0.128900
vt 0.740100 0.182200
vt 0.198400 0.875600
vt 0.176400 0.837400
vt 0.198500 0.837400
vt 0.395500 0.648000
vt 0.352000 0.684400
vt 0.395400 0.684400
vt 0.531700 0.111600
vt 0.524600 0.111600
vt 0.531700 0.062700
vt 0.436700 0.615600
vt 0.395400 0.630200
vt 0.395400 0.637300
vt 0.204100 0.935800
vt 0.101600 0.812900
vt 0.136800 0.812900
vt 0.103900 0.827500
vt 0.148300 0.800000
vt 0.090200 0.800000
vt 0.090200 0.812900
vt 0.073600 0.801200
vt 0.062400 0.815800
vt 0.016900 0.801200
vt 0.028000 0.815800
vt 0.060200 0.832200
vt 0.030300 0.832200
vt 0.134600 0.827500
vt 0.666500 0.518900
vt 0.627700 0.518900
vt 0.148300 0.812900
vt 0.073600 0.815800
vt 0.016900 0.815800
vt 0.277800 0.491200
vt 0.277800 0.516300
vt 0.095100 0.516300
vt 0.748100 0.187200
vt 0.748000 0.175200
vt 0.747800 0.138600
vt 0.749100 0.126900
vt 0.743200 0.184300
vt 0.743200 0.175200
vt 0.743200 0.135900
vt 0.744100 0.127000
vt 0.739600 0.180500
vt 0.571900 0.480400
vt 0.575500 0.484900
vt 0.571900 0.484900
vt 0.575500 0.480400
vt 0.470300 0.386500
vt 0.480100 0.349800
vt 0.480100 0.386500
vt 0.470300 0.349800
vt 0.480800 0.309600
vt 0.471000 0.341700
vt 0.471000 0.309600
vt 0.480800 0.341800
vt 0.807100 0.484900
vt 0.805400 0.480400
vt 0.807100 0.480400
vt 0.805400 0.484900
vt 0.575500 0.489400
vt 0.571900 0.489400
vt 0.460500 0.386500
vt 0.460500 0.349800
vt 0.461100 0.341700
vt 0.461100 0.309600
vt 0.807100 0.489400
vt 0.805400 0.489400
vt 0.575500 0.493900
vt 0.571900 0.493900
vt 0.450500 0.386500
vt 0.450500 0.349800
vt 0.451200 0.341700
vt 0.451200 0.309600
vt 0.807100 0.493900
vt 0.805400 0.493900
vt 0.575500 0.498500
vt 0.571900 0.498500
vt 0.440500 0.386500
vt 0.440500 0.349800
vt 0.441200 0.341700
vt 0.441200 0.309600
vt 0.807100 0.498500
vt 0.805400 0.498500
vt 0.575500 0.503100
vt 0.571900 0.503100
vt 0.430400 0.386500
vt 0.430400 0.349800
vt 0.431100 0.341700
vt 0.431100 0.309500
vt 0.807100 0.503100
vt 0.805400 0.503100
vt 0.575500 0.507700
vt 0.571900 0.507700
vt 0.420400 0.386500
vt 0.420400 0.349800
vt 0.421100 0.341600
vt 0.421100 0.309500
vt 0.807100 0.507700
vt 0.805400 0.507700
vt 0.575500 0.512200
vt 0.571900 0.512200
vt 0.410500 0.386500
vt 0.410500 0.349800
vt 0.411100 0.341600
vt 0.411100 0.309500
vt 0.807100 0.512200
vt 0.805400 0.512200
vt 0.575500 0.516700
vt 0.571900 0.516700
vt 0.400600 0.386500
vt 0.400600 0.349800
vt 0.401300 0.341600
vt 0.401300 0.309500
vt 0.807100 0.516700
vt 0.805400 0.516700
vt 0.575500 0.521200
vt 0.571900 0.521200
vt 0.390800 0.386400
vt 0.390800 0.349700
vt 0.391500 0.341600
vt 0.391500 0.309500
vt 0.807100 0.521200
vt 0.805400 0.521200
vt 0.571900 0.439700
vt 0.575500 0.444200
vt 0.571900 0.444200
vt 0.575500 0.439700
vt 0.559600 0.386600
vt 0.569400 0.349900
vt 0.569300 0.386600
vt 0.559600 0.349900
vt 0.570000 0.309800
vt 0.560200 0.341900
vt 0.560200 0.309800
vt 0.570000 0.342000
vt 0.807100 0.444200
vt 0.805400 0.439700
vt 0.807100 0.439700
vt 0.805400 0.444200
vt 0.575500 0.448700
vt 0.571900 0.448700
vt 0.549700 0.386600
vt 0.549700 0.349900
vt 0.550400 0.341900
vt 0.550400 0.309800
vt 0.807100 0.448700
vt 0.805400 0.448700
vt 0.575500 0.453200
vt 0.571900 0.453200
vt 0.539800 0.386600
vt 0.539800 0.349900
vt 0.540400 0.341900
vt 0.540400 0.309800
vt 0.807100 0.453200
vt 0.805400 0.453200
vt 0.575500 0.457800
vt 0.571900 0.457800
vt 0.529700 0.386600
vt 0.529800 0.349900
vt 0.530400 0.341900
vt 0.530400 0.309700
vt 0.807100 0.457800
vt 0.805400 0.457800
vt 0.575500 0.462400
vt 0.571900 0.462400
vt 0.519700 0.386600
vt 0.519700 0.349900
vt 0.520400 0.341800
vt 0.520400 0.309700
vt 0.807100 0.462400
vt 0.805400 0.462400
vt 0.575500 0.467000
vt 0.571900 0.467000
vt 0.509700 0.386600
vt 0.509700 0.349900
vt 0.510300 0.341800
vt 0.510300 0.309700
vt 0.807100 0.467000
vt 0.805400 0.467000
vt 0.575500 0.471500
vt 0.571900 0.471500
vt 0.499700 0.386600
vt 0.499700 0.349900
vt 0.500400 0.341800
vt 0.500400 0.309700
vt 0.807100 0.471500
vt 0.805400 0.471500
vt 0.575500 0.476000
vt 0.571900 0.476000
vt 0.489900 0.386600
vt 0.489900 0.349900
vt 0.490600 0.341800
vt 0.490600 0.309700
vt 0.807100 0.476000
vt 0.805400 0.476000
vt 0.805500 0.909800
vt 0.786200 0.891300
vt 0.786200 0.886100
vt 0.798300 0.921900
vt 0.795800 0.935500
vt 0.786200 0.981700
vt 0.798300 0.949200
vt 0.786200 0.961600
vt 0.805500 0.961300
vt 0.942700 0.875000
vt 0.858100 0.900900
vt 0.844500 0.896200
vt 0.869100 0.909800
vt 0.876300 0.921900
vt 0.878800 0.935500
vt 0.942700 0.992800
vt 0.876300 0.949200
vt 0.869100 0.961300
vt 0.858100 0.970200
vt 0.844500 0.974900
vt 0.814400 0.992800
vt 0.814400 0.875000
vt 0.816600 0.970200
vt 0.830100 0.974900
vt 0.830100 0.896200
vt 0.816600 0.900900
vt 0.695600 0.206000
vt 0.671800 0.255300
vt 0.671700 0.193400
vt 0.695600 0.242700
vt 0.895400 0.828400
vt 0.909300 0.867000
vt 0.929400 0.859000
vt 0.867300 0.716200
vt 0.910000 0.753600
vt 0.884700 0.763300
vt 0.702700 0.886100
vt 0.688400 0.891300
vt 0.688400 0.886100
vt 0.676400 0.886100
vt 0.676400 0.891300
vt 0.086700 0.491200
vt 0.012400 0.516300
vt 0.012400 0.491200
vt 0.086700 0.516300
vt 0.013000 0.453100
vt 0.083100 0.478200
vt 0.083100 0.453100
vt 0.013000 0.478200
vt 0.100400 0.451500
vt 0.034700 0.437100
vt 0.100400 0.437100
vt 0.034700 0.451500
vt 0.004000 0.516300
vt 0.004000 0.491200
vt 0.003800 0.453100
vt 0.003800 0.478200
vt 0.095100 0.491200
vt 0.096600 0.478200
vt 0.096600 0.453100
vt 0.208300 0.603900
vt 0.236300 0.574900
vt 0.236300 0.603900
vt 0.208300 0.574900
vt 0.915400 0.589500
vt 0.294000 0.437800
vt 0.294000 0.478200
vt 0.257500 0.574900
vt 0.251400 0.651500
vt 0.251400 0.574900
vt 0.257500 0.663400
vt 0.244500 0.651500
vt 0.244500 0.574900
vt 0.236300 0.651500
vt 0.012500 0.311200
vt 0.065000 0.213300
vt 0.065000 0.309700
vt 0.012500 0.227700
vt 0.139000 0.213300
vt 0.139000 0.309700
vt 0.154800 0.651500
vt 0.154800 0.574900
vt 0.208300 0.651500
vt 0.143500 0.651500
vt 0.143500 0.574900
vt 0.133300 0.419800
vt 0.041100 0.317300
vt 0.135000 0.317300
vt 0.039300 0.419800
vt 0.012400 0.527800
vt 0.086700 0.527800
vt 0.083100 0.489700
vt 0.013000 0.489700
vt 0.004600 0.437100
vt 0.004600 0.451500
vt 0.004000 0.527800
vt 0.003800 0.489700
vt 0.095100 0.527800
vt 0.096600 0.489700
vt 0.277800 0.527800
vt 0.294000 0.489700
vt 0.251400 0.673300
vt 0.257500 0.673300
vt 0.244500 0.673300
vt 0.236300 0.673300
vt 0.065000 0.202400
vt 0.012500 0.203900
vt 0.154800 0.673300
vt 0.208300 0.673300
vt 0.143500 0.673300
vt 0.014200 0.317300
vt 0.012500 0.419800
vt 0.330500 0.876500
vt 0.347000 0.858100
vt 0.347000 0.877100
vt 0.346800 0.915100
vt 0.346800 0.932000
vt 0.331200 0.915800
vt 0.379000 0.857500
vt 0.379000 0.876500
vt 0.379200 0.915600
vt 0.379200 0.932600
vt 0.385500 0.857500
vt 0.385500 0.876500
vt 0.385700 0.915600
vt 0.385700 0.932600
vt 0.393500 0.856500
vt 0.393500 0.875500
vt 0.393100 0.915600
vt 0.393100 0.932600
vt 0.441700 0.856500
vt 0.441100 0.876500
vt 0.441100 0.915600
vt 0.441100 0.932600
vt 0.455500 0.867800
vt 0.455500 0.876300
vt 0.455200 0.915800
vt 0.455200 0.923400
vt 0.013100 0.551900
vt 0.013900 0.529300
vt 0.087300 0.551400
vt 0.084000 0.529300
vt 0.004600 0.531800
vt 0.004600 0.549400
vt 0.368900 0.616900
vt 0.095800 0.548800
vt 0.097500 0.533400
vt 0.278400 0.549000
vt 0.294800 0.533700
vt 0.451600 0.692100
vt 0.455300 0.686200
vt 0.481700 0.689900
vt 0.459600 0.683300
vt 0.299600 0.619800
vt 0.304000 0.632800
vt 0.305000 0.629800
vt 0.451600 0.743900
vt 0.451500 0.722400
vt 0.514400 0.690000
vt 0.513700 0.743800
vt 0.291600 0.565000
vt 0.295000 0.596500
vt 0.324900 0.595500
vt 0.263400 0.566000
vt 0.263200 0.596500
vt 0.299500 0.600600
vt 0.324900 0.606200
vt 0.329700 0.611700
vt 0.521300 0.696700
vt 0.521300 0.744000
vt 0.302100 0.635300
vt 0.298100 0.637500
vt 0.311100 0.637500
vt 0.365000 0.629700
vt 0.364500 0.619600
vt 0.367800 0.631400
vt 0.391400 0.631700
vt 0.394200 0.630100
vt 0.298300 0.684000
vt 0.298400 0.689500
vt 0.315600 0.718300
vt 0.311200 0.648000
vt 0.298300 0.694400
vt 0.298300 0.718100
vt 0.263200 0.695800
vt 0.277800 0.684000
vt 0.263200 0.648000
vt 0.277600 0.689500
vt 0.277600 0.694400
vt 0.277700 0.648100
vt 0.298100 0.648200
vt 0.263500 0.718400
vt 0.277700 0.718600
vt 0.274000 0.765000
vt 0.213800 0.724900
vt 0.243200 0.723800
vt 0.214200 0.765900
vt 0.210500 0.725700
vt 0.210100 0.764900
vt 0.191700 0.725300
vt 0.161100 0.765700
vt 0.298200 0.740700
vt 0.298100 0.730300
vt 0.277800 0.740300
vt 0.277800 0.730300
vt 0.305900 0.730500
vt 0.271600 0.730200
vt 0.455600 0.913600
vt 0.439100 0.913900
vt 0.455600 0.879200
vt 0.439800 0.879000
vt 0.407200 0.913900
vt 0.407200 0.878900
vt 0.400700 0.914100
vt 0.400800 0.878900
vt 0.393300 0.914000
vt 0.393300 0.879100
vt 0.345100 0.913500
vt 0.345100 0.879000
vt 0.330700 0.913600
vt 0.330800 0.879000
vt 0.277700 0.637500
vt 0.263200 0.637400
vt 0.397800 0.408800
vt 0.449300 0.402900
vt 0.449300 0.407000
vt 0.397800 0.404700
vt 0.449900 0.470700
vt 0.398400 0.474900
vt 0.398400 0.470700
vt 0.449900 0.474900
vt 0.496200 0.470700
vt 0.496200 0.474900
vt 0.530700 0.470700
vt 0.530700 0.474900
vt 0.537100 0.408200
vt 0.546400 0.404700
vt 0.546400 0.408800
vt 0.537100 0.404100
vt 0.547000 0.470700
vt 0.547000 0.474900
vt 0.560200 0.404700
vt 0.560200 0.408800
vt 0.560800 0.470700
vt 0.560800 0.474900
vt 0.832900 0.286900
vt 0.990700 0.277400
vt 0.990400 0.291500
vt 0.833200 0.272800
vt 0.665800 0.399200
vt 0.567600 0.401800
vt 0.570300 0.399200
vt 0.668400 0.401800
vt 0.833200 0.291500
vt 0.990400 0.272800
vt 0.990700 0.286900
vt 0.832900 0.277400
vt 0.856900 0.210900
vt 0.980800 0.197400
vt 0.977500 0.210900
vt 0.853600 0.197400
vt 0.840800 0.180500
vt 0.836900 0.180500
vt 0.836900 0.170700
vt 0.272700 0.301400
vt 0.415800 0.286800
vt 0.412000 0.301400
vt 0.268900 0.286800
vt 0.985500 0.170700
vt 0.985500 0.180500
vt 0.981600 0.180500
vt 0.346100 0.339400
vt 0.385000 0.355300
vt 0.385000 0.339400
vt 0.346100 0.355300
vt 0.341300 0.398800
vt 0.272400 0.419700
vt 0.295700 0.372000
vt 0.321000 0.440300
vt 0.916500 0.589400
vt 0.346100 0.433000
vt 0.346100 0.456600
vt 0.385000 0.456600
vt 0.174400 0.309100
vt 0.196300 0.358000
vt 0.147100 0.376100
vt 0.215800 0.299400
vt 0.246600 0.355100
vt 0.250200 0.302200
vt 0.288200 0.362400
vt 0.220200 0.361100
vt 0.157600 0.428000
vt 0.176500 0.373000
vt 0.293500 0.316300
vt 0.310800 0.372200
vt 0.137300 0.437100
vt 0.141600 0.388900
vt 0.327800 0.334000
vt 0.330700 0.382400
vt 0.385000 0.480100
vt 0.346100 0.480100
vt 0.397800 0.437600
vt 0.449300 0.437500
vt 0.449900 0.442000
vt 0.398400 0.442000
vt 0.496200 0.442000
vt 0.530700 0.442000
vt 0.537100 0.437600
vt 0.546400 0.437600
vt 0.547000 0.442000
vt 0.560200 0.437600
vt 0.560800 0.442000
vt 0.608700 0.350300
vt 0.017600 0.127300
vt 0.026200 0.102400
vt 0.050800 0.127300
vt 0.017600 0.044400
vt 0.050800 0.044400
vt 0.026200 0.069300
vt 0.050800 0.069300
vt 0.050800 0.102400
vt 0.586200 0.173300
vt 0.579400 0.173400
vt 0.586200 0.137400
vt 0.579400 0.137300
vt 0.573000 0.173400
vt 0.572900 0.137300
vt 0.566400 0.173400
vt 0.566400 0.137300
vt 0.625000 0.203400
vt 0.645800 0.245400
vt 0.625000 0.245300
vt 0.645900 0.203300
vt 0.659400 0.245400
vt 0.659400 0.203300
vt 0.665600 0.250600
vt 0.665600 0.198100
vt 0.560800 0.181900
vt 0.560800 0.128700
vt 0.408500 0.728300
vt 0.397300 0.730300
vt 0.397300 0.723700
vt 0.413000 0.737900
vt 0.418500 0.734200
vt 0.420300 0.747500
vt 0.426800 0.743200
vt 0.422600 0.752500
vt 0.432500 0.752100
vt 0.423200 0.758200
vt 0.184100 0.792900
vt 0.184100 0.786600
vt 0.172200 0.788400
vt 0.167500 0.779300
vt 0.161600 0.782800
vt 0.159600 0.770300
vt 0.152800 0.774400
vt 0.157100 0.765400
vt 0.146600 0.765800
vt 0.156600 0.760000
vt 0.774600 0.271700
vt 0.667100 0.310700
vt 0.686200 0.271700
vt 0.793800 0.310800
vt 0.913700 0.353800
vt 0.944000 0.312700
vt 0.944000 0.353800
vt 0.913700 0.312700
vt 0.992300 0.461400
vt 0.951400 0.311200
vt 0.992300 0.338000
vt 0.951400 0.488300
vt 0.941000 0.445100
vt 0.913500 0.486600
vt 0.913100 0.445400
vt 0.941500 0.486100
vt 0.686200 0.425700
vt 0.793800 0.391600
vt 0.774600 0.425700
vt 0.667100 0.391600
vt 0.871600 0.350300
vt 0.903300 0.311300
vt 0.903300 0.350300
vt 0.871600 0.311300
vt 0.904000 0.446200
vt 0.874300 0.484900
vt 0.874700 0.445900
vt 0.903600 0.485200
vt 0.831100 0.338000
vt 0.866800 0.488300
vt 0.831100 0.461400
vt 0.866800 0.311200
vt 0.667100 0.312000
vt 0.793800 0.312000
vt 0.806800 0.310800
vt 0.806800 0.312000
vt 0.547000 0.524500
vt 0.545800 0.534600
vt 0.547000 0.498000
vt 0.659000 0.312000
vt 0.659000 0.310800
vt 0.326600 0.533000
vt 0.327200 0.521000
vt 0.331300 0.495800
vt 0.515700 0.559200
vt 0.522100 0.552100
vt 0.540700 0.490900
vt 0.336900 0.488700
vt 0.793800 0.390400
vt 0.667100 0.390400
vt 0.520800 0.515500
vt 0.522100 0.525600
vt 0.806800 0.390400
vt 0.806800 0.391600
vt 0.659000 0.391600
vt 0.659000 0.390400
vt 0.302300 0.529100
vt 0.301700 0.517100
vt 0.053700 0.066900
vt 0.078500 0.043400
vt 0.078900 0.065900
vt 0.053300 0.044500
vt 0.078400 0.107900
vt 0.052800 0.126700
vt 0.053200 0.107300
vt 0.078000 0.127300
vt 0.090200 0.042800
vt 0.090700 0.065300
vt 0.090200 0.108200
vt 0.089800 0.127600
vt 0.164300 0.039500
vt 0.164700 0.062000
vt 0.164400 0.109900
vt 0.164000 0.129300
vt 0.205800 0.041000
vt 0.206100 0.060400
vt 0.205800 0.110600
vt 0.205500 0.126900
vt 0.306700 0.041500
vt 0.307000 0.060900
vt 0.306800 0.108900
vt 0.306400 0.124300
vt 0.361000 0.043300
vt 0.361100 0.061200
vt 0.360900 0.106500
vt 0.360700 0.121200
vt 0.400600 0.058900
vt 0.400300 0.110000
vt 0.078100 0.010400
vt 0.052900 0.010400
vt 0.052400 0.157500
vt 0.077700 0.157500
vt 0.090000 0.019400
vt 0.089500 0.148500
vt 0.164300 0.019400
vt 0.163800 0.148500
vt 0.205800 0.019400
vt 0.205400 0.148500
vt 0.306700 0.019400
vt 0.306300 0.148500
vt 0.361000 0.019400
vt 0.360500 0.148500
vt 0.404000 0.038700
vt 0.403500 0.130100
vt 0.466500 0.245300
vt 0.479300 0.203600
vt 0.479300 0.245200
vt 0.466500 0.203600
vt 0.661500 0.173300
vt 0.668500 0.137600
vt 0.668500 0.173300
vt 0.661500 0.137600
vt 0.489000 0.203600
vt 0.489000 0.245200
vt 0.656600 0.173300
vt 0.656600 0.137600
vt 0.500300 0.203600
vt 0.500300 0.245200
vt 0.650100 0.173300
vt 0.650100 0.137600
vt 0.514200 0.203500
vt 0.514200 0.245300
vt 0.643300 0.173400
vt 0.643300 0.137500
vt 0.525500 0.203500
vt 0.525500 0.245300
vt 0.635400 0.173400
vt 0.635400 0.137500
vt 0.623600 0.173300
vt 0.623600 0.137500
vt 0.545500 0.203500
vt 0.545500 0.245300
vt 0.730800 0.193300
vt 0.730800 0.255300
vt 0.551200 0.181900
vt 0.551200 0.128700
vt 0.535200 0.182000
vt 0.541300 0.128800
vt 0.541300 0.181900
vt 0.535200 0.128800
vt 0.529300 0.182000
vt 0.529200 0.128800
vt 0.518300 0.182000
vt 0.518300 0.128800
vt 0.508700 0.182000
vt 0.508700 0.128800
vt 0.505700 0.182000
vt 0.505800 0.128800
vt 0.444400 0.182000
vt 0.444400 0.128900
vt 0.668400 0.433700
vt 0.567600 0.433700
vt 0.993000 0.267600
vt 0.825500 0.217200
vt 0.993000 0.217200
vt 0.825500 0.267600
vt 0.385000 0.307800
vt 0.346100 0.307800
vt 0.346100 0.382300
vt 0.385000 0.382300
vt 0.346100 0.404400
vt 0.385000 0.404400
vt 0.385000 0.433000
vt 0.836900 0.155900
vt 0.985500 0.155900
vt 0.836900 0.019100
vt 0.985500 0.019100
vt 0.162200 0.287500
vt 0.184500 0.229400
vt 0.184500 0.287500
vt 0.162300 0.229400
vt 0.822800 0.312000
vt 0.822800 0.390400
vt 0.644500 0.390400
vt 0.644500 0.312000
vt 0.196800 0.234900
vt 0.196700 0.282100
vt 0.274100 0.235000
vt 0.274000 0.282200
vt 0.317000 0.235100
vt 0.316900 0.282200
vt 0.422300 0.235200
vt 0.422200 0.282400
vt 0.594400 0.981700
vt 0.676400 0.981700
vt 0.594400 0.886100
vt 0.798500 0.193200
vt 0.798500 0.255200
vt 0.196300 0.224000
vt 0.204600 0.171000
vt 0.204600 0.224000
vt 0.196400 0.171000
vt 0.210400 0.171000
vt 0.210300 0.224000
vt 0.218800 0.171000
vt 0.218700 0.224000
vt 0.223300 0.171000
vt 0.223300 0.224100
vt 0.425100 0.171300
vt 0.425100 0.224300
vt 0.819100 0.193200
vt 0.819100 0.255200
vt 0.165100 0.224000
vt 0.165100 0.171000
vt 0.676600 0.128900
vt 0.676600 0.182100
vt 0.449500 0.255500
vt 0.449500 0.193500
vt 0.692700 0.128900
vt 0.692700 0.182100
vt 0.703900 0.182100
vt 0.771300 0.135900
vt 0.748000 0.135900
vt 0.829400 0.175300
vt 0.050400 0.707000
vt 0.009400 0.707000
vt 0.521400 0.059400
vt 0.520900 0.113200
vt 0.009400 0.670600
vt 0.050500 0.670600
vt 0.050500 0.708100
vt 0.009400 0.708100
vt 0.050500 0.690600
vt 0.009400 0.690600
vt 0.705400 0.082500
vt 0.705100 0.115400
vt 0.280000 0.748600
vt 0.293500 0.748600
vt 0.279400 0.758700
vt 0.286800 0.758700
vt 0.274400 0.770000
vt 0.281100 0.770200
vt 0.268100 0.777600
vt 0.272500 0.782200
vt 0.253200 0.786600
vt 0.253200 0.792800
vt 0.987600 0.665000
vt 0.967400 0.644600
vt 0.988800 0.626100
vt 0.952300 0.626100
vt 0.961400 0.703000
vt 0.942100 0.664400
vt 0.921200 0.628000
vt 0.938200 0.725500
vt 0.918600 0.680100
vt 0.896500 0.636000
vt 0.890000 0.699900
vt 0.865100 0.645500
vt 0.815500 0.665600
vt 0.145500 0.755900
vt 0.133200 0.744200
vt 0.130000 0.759800
vt 0.111500 0.760800
vt 0.111500 0.749400
vt 0.106600 0.739300
vt 0.123100 0.734900
vt 0.099600 0.719800
vt 0.111700 0.719000
vt 0.140700 0.703600
vt 0.140700 0.696900
vt 0.127100 0.702800
vt 0.140200 0.690200
vt 0.136600 0.687200
vt 0.135800 0.684100
vt 0.132000 0.682300
vt 0.111100 0.702800
vt 0.118200 0.674500
vt 0.131300 0.674500
vt 0.090700 0.704300
vt 0.114700 0.671800
vt 0.087700 0.699500
vt 0.010300 0.609900
vt 0.006100 0.618900
vt 0.023900 0.609600
vt 0.044800 0.603800
vt 0.113700 0.584800
vt 0.080400 0.585600
vt 0.084200 0.574500
vt 0.117200 0.582400
vt 0.129600 0.580700
vt 0.129800 0.574700
vt 0.089800 0.567200
vt 0.092300 0.563800
vt 0.096100 0.563000
vt 0.130500 0.563500
vt 0.143800 0.563600
vt 0.135500 0.571300
vt 0.135500 0.673700
vt 0.526500 0.535400
vt 0.526500 0.510000
vt 0.338100 0.509500
vt 0.338700 0.532900
vt 0.135500 0.580400
vt 0.143800 0.553400
vt 0.130600 0.553400
vt 0.150000 0.553500
vt 0.150000 0.563600
vt 0.188800 0.553400
vt 0.188800 0.564100
vt 0.210500 0.564100
vt 0.210500 0.556500
vt 0.263200 0.561100
vt 0.186800 0.719200
vt 0.245600 0.718100
vt 0.246000 0.696100
vt 0.165100 0.710900
vt 0.151400 0.706900
vt 0.243400 0.692300
vt 0.243200 0.689000
vt 0.247200 0.686600
vt 0.247100 0.684100
vt 0.333800 0.694100
vt 0.419100 0.684500
vt 0.433600 0.676300
vt 0.449500 0.676200
vt 0.449500 0.648300
vt 0.424900 0.679500
vt 0.312200 0.572900
vt 0.330300 0.591600
vt 0.440800 0.611600
vt 0.440400 0.597100
vt 0.443700 0.603500
vt 0.498200 0.619400
vt 0.466200 0.619800
vt 0.462500 0.616800
vt 0.463600 0.594400
vt 0.467600 0.593200
vt 0.479000 0.585100
vt 0.498500 0.593200
vt 0.479000 0.573800
vt 0.504800 0.605500
vt 0.503000 0.613000
vt 0.502600 0.598700
vt 0.290100 0.778500
vt 0.309300 0.778800
vt 0.314400 0.789200
vt 0.282100 0.788900
vt 0.294500 0.770100
vt 0.307200 0.770100
vt 0.300800 0.759600
vt 0.307700 0.759600
vt 0.306100 0.747500
vt 0.312400 0.747800
vt 0.314200 0.734900
vt 0.318400 0.739800
vt 0.332400 0.723800
vt 0.332400 0.730300
vt 0.992100 0.754600
vt 0.975100 0.769800
vt 0.991000 0.786500
vt 0.963100 0.754600
vt 0.955000 0.785900
vt 0.970300 0.817600
vt 0.938300 0.756200
vt 0.936300 0.798800
vt 0.951900 0.835800
vt 0.918600 0.762700
vt 0.913500 0.815000
vt 0.893700 0.770500
vt 0.854200 0.786800
vt 0.433600 0.762500
vt 0.448200 0.758400
vt 0.445100 0.774800
vt 0.465500 0.769300
vt 0.465500 0.757400
vt 0.470100 0.779900
vt 0.454600 0.784600
vt 0.476700 0.800400
vt 0.465400 0.801200
vt 0.450700 0.819200
vt 0.437900 0.825300
vt 0.437900 0.818300
vt 0.438300 0.832400
vt 0.441800 0.835500
vt 0.442500 0.838800
vt 0.446100 0.840600
vt 0.465900 0.818100
vt 0.459200 0.847800
vt 0.446700 0.848800
vt 0.485100 0.816700
vt 0.487900 0.821600
vt 0.462500 0.850700
vt 0.564600 0.906100
vt 0.560700 0.915600
vt 0.547900 0.915900
vt 0.528200 0.921900
vt 0.510500 0.932700
vt 0.497400 0.944600
vt 0.463500 0.941900
vt 0.491200 0.952700
vt 0.460200 0.944400
vt 0.448500 0.946200
vt 0.448300 0.952500
vt 0.485900 0.960300
vt 0.483500 0.963900
vt 0.480000 0.964800
vt 0.447700 0.964200
vt 0.443000 0.956100
vt 0.435200 0.964100
vt 0.442100 0.849400
vt 0.501600 0.514600
vt 0.501600 0.540100
vt 0.313100 0.540600
vt 0.306300 0.554300
vt 0.313700 0.517100
vt 0.443000 0.946500
vt 0.311900 0.561400
vt 0.435200 0.974800
vt 0.447600 0.974800
vt 0.429400 0.964100
vt 0.429400 0.974800
vt 0.392800 0.963700
vt 0.392900 0.974800
vt 0.372500 0.971600
vt 0.372500 0.963700
vt 0.322800 0.961700
vt 0.322900 0.966800
vt 0.296300 0.962600
vt 0.323000 0.929600
vt 0.339100 0.826200
vt 0.339500 0.803100
vt 0.394700 0.802000
vt 0.415000 0.810700
vt 0.427800 0.814900
vt 0.341500 0.830200
vt 0.341800 0.833600
vt 0.338100 0.836100
vt 0.338100 0.838800
vt 0.323000 0.826500
vt 0.322800 0.802900
vt 0.341800 0.751800
vt 0.404200 0.752400
vt 0.325700 0.784500
vt 0.420300 0.784400
vt 0.273700 0.801900
vt 0.296700 0.875600
vt 0.323000 0.875700
vt 0.277900 0.875600
vt 0.256600 0.827300
vt 0.239500 0.837500
vt 0.142600 0.875600
vt 0.142600 0.846400
vt 0.162800 0.846000
vt 0.171000 0.842600
vt 0.296700 0.886700
vt 0.322900 0.886700
vt 0.278000 0.886600
vt 0.262500 0.931600
vt 0.276900 0.954400
vt 0.262500 0.920200
vt 0.323100 0.919300
vt 0.322900 0.924900
vt 0.258000 0.914500
vt 0.257500 0.935800
vt 0.154600 0.909900
vt 0.186300 0.911800
vt 0.136000 0.913800
vt 0.135900 0.929200
vt 0.098500 0.905900
vt 0.130500 0.905500
vt 0.134000 0.908700
vt 0.132900 0.932100
vt 0.129200 0.933400
vt 0.092300 0.920500
vt 0.094000 0.912600
vt 0.094400 0.927600
vt 0.801000 0.935500
vt 0.803200 0.947500
vt 0.725900 0.795400
vt 0.720400 0.795400
vt 0.723000 0.780700
vt 0.728100 0.782600
vt 0.637400 0.332500
vt 0.580200 0.332500
vt 0.580200 0.306100
vt 0.637400 0.306100
vt 0.809500 0.958000
vt 0.730500 0.767800
vt 0.734600 0.771300
vt 0.580200 0.279500
vt 0.637400 0.279500
vt 0.819200 0.965800
vt 0.741900 0.758200
vt 0.744700 0.762900
vt 0.580200 0.252700
vt 0.637400 0.252700
vt 0.831000 0.970000
vt 0.756000 0.753200
vt 0.756900 0.758500
vt 0.843600 0.970000
vt 0.770900 0.753200
vt 0.770000 0.758500
vt 0.855500 0.965800
vt 0.785000 0.758200
vt 0.782300 0.762900
vt 0.580300 0.363800
vt 0.637500 0.363800
vt 0.637500 0.390800
vt 0.865100 0.958000
vt 0.796400 0.767800
vt 0.792300 0.771300
vt 0.580300 0.336900
vt 0.637500 0.336900
vt 0.871400 0.947500
vt 0.803900 0.780700
vt 0.798800 0.782600
vt 0.873600 0.935500
vt 0.806500 0.795400
vt 0.801100 0.795400
vt 0.871400 0.923600
vt 0.803900 0.810000
vt 0.798800 0.808200
vt 0.865100 0.913100
vt 0.796400 0.823000
vt 0.792300 0.819500
vt 0.855500 0.905300
vt 0.785000 0.832500
vt 0.782300 0.827800
vt 0.843600 0.901100
vt 0.770900 0.837600
vt 0.770000 0.832300
vt 0.831000 0.901100
vt 0.756000 0.837600
vt 0.756900 0.832300
vt 0.819200 0.905300
vt 0.741900 0.832500
vt 0.744700 0.827800
vt 0.809500 0.913100
vt 0.730500 0.823000
vt 0.734600 0.819500
vt 0.803200 0.923600
vt 0.723000 0.810000
vt 0.728100 0.808200
vt 0.520700 0.406000
vt 0.520900 0.403800
vt 0.503900 0.405500
vt 0.503900 0.403200
vt 0.477500 0.404800
vt 0.477100 0.402500
vt 0.503900 0.437600
vt 0.520700 0.437600
vt 0.477500 0.437600
vt 0.179000 0.405800
vt 0.199500 0.401600
vt 0.219800 0.399500
vt 0.254700 0.360200
vt 0.249300 0.401700
vt 0.073800 0.591700
vt 0.067000 0.597100
vt 0.056100 0.603300
vt 0.582100 0.062700
vt 0.619300 0.062700
vt 0.619300 0.111600
vt 0.582100 0.111600
vt 0.626200 0.062700
vt 0.626200 0.111600
vt 0.524600 0.062900
vt 0.532800 0.849500
vt 0.532800 0.747500
vt 0.711400 0.747500
vt 0.711400 0.849500
vt 0.742800 0.760100
vt 0.731300 0.769600
vt 0.723800 0.782400
vt 0.723800 0.811500
vt 0.731300 0.824300
vt 0.742800 0.833800
vt 0.841500 0.752400
vt 0.805000 0.782400
vt 0.797500 0.769600
vt 0.841500 0.845000
vt 0.797500 0.824300
vt 0.805000 0.811500
vt 0.807600 0.796900
vt 0.786000 0.760100
vt 0.818700 0.736000
vt 0.818700 0.861300
vt 0.786000 0.833800
vt 0.771900 0.838800
vt 0.741300 0.861300
vt 0.756900 0.838800
vt 0.721200 0.796900
vt 0.756900 0.755000
vt 0.741300 0.736000
vt 0.771900 0.755000
vt 0.909100 0.545000
vt 0.933900 0.534700
vt 0.909100 0.534700
vt 0.933900 0.545000
vt 0.935100 0.605800
vt 0.958500 0.569300
vt 0.935100 0.569900
vt 0.958500 0.605800
vt 0.864000 0.508700
vt 0.888900 0.519000
vt 0.888900 0.508700
vt 0.864000 0.519000
vt 0.593200 0.667900
vt 0.789600 0.629800
vt 0.610600 0.629800
vt 0.804100 0.667900
vt 0.611800 0.541600
vt 0.805300 0.579700
vt 0.788000 0.541600
vt 0.594500 0.579700
vt 0.600600 0.581400
vt 0.720400 0.581400
vt 0.720400 0.596600
vt 0.600600 0.596600
vt 0.605900 0.600400
vt 0.684100 0.600400
vt 0.684100 0.619700
vt 0.605900 0.619700
vt 0.733800 0.607500
vt 0.804200 0.607500
vt 0.804200 0.622400
vt 0.733800 0.622400
vt 0.776500 0.590100
vt 0.727400 0.590100
vt 0.721700 0.601700
vt 0.782200 0.601700
vt 0.802700 0.558000
vt 0.802600 0.549700
vt 0.835000 0.609400
vt 0.802600 0.545000
vt 0.995300 0.519000
vt 0.835000 0.566300
vt 0.995300 0.523600
vt 0.995300 0.531900
vt 0.613300 0.711000
vt 0.613300 0.684700
vt 0.788200 0.684700
vt 0.599200 0.669800
vt 0.805100 0.669800
vt 0.788200 0.711000
vt 0.996600 0.558200
vt 0.976400 0.549600
vt 0.990900 0.608200
vt 0.990900 0.565700
vt 0.801300 0.532100
vt 0.821500 0.523500
vt 0.829500 0.517500
vt 0.968400 0.543600
vt 0.599000 0.662700
vt 0.807000 0.662700
vt 0.792500 0.684900
vt 0.613400 0.716600
vt 0.792500 0.716600
vt 0.829600 0.534700
vt 0.850500 0.534700
vt 0.829600 0.545000
vt 0.850500 0.545000
vt 0.860400 0.569900
vt 0.880000 0.569900
vt 0.860400 0.605800
vt 0.880000 0.605800
vt 0.968300 0.508700
vt 0.968400 0.519000
vt 0.947400 0.508700
vt 0.947400 0.519000
vt 0.786800 0.629800
vt 0.787800 0.637800
vt 0.615700 0.637800
vt 0.855300 0.534700
vt 0.875400 0.534700
vt 0.855300 0.545000
vt 0.875400 0.545000
vt 0.884500 0.569900
vt 0.903400 0.569300
vt 0.884500 0.605800
vt 0.903400 0.605800
vt 0.942600 0.508700
vt 0.942600 0.519000
vt 0.922600 0.508700
vt 0.922600 0.519000
vt 0.881000 0.534700
vt 0.903400 0.534700
vt 0.881000 0.545000
vt 0.903400 0.545000
vt 0.908700 0.569300
vt 0.929800 0.569300
vt 0.908700 0.605800
vt 0.929800 0.605200
vt 0.917000 0.508700
vt 0.917000 0.519000
vt 0.894500 0.508700
vt 0.894500 0.519000
vt 0.613400 0.629800
vt 0.596100 0.667900
vt 0.807000 0.667900
vt 0.802500 0.579700
vt 0.608900 0.541600
vt 0.591600 0.579700
vt 0.938700 0.534700
vt 0.965200 0.534700
vt 0.938700 0.545000
vt 0.965200 0.545000
vt 0.963000 0.569300
vt 0.987900 0.569300
vt 0.963000 0.605800
vt 0.987900 0.605200
vt 0.859200 0.508700
vt 0.859200 0.519000
vt 0.832700 0.508700
vt 0.832700 0.519000
vt 0.414200 0.166000
vt 0.425900 0.175800
vt 0.418100 0.168000
vt 0.431700 0.175800
vt 0.455200 0.191400
vt 0.461000 0.191400
vt 0.488400 0.218800
vt 0.496200 0.220700
vt 0.507900 0.255900
vt 0.517700 0.259800
vt 0.496200 0.298800
vt 0.506000 0.302700
vt 0.464900 0.334000
vt 0.474700 0.337900
vt 0.164200 0.189500
vt 0.177800 0.179700
vt 0.158300 0.189500
vt 0.172000 0.179700
vt 0.207100 0.161700
vt 0.199300 0.164100
vt 0.240300 0.132800
vt 0.230600 0.134800
vt 0.259900 0.093800
vt 0.250100 0.097700
vt 0.246200 0.050800
vt 0.236400 0.056600
vt 0.213000 0.015600
vt 0.205200 0.021500
vt 0.273500 0.107400
vt 0.349700 0.031300
vt 0.326300 0.019500
vt 0.379000 0.039100
vt 0.408300 0.046900
vt 0.429800 0.140600
vt 0.425900 0.148400
vt 0.416100 0.158200
vt 0.490000 1.394200
vt 0.499400 1.323100
vt 0.535200 1.379700
vt 0.021600 0.253900
vt 0.017700 0.048800
vt 0.162200 0.199200
vt 0.172000 0.207000
vt 0.177800 0.214800
vt 0.158300 0.308600
vt 0.129000 0.318400
vt 0.101700 0.326200
vt 0.076300 0.339800
vt 0.103600 0.437500
vt 0.111400 0.437500
vt 0.103600 0.382800
vt 0.113400 0.382800
vt 0.131000 0.437500
vt 0.131000 0.382800
vt 0.154400 0.437500
vt 0.154400 0.382800
vt 0.179800 0.437500
vt 0.179800 0.382800
vt 0.181700 0.302700
vt 0.164200 0.314500
vt 0.179800 0.308600
vt 0.205200 0.294900
vt 0.203200 0.302700
vt 0.189500 0.306600
vt 0.474700 0.058600
vt 0.480600 0.056600
vt 0.435600 0.140600
vt 0.429800 0.150400
vt 0.420000 0.158200
vt 0.230600 0.296900
vt 0.181700 0.214800
vt 0.224700 0.296900
vt 0.177800 0.207000
vt 0.166100 0.199200
vt 0.031300 0.437500
vt 0.086000 0.437500
vt 0.031300 0.382800
vt 0.086000 0.382800
vt 0.089900 0.437500
vt 0.091900 0.382800
vt 0.097800 0.437500
vt 0.097800 0.382800
vt 0.557900 1.323200
vt 0.341900 0.023400
vt 0.271600 0.103500
vt 0.343800 0.027300
vt 0.279400 0.107400
vt 0.320400 0.318400
vt 0.324300 0.316400
vt 0.205200 0.437500
vt 0.205200 0.382800
vt 0.230600 0.437500
vt 0.230600 0.382800
vt 0.511800 0.382800
vt 0.453200 0.382800
vt 0.511800 0.439500
vt 0.453200 0.439500
vt 0.336000 0.382800
vt 0.336000 0.437500
vt 0.463000 0.054700
vt 0.455200 0.058600
vt 0.431700 0.052700
vt 0.435600 0.050800
vt 0.443500 0.046900
vt 0.461000 0.058600
vt 0.468800 0.052700
vt 0.349700 0.029300
vt 0.359500 0.025400
vt 0.357500 0.027300
vt 0.162200 0.310500
vt 0.168100 0.316400
vt 0.418100 0.041000
vt 0.412200 0.044900
vt 0.414200 0.043000
vt 0.275500 0.312500
vt 0.273500 0.314500
vt 0.345800 0.025400
vt 0.324300 0.015600
vt 0.345800 0.021500
vt 0.375100 0.033200
vt 0.375100 0.029300
vt 0.379000 0.037100
vt 0.384900 0.035200
vt 0.386800 0.033200
vt 0.404400 0.041000
vt 0.408300 0.037100
vt 0.427800 0.046900
vt 0.433700 0.044900
vt 0.185600 0.304700
vt 0.193500 0.308600
vt 0.439500 0.048800
vt 0.453200 0.052700
vt 0.459100 0.050800
vt 0.213000 0.298800
vt 0.211000 0.296900
vt 0.218800 0.300800
vt 0.013800 0.046900
vt 0.097800 0.334000
vt 0.101700 0.328100
vt 0.097800 0.337900
vt 0.076300 0.343800
vt 0.109500 0.330100
vt 0.109500 0.334000
vt 0.125100 0.324200
vt 0.131000 0.320300
vt 0.127000 0.328100
vt 0.136800 0.322300
vt 0.138800 0.324200
vt 0.156300 0.316400
vt 0.158300 0.318400
vt 0.183700 0.312500
vt 0.209100 0.304700
vt 0.523500 0.439500
vt 0.523500 0.382800
vt 0.529400 0.439500
vt 0.529400 0.382800
vt 0.058700 0.437500
vt 0.064500 0.437500
vt 0.058700 0.382800
vt 0.064500 0.382800
vt 0.056700 0.437500
vt 0.066500 0.437500
vt 0.056700 0.382800
vt 0.066500 0.382800
vt 0.025500 0.437500
vt 0.025500 0.382800
vt 0.447400 0.066400
vt 0.423900 0.062500
vt 0.451300 0.048800
vt 0.439500 0.044900
vt 0.400500 0.054700
vt 0.429800 0.044900
vt 0.414200 0.039100
vt 0.382900 0.050800
vt 0.396600 0.035200
vt 0.377000 0.029300
vt 0.363400 0.044900
vt 0.478600 0.054700
vt 0.463000 0.050800
vt 0.246200 0.748000
vt 0.246200 0.761700
vt 0.257900 0.748000
vt 0.257900 0.761700
vt 0.246200 0.812500
vt 0.259900 0.812500
vt 0.248100 0.841800
vt 0.259900 0.841800
vt 0.248100 0.882800
vt 0.261800 0.882800
vt 0.250100 0.919900
vt 0.261800 0.918000
vt 0.248100 0.951200
vt 0.269600 0.941400
vt 0.244200 0.968800
vt 0.265700 0.970700
vt 0.406300 0.517600
vt 0.400500 0.515600
vt 0.394600 0.531300
vt 0.287200 0.527300
vt 0.285300 0.511700
vt 0.281300 0.527300
vt 0.277400 0.511700
vt 0.275500 0.527300
vt 0.271600 0.511700
vt 0.271600 0.529300
vt 0.267700 0.511700
vt 0.261800 0.541000
vt 0.254000 0.513700
vt 0.236400 0.533200
vt 0.230600 0.515600
vt 0.406300 0.515600
vt 0.279400 0.507800
vt 0.273000 0.506700
vt 0.412200 0.511700
vt 0.271600 0.503900
vt 0.416100 0.509800
vt 0.271600 0.492200
vt 0.416100 0.500000
vt 0.273000 0.477000
vt 0.418100 0.482400
vt 0.017700 0.753900
vt 0.047000 0.752000
vt 0.009900 0.742200
vt 0.013800 0.730500
vt 0.089900 0.712900
vt 0.050900 0.697300
vt 0.109500 0.685500
vt 0.076300 0.664100
vt 0.138800 0.652300
vt 0.084100 0.636700
vt 0.091900 0.599600
vt 0.201300 0.619100
vt 0.080200 0.578100
vt 0.088000 0.564500
vt 0.211000 0.605500
vt 0.097800 0.562500
vt 0.205200 0.599600
vt 0.103600 0.562500
vt 0.203200 0.593800
vt 0.257900 0.712900
vt 0.256000 0.668000
vt 0.244200 0.712900
vt 0.244200 0.669900
vt 0.256000 0.628900
vt 0.244200 0.628900
vt 0.256000 0.601600
vt 0.242300 0.601600
vt 0.254000 0.564500
vt 0.242300 0.564500
vt 0.131000 0.841800
vt 0.158300 0.781300
vt 0.089900 0.824200
vt 0.050900 0.814500
vt 0.154400 0.752000
vt 0.031300 0.802700
vt 0.142700 0.734400
vt 0.177800 0.816400
vt 0.197400 0.839800
vt 0.173900 0.869100
vt 0.234500 0.869100
vt 0.201300 0.890600
vt 0.293100 0.744100
vt 0.377000 0.828100
vt 0.420000 0.617200
vt 0.330200 0.837900
vt 0.293100 0.822300
vt 0.273500 0.787100
vt 0.193500 0.748000
vt 0.193500 0.761700
vt 0.193500 0.812500
vt 0.226700 0.591800
vt 0.228600 0.593800
vt 0.191500 0.726600
vt 0.244200 0.724600
vt 0.257900 0.724600
vt 0.193500 0.738300
vt 0.246200 0.736300
vt 0.257900 0.736300
vt 0.281300 0.970700
vt 0.281300 0.953100
vt 0.191500 0.636700
vt 0.191500 0.669900
vt 0.244200 0.636700
vt 0.191500 0.712900
vt 0.173900 0.627000
vt 0.400500 0.533200
vt 0.220800 0.587900
vt 0.031300 0.757800
vt 0.792400 0.471500
vt 0.554800 0.335900
vt 0.554800 0.349600
vt 0.589900 0.335900
vt 0.589900 0.349600
vt 0.554800 0.373000
vt 0.589900 0.373000
vt 0.554800 0.394500
vt 0.589900 0.394500
vt 0.554800 0.406300
vt 0.589900 0.406300
vt 0.589900 0.357400
vt 0.554800 0.357400
vt 0.589900 0.384800
vt 0.554800 0.385700
vt 0.589900 0.416000
vt 0.554800 0.416000
vt 0.638800 0.418000
vt 0.670000 0.390600
vt 0.646600 0.377000
vt 0.672000 0.406300
vt 0.683700 0.418000
vt 0.724700 0.437500
vt 0.609500 0.441400
vt 0.666100 0.361300
vt 0.648500 0.328100
vt 0.589900 0.429700
vt 0.589900 0.414100
vt 0.554800 0.429700
vt 0.554800 0.414100
vt 0.640700 0.339800
vt 0.619200 0.308600
vt 0.554800 0.433600
vt 0.589900 0.433600
vt 0.780100 0.925300
vt 0.796200 0.910500
vt 0.832400 0.912800
vt 0.905700 0.912800
vt 0.941400 0.909000
vt 0.959500 0.923300
vt 0.905700 0.951800
vt 0.959700 0.992500
vt 0.832700 0.951800
vt 0.779900 0.988400
vt 0.840600 0.895700
vt 0.796600 0.898600
vt 0.779800 0.880100
vt 0.967400 0.883700
vt 0.948400 0.901300
vt 0.906100 0.896000
vt 0.906300 0.847800
vt 0.968000 0.801100
vt 0.841000 0.847500
vt 0.780400 0.800800
vt 0.756900 0.927300
vt 0.777300 0.931500
vt 0.777300 0.969900
vt 0.756900 0.973800
vt 0.777300 0.986800
vt 0.756900 0.991600
vt 0.756900 0.794200
vt 0.777400 0.798100
vt 0.777400 0.817200
vt 0.756900 0.814100
vt 0.777400 0.854700
vt 0.756900 0.858600
vt 0.836700 0.945800
vt 0.841300 0.911000
vt 0.868300 0.911000
vt 0.870000 0.945800
vt 0.950700 0.930000
vt 0.947000 0.970500
vt 0.917500 0.971700
vt 0.915500 0.931500
vt 0.866400 0.913300
vt 0.865000 0.950300
vt 0.841800 0.950900
vt 0.837800 0.914000
vt 0.847200 0.945800
vt 0.850000 0.911000
vt 0.893500 0.911000
vt 0.898900 0.945800
vt 0.992300 0.996600
vt 0.972400 0.991800
vt 0.972600 0.802500
vt 0.992500 0.798600
vt 0.515000 0.546100
vt 0.515000 0.462100
vt 0.701800 0.546100
vt 0.701800 0.462100
vt 0.650700 0.891800
vt 0.730400 0.891800
vt 0.650700 0.983300
vt 0.730400 0.983300
vt 0.385200 0.943300
vt 0.385200 0.860500
vt 0.520900 0.943300
vt 0.520900 0.860500
vt 0.650700 0.794600
vt 0.730400 0.794600
vt 0.650700 0.886100
vt 0.730400 0.886100
vt 0.835600 0.771400
vt 0.835600 0.736700
vt 0.899400 0.771400
vt 0.899400 0.736700
vt 0.840600 0.733300
vt 0.840600 0.698600
vt 0.897800 0.733300
vt 0.897800 0.698600
vt 0.996900 0.732800
vt 0.933000 0.732800
vt 0.933000 0.656900
vt 0.996900 0.656900
vt 0.930600 0.771400
vt 0.899400 0.747700
vt 0.930600 0.747700
vt 0.925700 0.733300
vt 0.925700 0.698600
vt 0.319000 0.860500
vt 0.319000 0.943300
vt 0.587100 0.943300
vt 0.587100 0.860500
vt 0.804500 0.747700
vt 0.835600 0.747700
vt 0.804500 0.771400
vt 0.812800 0.698600
vt 0.812800 0.733300
vt 0.737700 0.656900
vt 0.801700 0.656900
vt 0.801700 0.732800
vt 0.737700 0.732800
vt 0.319000 0.979700
vt 0.385200 0.979700
vt 0.615700 0.794600
vt 0.615700 0.857000
vt 0.933000 0.779300
vt 0.996900 0.779300
vt 0.615700 0.920900
vt 0.615700 0.983300
vt 0.737700 0.779300
vt 0.801700 0.779300
vt 0.520900 0.979700
vt 0.587100 0.979700
vt 0.926100 0.642200
vt 0.808600 0.642200
vt 0.513800 0.844500
vt 0.392300 0.844500
vt 0.983400 0.642200
vt 0.333100 0.844500
vt 0.745800 0.983300
vt 0.745800 0.891800
vt 0.573000 0.844500
vt 0.751300 0.642200
vt 0.745800 0.886100
vt 0.745800 0.794600
vt 0.000000 0.000000
vt 0.933000 0.680300
vt 0.933000 0.694700
vt 0.801700 0.694700
vt 0.801700 0.680300
vt 0.801700 0.661600
vt 0.933000 0.661600
vt 1.000000 0.000000
vt 0.508000 0.636900
vt 0.727800 0.636900
vt 0.727800 0.665800
vt 0.508000 0.665800
vt 0.508000 0.562200
vt 0.727800 0.562200
vt 0.504800 0.678000
vt 0.725200 0.678000
vt 0.725500 0.748000
vt 0.505100 0.748000
vt 0.725800 0.774800
vt 0.505400 0.774800
vt 0.538000 0.301300
vt 0.538000 0.285900
vt 0.622700 0.301300
vt 0.622700 0.285900
vt 0.636900 0.285900
vt 0.636900 0.161300
vt 0.622700 0.161300
vt 0.622700 0.145900
vt 0.538000 0.145900
vt 0.538000 0.161300
vt 0.523800 0.161300
vt 0.523800 0.285900
vt 0.538000 0.021300
vt 0.622700 0.021300
vt 0.806400 0.168000
vt 0.713200 0.167800
vt 0.806200 0.139700
vt 0.713200 0.139600
vt 0.988600 0.168200
vt 0.733200 0.268500
vt 0.721000 0.201700
vt 0.988800 0.139500
vt 0.640600 0.167700
vt 0.640700 0.139500
vt 0.721000 0.105500
vt 0.733900 0.038300
vt 0.839000 0.369800
vt 0.764900 0.369800
vt 0.839000 0.347700
vt 0.764900 0.347500
vt 0.972700 0.421400
vt 0.751900 0.421400
vt 0.984000 0.347700
vt 0.984000 0.369800
vt 0.707200 0.369800
vt 0.707200 0.347700
vt 0.751900 0.295600
vt 0.972700 0.295800
vt 0.968400 0.498600
vt 0.778600 0.448800
vt 0.793200 0.447500
vt 0.767500 0.454300
vt 0.754100 0.499200
vt 0.793100 0.554400
vt 0.778500 0.553100
vt 0.967400 0.501800
vt 0.767300 0.547700
vt 0.753100 0.502900
vt 0.975300 0.516400
vt 0.997300 0.516400
vt 0.997300 0.522100
vt 0.975300 0.522100
vt 0.975300 0.442200
vt 0.997400 0.442200
vt 0.997300 0.527500
vt 0.975300 0.527500
vt 0.997300 0.553300
vt 0.975200 0.553300
vt 0.750300 0.553300
vt 0.732900 0.553300
vt 0.732300 0.443400
vt 0.749600 0.443300
vt 0.658400 0.474600
vt 0.665900 0.496900
vt 0.651500 0.482600
vt 0.673500 0.481200
vt 0.669000 0.514900
vt 0.694800 0.473000
vt 0.693700 0.560100
vt 0.676000 0.557300
vt 0.668100 0.531200
vt 0.659000 0.565700
vt 0.650100 0.555400
vt 0.728300 0.571600
vt 0.713100 0.596100
vt 0.705500 0.571500
vt 0.723700 0.596300
vt 0.707400 0.461400
vt 0.711100 0.442900
vt 0.724100 0.461600
vt 0.720400 0.442300
vt 0.764600 0.498400
vt 0.756200 0.478900
vt 0.775400 0.474400
vt 0.779200 0.485700
vt 0.763300 0.535500
vt 0.781400 0.553400
vt 0.773700 0.562800
vt 0.754800 0.555200
vt 0.760300 0.518400
vt 0.734900 0.476800
vt 0.736600 0.559100
vt 0.950900 0.275600
vt 0.941600 0.296700
vt 0.937500 0.268800
vt 0.920200 0.283000
vt 0.947500 0.320100
vt 0.895000 0.292100
vt 0.963200 0.339300
vt 0.965000 0.366200
vt 0.947700 0.381400
vt 0.987200 0.345400
vt 0.987400 0.359200
vt 0.939500 0.402500
vt 0.948100 0.430100
vt 0.918000 0.416000
vt 0.937100 0.437000
vt 0.847200 0.302400
vt 0.853700 0.270700
vt 0.872600 0.288700
vt 0.840400 0.278600
vt 0.803400 0.346300
vt 0.826000 0.344100
vt 0.829000 0.371200
vt 0.803400 0.365400
vt 0.853000 0.438100
vt 0.839400 0.431300
vt 0.847300 0.404600
vt 0.872700 0.420000
vt 0.843500 0.385300
vt 0.848700 0.324000
vt 0.897200 0.411400
vt 0.304600 0.520500
vt 0.273000 0.520500
vt 0.273000 0.513300
vt 0.304600 0.513300
vt 0.304600 0.346900
vt 0.273000 0.346900
vt 0.273000 0.342600
vt 0.304600 0.342600
vt 0.304600 0.353200
vt 0.273000 0.353200
vt 0.304600 0.506700
vt 0.304600 0.360200
vt 0.273000 0.360200
vt 0.304600 0.483900
vt 0.273000 0.483900
vt 0.304600 0.477000
vt 0.273000 0.500900
vt 0.304600 0.500900
vt 0.273000 0.494300
vt 0.304600 0.494300
vt 0.273000 0.490300
vt 0.304600 0.490300
vt 0.304600 0.470700
vt 0.273000 0.470700
vt 0.273000 0.463900
vt 0.304600 0.463900
vt 0.273000 0.461100
vt 0.304600 0.461100
vt 0.273000 0.454300
vt 0.304600 0.454300
vt 0.304600 0.372600
vt 0.273000 0.372600
vt 0.273000 0.366300
vt 0.304600 0.366300
vt 0.304600 0.382900
vt 0.273000 0.382900
vt 0.273000 0.375700
vt 0.304600 0.375700
vt 0.304600 0.402900
vt 0.273000 0.402900
vt 0.273000 0.395900
vt 0.304600 0.395900
vt 0.304600 0.413800
vt 0.273000 0.413800
vt 0.273000 0.406700
vt 0.304600 0.406700
vt 0.304600 0.436000
vt 0.273000 0.436000
vt 0.273000 0.432700
vt 0.304600 0.432700
vt 0.273000 0.424800
vt 0.304600 0.424800
vt 0.304600 0.442300
vt 0.273000 0.442300
vt 0.057000 0.183800
vt 0.037300 0.171000
vt 0.069000 0.136900
vt 0.244100 0.859800
vt 0.294300 0.831900
vt 0.265100 0.882200
vt 0.568700 0.066200
vt 0.605600 0.066200
vt 0.568800 0.076100
vt 0.605600 0.076100
vt 0.026000 0.149200
vt 0.293900 0.890500
vt 0.605600 0.085800
vt 0.568800 0.085800
vt 0.026000 0.124300
vt 0.323400 0.883800
vt 0.568700 0.095400
vt 0.605600 0.095400
vt 0.037300 0.102900
vt 0.344600 0.862900
vt 0.605600 0.105000
vt 0.568800 0.105000
vt 0.056900 0.090700
vt 0.352700 0.833500
vt 0.568800 0.114700
vt 0.605600 0.114700
vt 0.079600 0.091100
vt 0.344600 0.803900
vt 0.605600 0.124600
vt 0.568700 0.124600
vt 0.099300 0.103900
vt 0.323600 0.781500
vt 0.568700 0.134400
vt 0.605600 0.134400
vt 0.727000 0.494600
vt 0.737200 0.505900
vt 0.712700 0.519600
vt 0.293700 0.772900
vt 0.605600 0.144100
vt 0.568700 0.144100
vt 0.110700 0.125700
vt 0.110700 0.150700
vt 0.265200 0.779900
vt 0.568700 0.153700
vt 0.605600 0.153700
vt 0.099400 0.172100
vt 0.244000 0.801500
vt 0.568700 0.037100
vt 0.605600 0.037100
vt 0.605600 0.046700
vt 0.568700 0.046700
vt 0.079700 0.184200
vt 0.236000 0.830200
vt 0.568700 0.056400
vt 0.605600 0.056400
vt 0.087700 0.853600
vt 0.083000 0.870700
vt 0.052600 0.853600
vt 0.010100 0.136900
vt 0.018000 0.167400
vt 0.624500 0.093500
vt 0.658400 0.092800
vt 0.624500 0.103400
vt 0.658400 0.102800
vt 0.070100 0.883200
vt 0.039500 0.189800
vt 0.658400 0.112700
vt 0.624500 0.113400
vt 0.052600 0.887700
vt 0.068900 0.198000
vt 0.624400 0.123400
vt 0.658400 0.122700
vt 0.035100 0.883200
vt 0.098300 0.189800
vt 0.658300 0.132700
vt 0.624400 0.133400
vt 0.022200 0.870700
vt 0.119800 0.167400
vt 0.624400 0.143300
vt 0.658300 0.142700
vt 0.017500 0.853600
vt 0.127700 0.136900
vt 0.658300 0.152600
vt 0.624400 0.153300
vt 0.022200 0.836500
vt 0.119800 0.106400
vt 0.624600 0.033700
vt 0.658500 0.033000
vt 0.624600 0.043600
vt 0.658500 0.043000
vt 0.035100 0.824000
vt 0.098300 0.084000
vt 0.658500 0.052900
vt 0.624500 0.053600
vt 0.052600 0.819400
vt 0.068900 0.075900
vt 0.624500 0.063600
vt 0.658400 0.062900
vt 0.070100 0.824000
vt 0.039500 0.084000
vt 0.658400 0.072900
vt 0.624500 0.073600
vt 0.083000 0.836500
vt 0.018000 0.106400
vt 0.624500 0.083500
vt 0.658400 0.082900
vt 0.065300 0.150000
vt 0.059600 0.146400
vt 0.040800 0.136900
vt 0.044600 0.153100
vt 0.507600 0.573500
vt 0.507600 0.590900
vt 0.509100 0.573500
vt 0.509100 0.590900
vt 0.056200 0.140400
vt 0.054800 0.164900
vt 0.510500 0.590900
vt 0.510500 0.573500
vt 0.056100 0.133700
vt 0.068900 0.169200
vt 0.511900 0.573500
vt 0.511900 0.590900
vt 0.059300 0.127900
vt 0.082900 0.164900
vt 0.064900 0.124800
vt 0.093200 0.153100
vt 0.071400 0.125000
vt 0.096900 0.136900
vt 0.208900 0.233500
vt 0.236500 0.233500
vt 0.236500 0.250500
vt 0.208900 0.250500
vt 0.077100 0.128600
vt 0.093200 0.120800
vt 0.208900 0.267500
vt 0.236500 0.267500
vt 0.080400 0.134500
vt 0.082900 0.108900
vt 0.236500 0.283900
vt 0.208900 0.283900
vt 0.080500 0.141300
vt 0.068900 0.104600
vt 0.208900 0.299500
vt 0.236500 0.299500
vt 0.077400 0.147000
vt 0.054800 0.108900
vt 0.236500 0.315200
vt 0.208900 0.315200
vt 0.071800 0.150200
vt 0.044600 0.120800
vt 0.208900 0.331500
vt 0.236500 0.331500
vt 0.236500 0.348600
vt 0.208900 0.348600
vt 0.285700 0.895100
vt 0.289000 0.898400
vt 0.100900 0.862500
vt 0.172300 0.862500
vt 0.100900 0.874100
vt 0.172300 0.874100
vt 0.282700 0.896700
vt 0.283800 0.896100
vt 0.287900 0.900300
vt 0.293600 0.899700
vt 0.172300 0.885800
vt 0.100900 0.885800
vt 0.293500 0.903000
vt 0.293600 0.901800
vt 0.298300 0.898500
vt 0.100900 0.897800
vt 0.172300 0.897800
vt 0.299300 0.900300
vt 0.301800 0.895100
vt 0.172300 0.909700
vt 0.100900 0.909700
vt 0.303700 0.896200
vt 0.303200 0.890500
vt 0.100900 0.921400
vt 0.172300 0.921400
vt 0.305300 0.890600
vt 0.306600 0.890500
vt 0.302100 0.886000
vt 0.172300 0.933000
vt 0.100900 0.933000
vt 0.305100 0.884300
vt 0.304000 0.884900
vt 0.298800 0.882600
vt 0.100900 0.792100
vt 0.172300 0.792100
vt 0.100900 0.803700
vt 0.172300 0.803700
vt 0.299900 0.880800
vt 0.294200 0.881400
vt 0.172300 0.815400
vt 0.100900 0.815400
vt 0.294300 0.878100
vt 0.294200 0.879300
vt 0.289500 0.882600
vt 0.100900 0.827300
vt 0.172300 0.827300
vt 0.288500 0.880800
vt 0.286000 0.886000
vt 0.172300 0.839200
vt 0.100900 0.839200
vt 0.283100 0.884300
vt 0.284200 0.884900
vt 0.284600 0.890500
vt 0.100900 0.851000
vt 0.172300 0.851000
vt 0.282500 0.890500
vt 0.281200 0.890500
vt 0.336400 0.867400
vt 0.339700 0.870800
vt 0.333400 0.869100
vt 0.334500 0.868500
vt 0.338600 0.872600
vt 0.344300 0.872000
vt 0.344200 0.875300
vt 0.344300 0.874100
vt 0.349000 0.870800
vt 0.350000 0.872600
vt 0.352500 0.867500
vt 0.355400 0.869100
vt 0.354300 0.868500
vt 0.353900 0.862900
vt 0.356000 0.862900
vt 0.357200 0.862900
vt 0.352800 0.858300
vt 0.355700 0.856700
vt 0.354600 0.857300
vt 0.349500 0.855000
vt 0.350600 0.853200
vt 0.351200 0.852100
vt 0.344800 0.853800
vt 0.344900 0.850500
vt 0.344900 0.851700
vt 0.340100 0.855000
vt 0.339100 0.853200
vt 0.338600 0.852100
vt 0.336600 0.858300
vt 0.333800 0.856700
vt 0.334800 0.857300
vt 0.335300 0.862900
vt 0.333100 0.862900
vt 0.331900 0.862900
vt 0.336400 0.808500
vt 0.339700 0.811800
vt 0.333500 0.810100
vt 0.334600 0.809500
vt 0.338600 0.813600
vt 0.338000 0.814700
vt 0.344400 0.813100
vt 0.344300 0.816400
vt 0.344300 0.815200
vt 0.349100 0.811900
vt 0.350100 0.813700
vt 0.352600 0.808500
vt 0.354400 0.809600
vt 0.354000 0.803900
vt 0.356100 0.803900
vt 0.357300 0.803900
vt 0.352800 0.799400
vt 0.355800 0.797700
vt 0.354700 0.798300
vt 0.349500 0.796000
vt 0.350700 0.794200
vt 0.344900 0.794800
vt 0.345000 0.791500
vt 0.345000 0.792700
vt 0.340200 0.796000
vt 0.339200 0.794200
vt 0.336700 0.799400
vt 0.333800 0.797700
vt 0.334900 0.798300
vt 0.335300 0.803900
vt 0.333200 0.803900
vt 0.331900 0.803900
vt 0.235900 0.864400
vt 0.239200 0.867700
vt 0.233000 0.866000
vt 0.234000 0.865400
vt 0.238100 0.869500
vt 0.237500 0.870600
vt 0.243800 0.868900
vt 0.243700 0.872200
vt 0.243800 0.871000
vt 0.248500 0.867700
vt 0.249500 0.869500
vt 0.250100 0.870600
vt 0.252100 0.864400
vt 0.254900 0.866000
vt 0.253900 0.865400
vt 0.253400 0.859800
vt 0.255600 0.859800
vt 0.256800 0.859800
vt 0.252300 0.855200
vt 0.255300 0.853600
vt 0.254200 0.854200
vt 0.249000 0.851900
vt 0.250100 0.850100
vt 0.244400 0.850700
vt 0.244500 0.847400
vt 0.244400 0.848600
vt 0.239700 0.851900
vt 0.238700 0.850100
vt 0.238100 0.849000
vt 0.236200 0.855200
vt 0.233300 0.853600
vt 0.234400 0.854200
vt 0.234800 0.859800
vt 0.232700 0.859800
vt 0.231400 0.859800
vt 0.235800 0.806000
vt 0.239100 0.809400
vt 0.232800 0.807700
vt 0.233900 0.807100
vt 0.238000 0.811200
vt 0.243800 0.810600
vt 0.243600 0.813900
vt 0.243700 0.812700
vt 0.248400 0.809400
vt 0.249400 0.811200
vt 0.252000 0.806000
vt 0.253800 0.807100
vt 0.253300 0.801500
vt 0.255400 0.801500
vt 0.256700 0.801500
vt 0.252200 0.796900
vt 0.255200 0.795200
vt 0.254100 0.795800
vt 0.248900 0.793500
vt 0.250000 0.791800
vt 0.250700 0.790700
vt 0.244300 0.792300
vt 0.244400 0.789000
vt 0.244300 0.790200
vt 0.239600 0.793500
vt 0.238600 0.791700
vt 0.236100 0.796900
vt 0.233200 0.795200
vt 0.234300 0.795800
vt 0.234700 0.801400
vt 0.232600 0.801500
vt 0.231300 0.801400
vt 0.285400 0.777400
vt 0.288800 0.780800
vt 0.282500 0.779100
vt 0.283600 0.778500
vt 0.287600 0.782600
vt 0.293400 0.782000
vt 0.293300 0.785300
vt 0.293300 0.784100
vt 0.298100 0.780800
vt 0.299100 0.782600
vt 0.301600 0.777400
vt 0.304500 0.779100
vt 0.303400 0.778500
vt 0.303000 0.772900
vt 0.305100 0.772900
vt 0.306300 0.772900
vt 0.301900 0.768300
vt 0.304800 0.766700
vt 0.303700 0.767300
vt 0.298600 0.764900
vt 0.299700 0.763200
vt 0.300300 0.762100
vt 0.293900 0.763700
vt 0.294000 0.760400
vt 0.294000 0.761700
vt 0.289200 0.764900
vt 0.288200 0.763100
vt 0.287600 0.762100
vt 0.285700 0.768300
vt 0.282800 0.766600
vt 0.283900 0.767300
vt 0.284300 0.772900
vt 0.282200 0.772900
vt 0.281000 0.772900
vt 0.108900 0.636100
vt 0.089300 0.622400
vt 0.087400 0.636100
vt 0.071800 0.636100
vt 0.067900 0.622400
vt 0.058100 0.643900
vt 0.048300 0.634100
vt 0.050300 0.659500
vt 0.036600 0.655600
vt 0.036600 0.681000
vt 0.058100 0.692700
vt 0.048300 0.702500
vt 0.071800 0.702500
vt 0.067900 0.714200
vt 0.087400 0.702500
vt 0.091300 0.716100
vt 0.099100 0.692700
vt 0.110800 0.704400
vt 0.106900 0.679000
vt 0.120600 0.682900
vt 0.106900 0.661500
vt 0.120600 0.657600
vt 0.099100 0.645800
vt 0.532700 0.640000
vt 0.532700 0.632200
vt 0.532700 0.647800
vt 0.532700 0.653600
vt 0.532700 0.655600
vt 0.532700 0.626300
vt 0.532700 0.624300
vt 0.079600 0.669300
vt 0.483900 0.690800
vt 0.483900 0.692700
vt 0.489700 0.688800
vt 0.489700 0.696600
vt 0.483900 0.698600
vt 0.489700 0.708300
vt 0.483900 0.706400
vt 0.489700 0.720100
vt 0.483900 0.714200
vt 0.489700 0.727900
vt 0.483900 0.720100
vt 0.489700 0.731800
vt 0.483900 0.722000
vt 0.169400 0.618500
vt 0.169400 0.622400
vt 0.175300 0.626300
vt 0.175300 0.632200
vt 0.169400 0.630200
vt 0.175300 0.640000
vt 0.169400 0.641900
vt 0.175300 0.647800
vt 0.169400 0.653600
vt 0.175300 0.653600
vt 0.169400 0.661500
vt 0.175300 0.655600
vt 0.169400 0.665400
vt 0.644600 0.629600
vt 0.646500 0.637400
vt 0.699300 0.615900
vt 0.701200 0.623700
vt 0.648500 0.641300
vt 0.703200 0.629600
vt 0.652400 0.655000
vt 0.707100 0.641300
vt 0.673900 0.727200
vt 0.728600 0.713500
vt 0.681700 0.752600
vt 0.736400 0.738900
vt 0.489700 0.684900
vt 0.528800 0.688800
vt 0.528800 0.696600
vt 0.528800 0.708300
vt 0.528800 0.720100
vt 0.528800 0.727900
vt 0.130400 0.618500
vt 0.130400 0.622400
vt 0.130400 0.630200
vt 0.130400 0.641900
vt 0.130400 0.653600
vt 0.130400 0.661500
vt 0.817700 0.882600
vt 0.817700 0.865000
vt 0.923100 0.870800
vt 0.921200 0.890400
vt 0.813700 0.919700
vt 0.809800 0.919700
vt 0.175300 0.624300
vt 0.576700 0.752300
vt 0.520100 0.766000
vt 0.576700 0.766000
vt 0.576700 0.838200
vt 0.520100 0.838200
vt 0.576700 0.865600
vt 0.520100 0.865600
vt 0.709000 0.608100
vt 0.730500 0.623700
vt 0.726600 0.606100
vt 0.804700 0.588500
vt 0.810600 0.606100
vt 0.826200 0.565100
vt 0.830100 0.584600
vt 0.406800 0.828500
vt 0.422400 0.844100
vt 0.422400 0.826500
vt 0.504500 0.824600
vt 0.504500 0.842100
vt 0.529800 0.840200
vt 0.529800 0.859700
vt 0.576700 0.746400
vt 0.520100 0.750300
vt 0.520100 0.746400
vt 0.520100 0.740600
vt 0.576700 0.740600
vt 0.705100 0.608100
vt 0.714900 0.625700
vt 0.709000 0.625700
vt 0.701200 0.621700
vt 0.697300 0.612000
vt 0.400900 0.830400
vt 0.406800 0.848000
vt 0.400900 0.848000
vt 0.388600 0.843800
vt 0.388600 0.834000
vt 0.126400 0.692700
vt 0.126400 0.698600
vt 0.126400 0.706400
vt 0.126400 0.720100
vt 0.126400 0.714200
vt 0.126400 0.722000
vt 0.961200 0.782300
vt 0.898700 0.782300
vt 0.961200 0.682600
vt 0.881200 0.682600
vt 0.861600 0.782300
vt 0.861600 0.708000
vt 0.590400 0.990600
vt 0.549400 0.904600
vt 0.590400 0.904600
vt 0.486900 0.990600
vt 0.498600 0.994500
vt 0.590400 0.994500
vt 0.809800 0.874700
vt 0.702400 0.866900
vt 0.698500 0.911900
vt 0.686800 0.909900
vt 0.690700 0.874700
vt 0.775400 0.735000
vt 0.736400 0.744800
vt 0.798900 0.819000
vt 0.695400 0.844400
vt 0.673900 0.760400
vt 0.800800 0.834600
vt 0.711000 0.858100
vt 0.802000 0.872800
vt 0.802000 0.968500
vt 0.794200 0.968500
vt 0.642600 0.625700
vt 0.646500 0.635400
vt 0.520100 0.902700
vt 0.576700 0.902700
vt 0.479100 0.865600
vt 0.479100 0.902700
vt 0.130400 0.665400
vt 0.528800 0.731800
vt 0.685400 0.749400
vt 0.672100 0.730000
vt 0.737800 0.735400
vt 0.732600 0.713900
vt 0.660200 0.686200
vt 0.648500 0.643200
vt 0.718800 0.670600
vt 0.709000 0.627600
vt 0.732500 0.723300
vt 0.707100 0.627600
vt 0.671900 0.738900
vt 0.523400 0.683600
vt 0.486900 0.904600
vt 0.805900 0.919700
vt 0.126400 0.690800
vt 0.800700 0.871100
vt 0.798800 0.980500
vt 0.879200 0.795900
vt 0.913400 0.925500
vt 0.555500 0.407700
vt 0.565800 0.396900
vt 0.568300 0.405900
vt 0.558400 0.395800
vt 0.566600 0.384400
vt 0.574300 0.376100
vt 0.546500 0.376900
vt 0.586900 0.351400
vt 0.590800 0.362800
vt 0.584000 0.373400
vt 0.598400 0.370600
vt 0.593900 0.376000
vt 0.607800 0.373600
vt 0.602200 0.384800
vt 0.620000 0.369900
vt 0.627700 0.359200
vt 0.636600 0.357600
vt 0.605000 0.419000
vt 0.597400 0.414300
vt 0.603000 0.408600
vt 0.605500 0.394300
vt 0.601300 0.422700
vt 0.595800 0.424100
vt 0.587100 0.417400
vt 0.529100 0.425000
vt 0.575500 0.415300
vt 0.548700 0.414600
vt 0.538000 0.417900
vt 0.638500 0.352500
vt 0.522900 0.424300
vt 0.525700 0.414400
vt 0.630600 0.351000
vt 0.636800 0.344600
vt 0.519500 0.421000
vt 0.626800 0.339100
vt 0.518300 0.405500
vt 0.594000 0.290200
vt 0.598800 0.281500
vt 0.602500 0.286200
vt 0.592500 0.279900
vt 0.602600 0.297400
vt 0.583400 0.287500
vt 0.606000 0.309500
vt 0.572500 0.291800
vt 0.617100 0.330800
vt 0.514300 0.395600
vt 0.491400 0.354500
vt 0.483400 0.359600
vt 0.481100 0.354100
vt 0.482800 0.348600
vt 0.494300 0.364200
vt 0.493300 0.344600
vt 0.502400 0.373500
vt 0.501600 0.335000
vt 0.525300 0.291600
vt 0.515000 0.286400
vt 0.519100 0.281000
vt 0.524200 0.279800
vt 0.518800 0.297400
vt 0.534600 0.289200
vt 0.516200 0.311400
vt 0.545800 0.290600
vt 0.603500 0.320700
vt 0.608200 0.328600
vt 0.512400 0.376800
vt 0.517100 0.385400
vt 0.523600 0.372900
vt 0.526400 0.377400
vt 0.595100 0.327900
vt 0.597600 0.332100
vt 0.584100 0.331100
vt 0.589800 0.341000
vt 0.536600 0.373800
vt 0.532500 0.364300
vt 0.518400 0.320600
vt 0.513600 0.331800
vt 0.553000 0.299100
vt 0.565600 0.299300
vt 0.557100 0.308500
vt 0.562600 0.310300
vt 0.526000 0.328400
vt 0.521700 0.333300
vt 0.537600 0.331400
vt 0.554000 0.321900
vt 0.566500 0.320400
vt 0.546700 0.328600
vt 0.574600 0.328800
vt 0.534900 0.354600
vt 0.942700 0.520400
vt 0.934400 0.518000
vt 0.944200 0.507800
vt 0.933400 0.510800
vt 0.778800 0.389200
vt 0.758700 0.381400
vt 0.782800 0.380800
vt 0.761900 0.367400
vt 0.733300 0.382100
vt 0.756400 0.345600
vt 0.721400 0.402500
vt 0.703900 0.402500
vt 0.693200 0.382700
vt 0.721000 0.422900
vt 0.704700 0.423300
vt 0.916200 0.546600
vt 0.923800 0.553900
vt 0.913600 0.559500
vt 0.910800 0.550300
vt 0.899400 0.587900
vt 0.900700 0.579100
vt 0.910400 0.571500
vt 0.945500 0.554500
vt 0.950700 0.548900
vt 0.955000 0.556300
vt 0.932500 0.557000
vt 0.958300 0.552600
vt 0.959500 0.547200
vt 0.953300 0.538700
vt 0.951300 0.527400
vt 0.959700 0.481700
vt 0.950400 0.501100
vt 0.953300 0.490600
vt 0.894700 0.589800
vt 0.959000 0.475600
vt 0.950000 0.478500
vt 0.893300 0.582100
vt 0.887500 0.588300
vt 0.955900 0.472300
vt 0.882400 0.578500
vt 0.941900 0.471300
vt 0.834000 0.555100
vt 0.829700 0.551500
vt 0.837600 0.546700
vt 0.828200 0.545400
vt 0.844200 0.555100
vt 0.835000 0.536400
vt 0.855300 0.558400
vt 0.838900 0.525600
vt 0.874800 0.569000
vt 0.932800 0.467500
vt 0.894600 0.435400
vt 0.899700 0.437500
vt 0.895100 0.445400
vt 0.889700 0.437100
vt 0.904000 0.448200
vt 0.886100 0.447400
vt 0.912500 0.456000
vt 0.877400 0.455600
vt 0.828400 0.473300
vt 0.833400 0.469200
vt 0.838200 0.479300
vt 0.827400 0.478400
vt 0.843400 0.472900
vt 0.836100 0.488500
vt 0.856100 0.470200
vt 0.837500 0.499400
vt 0.872600 0.560300
vt 0.865400 0.555800
vt 0.923500 0.470300
vt 0.915600 0.465800
vt 0.916300 0.479500
vt 0.912200 0.476800
vt 0.875700 0.549900
vt 0.871900 0.547500
vt 0.668000 0.382000
vt 0.647300 0.389200
vt 0.664700 0.365100
vt 0.641500 0.380300
vt 0.755800 0.312500
vt 0.784700 0.314600
vt 0.767100 0.327100
vt 0.779400 0.304600
vt 0.874600 0.467500
vt 0.864500 0.472200
vt 0.845500 0.518800
vt 0.845300 0.506400
vt 0.855500 0.515700
vt 0.853900 0.510300
vt 0.876100 0.475400
vt 0.871700 0.479600
vt 0.720700 0.268700
vt 0.722200 0.298600
vt 0.705300 0.299000
vt 0.704300 0.268400
vt 0.642600 0.312000
vt 0.647500 0.303200
vt 0.674300 0.316900
vt 0.667900 0.331200
vt 0.693100 0.311200
vt 0.670000 0.349500
vt 0.738200 0.308100
vt 0.622700 0.562800
vt 0.510400 0.562100
vt 0.509700 0.549800
vt 0.622400 0.550400
vt 0.514000 0.548900
vt 0.626400 0.549200
vt 0.627100 0.562700
vt 0.514000 0.563000
vt 0.624700 0.564500
vt 0.512000 0.564500
vt 0.512000 0.547400
vt 0.624700 0.547400
vt 0.512000 0.548600
vt 0.624700 0.548600
vt 0.624700 0.563300
vt 0.512000 0.563300
vt 0.510400 0.563200
vt 0.622700 0.549100
vt 0.514400 0.547800
vt 0.626400 0.547000
vt 0.627100 0.564900
vt 0.514400 0.564100
vt 0.514000 0.550100
vt 0.626400 0.550400
vt 0.627100 0.561500
vt 0.514000 0.561800
vt 0.320000 0.416600
vt 0.476400 0.416600
vt 0.476400 0.361900
vt 0.320000 0.361900
vt 0.622400 0.564900
vt 0.509700 0.548700
vt 0.622400 0.547000
vt 0.320000 0.420800
vt 0.476400 0.420800
vt 0.320000 0.425300
vt 0.476400 0.425300
vt 0.320000 0.479200
vt 0.476400 0.479200
vt 0.476400 0.357600
vt 0.320000 0.357600
vt 0.320000 0.484300
vt 0.476400 0.484300
vt 0.476400 0.351200
vt 0.320000 0.351200
vt 0.320000 0.488100
vt 0.476400 0.488100
vt 0.627100 0.548100
vt 0.626700 0.563700
vt 0.320000 0.297500
vt 0.476400 0.297500
vt 0.476400 0.292700
vt 0.320000 0.292700
vt 0.476400 0.287500
vt 0.320000 0.287500
vt 0.320000 0.549300
vt 0.476400 0.549300
vt 0.476400 0.544500
vt 0.320000 0.544500
vt 0.320000 0.553800
vt 0.476400 0.553800
vt 0.512000 0.464300
vt 0.624700 0.464300
vt 0.624700 0.477000
vt 0.512000 0.477000
vt 0.624700 0.489600
vt 0.512000 0.489600
vt 0.512000 0.448700
vt 0.624700 0.448700
vt 0.624700 0.505700
vt 0.512000 0.505700
vt 0.320000 0.614700
vt 0.476400 0.614700
vt 0.476400 0.609300
vt 0.320000 0.609300
vt 0.320000 0.232300
vt 0.476400 0.232300
vt 0.476400 0.228100
vt 0.320000 0.228100
vt 0.622400 0.561500
vt 0.510400 0.565100
vt 0.509700 0.546800
vt 0.512000 0.435300
vt 0.624700 0.435300
vt 0.512000 0.592700
vt 0.624700 0.592700
vt 0.624700 0.607800
vt 0.512000 0.607800
vt 0.512000 0.577000
vt 0.624700 0.577000
vt 0.624700 0.521600
vt 0.512000 0.521600
vt 0.624700 0.532100
vt 0.512000 0.532100
vt 0.364200 0.082300
vt 0.236200 0.082300
vt 0.236200 0.030900
vt 0.364200 0.030900
vt 0.236200 0.032700
vt 0.364200 0.032700
vt 0.364200 0.080600
vt 0.236200 0.080600
vt 0.509700 0.550900
vt 0.510400 0.561000
vt 0.314500 0.416600
vt 0.314500 0.361900
vt 0.313600 0.420800
vt 0.314500 0.425300
vt 0.314500 0.479200
vt 0.314500 0.357600
vt 0.314500 0.484300
vt 0.314500 0.351200
vt 0.314500 0.488100
vt 0.314500 0.297500
vt 0.314500 0.292700
vt 0.314500 0.287500
vt 0.314500 0.549300
vt 0.314500 0.544500
vt 0.314500 0.553800
vt 0.508000 0.464300
vt 0.507300 0.477000
vt 0.507300 0.489600
vt 0.507300 0.448700
vt 0.508000 0.505700
vt 0.314500 0.614700
vt 0.314500 0.609300
vt 0.313600 0.232300
vt 0.314500 0.228100
vt 0.508000 0.435300
vt 0.364200 0.074800
vt 0.236200 0.074800
vt 0.236200 0.038400
vt 0.364200 0.038400
vt 0.508000 0.592700
vt 0.508000 0.607800
vt 0.236200 0.040200
vt 0.364200 0.040200
vt 0.364200 0.073100
vt 0.236200 0.073100
vt 0.508000 0.521600
vt 0.236200 0.036700
vt 0.364200 0.036700
vt 0.364200 0.076500
vt 0.236200 0.076500
vt 0.508000 0.532100
vt 0.364200 0.079100
vt 0.236200 0.079100
vt 0.236200 0.034200
vt 0.364200 0.034200
vt 0.452900 0.159600
vt 0.210200 0.184000
vt 0.210000 0.161700
vt 0.282000 0.183400
vt 0.281800 0.161100
vt 0.381100 0.160300
vt 0.381400 0.182600
vt 0.321800 0.183100
vt 0.321500 0.160800
vt 0.341400 0.160600
vt 0.341700 0.182900
vt 0.213300 0.184000
vt 0.213000 0.161700
vt 0.449900 0.159700
vt 0.450100 0.182000
vt 0.379000 0.160300
vt 0.379200 0.182600
vt 0.284200 0.183400
vt 0.283900 0.161100
vt 0.319800 0.183100
vt 0.319500 0.160800
vt 0.343400 0.160600
vt 0.343700 0.182900
vt 0.345500 0.160600
vt 0.345800 0.182900
vt 0.317700 0.183100
vt 0.317400 0.160800
vt 0.323300 0.183100
vt 0.323000 0.160700
vt 0.339900 0.160600
vt 0.340200 0.182900
vt 0.289900 0.183400
vt 0.289600 0.161000
vt 0.373300 0.160300
vt 0.373600 0.182600
vt 0.207400 0.184000
vt 0.455800 0.159600
vt 0.456100 0.182000
vt 0.375300 0.160300
vt 0.375600 0.182600
vt 0.287800 0.183400
vt 0.287600 0.161000
vt 0.453200 0.182000
vt 0.770400 0.184700
vt 0.512000 0.562200
vt 0.624700 0.549700
vt 0.624700 0.562200
vt 0.512000 0.549700
vt 0.013500 0.308800
vt 0.013500 0.280400
vt 0.047100 0.280400
vt 0.047100 0.308800
vt 0.013500 0.322000
vt 0.047100 0.322000
vt 0.013500 0.267500
vt 0.047100 0.267500
vt 0.013500 0.357500
vt 0.013500 0.297700
vt 0.047100 0.297700
vt 0.047100 0.357500
vt 0.013500 0.232000
vt 0.047100 0.232000
vt 0.013500 0.346500
vt 0.013500 0.299800
vt 0.047100 0.299800
vt 0.047100 0.346500
vt 0.013500 0.243000
vt 0.047100 0.243000
vt 0.013500 0.310200
vt 0.013500 0.279300
vt 0.047100 0.279300
vt 0.047100 0.310200
vt 0.013500 0.313700
vt 0.013500 0.275800
vt 0.047100 0.275800
vt 0.047100 0.313700
vt 0.047100 0.239600
vt 0.013500 0.239600
vt 0.047100 0.312100
vt 0.013500 0.312100
vt 0.047100 0.350600
vt 0.013500 0.350600
vt 0.047100 0.226100
vt 0.047100 0.277400
vt 0.013500 0.277400
vt 0.013500 0.226100
vt 0.047100 0.326200
vt 0.013500 0.326200
vt 0.047100 0.363400
vt 0.013500 0.363400
vt 0.047100 0.281500
vt 0.013500 0.281500
vt 0.047100 0.263300
vt 0.047100 0.296400
vt 0.013500 0.296400
vt 0.013500 0.263300
vt 0.013500 0.228700
vt 0.047100 0.228700
vt 0.013500 0.202200
vt 0.047100 0.202200
vt 0.013500 0.165500
vt 0.047100 0.165500
vt 0.013500 0.115500
vt 0.047100 0.115500
vt 0.013500 0.375300
vt 0.013500 0.324600
vt 0.047100 0.324600
vt 0.047100 0.375300
vt 0.013500 0.287500
vt 0.047100 0.287500
vt 0.013500 0.250500
vt 0.047100 0.250500
vt 0.013500 0.214200
vt 0.047100 0.214200
vt 0.013500 0.183300
vt 0.047100 0.183300
vt 0.013500 0.145300
vt 0.047100 0.145300
vt 0.013500 0.113200
vt 0.047100 0.113200
vt 0.013500 0.056500
vt 0.047100 0.056500
vt 0.013500 0.009800
vt 0.047100 0.009800
vt 0.524300 0.798700
vt 0.577600 0.798700
vt 0.569800 0.819700
vt 0.503300 0.819700
vt 0.669600 0.798700
vt 0.662400 0.819700
vt 0.762200 0.797400
vt 0.754700 0.819700
vt 0.833400 0.798700
vt 0.827500 0.819700
vt 0.915400 0.798700
vt 0.910700 0.819800
vt 0.962300 0.798700
vt 0.958000 0.819700
vt 0.985700 0.798700
vt 0.983600 0.819700
vt 0.016300 0.718400
vt 0.013500 0.703800
vt 0.041300 0.719100
vt 0.041300 0.748900
vt 0.013500 0.689300
vt 0.041300 0.689300
vt 0.469000 0.894800
vt 0.469000 0.909300
vt 0.460900 0.924600
vt 0.460900 0.894800
vt 0.469400 0.923900
vt 0.460900 0.954400
vt 0.516300 0.798700
vt 0.495300 0.819700
vt 0.561300 0.840600
vt 0.485500 0.840600
vt 0.654200 0.840600
vt 0.747200 0.840600
vt 0.821500 0.840600
vt 0.906000 0.840600
vt 0.953600 0.840600
vt 0.979300 0.840600
vt 0.064900 0.734200
vt 0.064900 0.779100
vt 0.064900 0.689300
vt 0.453000 0.939700
vt 0.453000 0.894800
vt 0.453000 0.984600
vt 0.477500 0.840600
vt 0.140600 0.321200
vt 0.180600 0.306400
vt 0.131700 0.380900
vt 0.051600 0.380900
vt 0.212400 0.300700
vt 0.211800 0.380900
vt 0.471700 0.689300
vt 0.471700 0.705100
vt 0.452500 0.725000
vt 0.452500 0.689300
vt 0.471700 0.721000
vt 0.452500 0.760700
vt 0.967200 0.904100
vt 0.947800 0.904100
vt 0.953800 0.878800
vt 0.973500 0.878800
vt 0.910600 0.904100
vt 0.913600 0.878800
vt 0.860600 0.904100
vt 0.864300 0.878800
vt 0.804300 0.904100
vt 0.809100 0.878800
vt 0.757200 0.904100
vt 0.762500 0.878800
vt 0.695800 0.904100
vt 0.701700 0.878800
vt 0.646400 0.904100
vt 0.652800 0.878800
vt 0.602100 0.904100
vt 0.607400 0.878800
vt 0.575900 0.904100
vt 0.577400 0.878800
vt 0.548100 0.904100
vt 0.545100 0.878800
vt 0.521800 0.904100
vt 0.515100 0.878800
vt 0.503900 0.904100
vt 0.495600 0.878800
vt 0.111100 0.440300
vt 0.021100 0.440300
vt 0.211800 0.440300
vt 0.432300 0.734200
vt 0.429100 0.689300
vt 0.432300 0.779100
vt 0.960100 0.867100
vt 0.980500 0.867100
vt 0.916600 0.867100
vt 0.867900 0.867100
vt 0.813800 0.867100
vt 0.767700 0.867100
vt 0.707600 0.867100
vt 0.659300 0.867100
vt 0.612600 0.867100
vt 0.578800 0.867100
vt 0.542000 0.867100
vt 0.508300 0.867100
vt 0.487300 0.870100
vt 0.207500 0.689300
vt 0.207500 0.734200
vt 0.322100 0.689300
vt 0.322100 0.734200
vt 0.947800 0.924300
vt 0.967200 0.914200
vt 0.967200 0.924300
vt 0.947800 0.914200
vt 0.986400 0.778600
vt 0.963000 0.788600
vt 0.963000 0.778600
vt 0.986400 0.788600
vt 0.916100 0.788600
vt 0.916100 0.778600
vt 0.834100 0.788600
vt 0.834100 0.778600
vt 0.762900 0.787300
vt 0.762900 0.778800
vt 0.670300 0.788600
vt 0.670300 0.778600
vt 0.578300 0.788600
vt 0.578300 0.778600
vt 0.528900 0.788600
vt 0.528900 0.778600
vt 0.520900 0.788600
vt 0.520900 0.778600
vt 0.428500 0.939700
vt 0.428500 0.894800
vt 0.386800 0.939700
vt 0.386800 0.894800
vt 0.315900 0.939700
vt 0.315700 0.894800
vt 0.910600 0.924300
vt 0.910600 0.914200
vt 0.860600 0.924300
vt 0.860600 0.914200
vt 0.804300 0.924300
vt 0.804300 0.914200
vt 0.757200 0.924300
vt 0.757200 0.914200
vt 0.695800 0.924300
vt 0.695800 0.914200
vt 0.646400 0.924300
vt 0.646400 0.914200
vt 0.602900 0.924300
vt 0.602100 0.914200
vt 0.578700 0.924300
vt 0.577900 0.914200
vt 0.221600 0.939700
vt 0.221500 0.894800
vt 0.551000 0.924300
vt 0.550200 0.914200
vt 0.524700 0.924300
vt 0.523900 0.914200
vt 0.128800 0.939700
vt 0.128800 0.894800
vt 0.506800 0.924100
vt 0.506000 0.915400
vt 0.031200 0.939700
vt 0.031200 0.894800
vt 0.211800 0.538800
vt 0.111100 0.538800
vt 0.207500 0.779100
vt 0.322100 0.779100
vt 0.428500 0.984600
vt 0.386800 0.984600
vt 0.315900 0.984600
vt 0.221600 0.984600
vt 0.128800 0.984600
vt 0.031200 0.984600
vt 0.010300 0.538800
vt 0.893900 0.444300
vt 0.853900 0.498100
vt 0.872100 0.491100
vt 0.870500 0.398600
vt 0.496800 0.410300
vt 0.444100 0.417900
vt 0.442300 0.466600
vt 0.550500 0.402300
vt 0.452100 0.525500
vt 0.604100 0.392700
vt 0.465500 0.574000
vt 0.677000 0.377000
vt 0.548400 0.567600
vt 0.747500 0.355800
vt 0.616500 0.559200
vt 0.799300 0.340600
vt 0.711600 0.541500
vt 0.832100 0.363000
vt 0.796300 0.517700
vt 0.426700 0.470400
vt 0.421700 0.390900
vt 0.433600 0.535200
vt 0.448700 0.600400
vt 0.470600 0.600300
vt 0.440300 0.391100
vt 0.475000 0.390000
vt 0.537600 0.384800
vt 0.666000 0.360000
vt 0.739400 0.338600
vt 0.799800 0.319800
vt 0.806200 0.317600
vt 0.843800 0.343700
vt 0.877700 0.378000
vt 0.915800 0.429600
vt 0.517100 0.600500
vt 0.570400 0.596300
vt 0.630400 0.589400
vt 0.683000 0.578400
vt 0.752500 0.560800
vt 0.811100 0.537300
vt 0.867100 0.517200
vt 0.902000 0.521100
vt 0.946900 0.491600
vt 0.934900 0.543200
vt 0.961300 0.576100
vt 0.972600 0.550900
vt 0.972100 0.615900
vt 0.988700 0.609700
vt 0.569800 0.737400
vt 0.577600 0.758500
vt 0.524300 0.758500
vt 0.503300 0.737400
vt 0.662400 0.737400
vt 0.669600 0.758500
vt 0.754700 0.737400
vt 0.762200 0.759800
vt 0.827500 0.737400
vt 0.833400 0.758500
vt 0.910700 0.737400
vt 0.915400 0.758500
vt 0.958000 0.737400
vt 0.962300 0.758500
vt 0.983600 0.737400
vt 0.985700 0.758500
vt 0.041300 0.659500
vt 0.013500 0.674800
vt 0.016300 0.660200
vt 0.041300 0.629700
vt 0.460900 0.865000
vt 0.469000 0.880200
vt 0.460900 0.835200
vt 0.469400 0.865700
vt 0.516300 0.758500
vt 0.495300 0.737400
vt 0.561300 0.716500
vt 0.485500 0.716500
vt 0.654200 0.716500
vt 0.747200 0.716500
vt 0.821500 0.716500
vt 0.906000 0.716500
vt 0.953600 0.716500
vt 0.979300 0.716500
vt 0.064900 0.644400
vt 0.064900 0.599500
vt 0.453000 0.849900
vt 0.453000 0.805000
vt 0.477500 0.716500
vt 0.291900 0.380900
vt 0.243100 0.306400
vt 0.283000 0.321200
vt 0.372000 0.380900
vt 0.211200 0.300700
vt 0.452500 0.653600
vt 0.471700 0.673400
vt 0.452500 0.617900
vt 0.471700 0.657600
vt 0.953800 0.969800
vt 0.947800 0.944500
vt 0.967200 0.944500
vt 0.973500 0.969800
vt 0.913600 0.969800
vt 0.910600 0.944500
vt 0.864300 0.969800
vt 0.860600 0.944500
vt 0.809100 0.969800
vt 0.804300 0.944500
vt 0.762500 0.969800
vt 0.757200 0.944500
vt 0.701700 0.969800
vt 0.695800 0.944500
vt 0.652800 0.969800
vt 0.646400 0.944500
vt 0.607400 0.969800
vt 0.602100 0.944500
vt 0.577400 0.969800
vt 0.575900 0.944500
vt 0.545100 0.969800
vt 0.548100 0.944500
vt 0.515100 0.969800
vt 0.521800 0.944500
vt 0.495600 0.969800
vt 0.503900 0.944500
vt 0.312500 0.440300
vt 0.402500 0.440300
vt 0.432300 0.644400
vt 0.432300 0.599500
vt 0.960100 0.981500
vt 0.980500 0.981500
vt 0.916600 0.981500
vt 0.867900 0.981500
vt 0.813800 0.981500
vt 0.767700 0.981500
vt 0.707600 0.981500
vt 0.659300 0.981500
vt 0.612600 0.981500
vt 0.578800 0.981500
vt 0.542000 0.981500
vt 0.508300 0.981500
vt 0.487300 0.978400
vt 0.207500 0.644400
vt 0.322100 0.644400
vt 0.967200 0.934400
vt 0.947800 0.934400
vt 0.963000 0.768500
vt 0.986400 0.768500
vt 0.916100 0.768500
vt 0.834100 0.768500
vt 0.762900 0.769800
vt 0.670300 0.768500
vt 0.578300 0.768500
vt 0.528900 0.768500
vt 0.520900 0.768500
vt 0.428500 0.849900
vt 0.386800 0.849900
vt 0.315900 0.849900
vt 0.910600 0.934400
vt 0.860600 0.934400
vt 0.804300 0.934400
vt 0.757200 0.934400
vt 0.695800 0.934400
vt 0.646400 0.934400
vt 0.602100 0.934400
vt 0.577900 0.934400
vt 0.221600 0.849900
vt 0.550200 0.934400
vt 0.523900 0.934400
vt 0.128800 0.849900
vt 0.506000 0.933100
vt 0.031200 0.849900
vt 0.312500 0.538800
vt 0.207500 0.599500
vt 0.322100 0.599500
vt 0.428500 0.805000
vt 0.386800 0.805000
vt 0.315900 0.805000
vt 0.221600 0.805000
vt 0.128800 0.805000
vt 0.031200 0.805000
vt 0.413300 0.538800
vt 0.499500 0.213300
vt 0.517900 0.219600
vt 0.476100 0.167500
vt 0.497800 0.120800
vt 0.928200 0.170800
vt 0.924500 0.122200
vt 0.871600 0.116800
vt 0.817700 0.111100
vt 0.920500 0.230000
vt 0.763800 0.103800
vt 0.908800 0.279000
vt 0.690300 0.091100
vt 0.825800 0.276200
vt 0.619100 0.072900
vt 0.757500 0.270600
vt 0.566800 0.059900
vt 0.661700 0.257000
vt 0.534900 0.083600
vt 0.576300 0.236800
vt 0.457700 0.210100
vt 0.945900 0.094300
vt 0.943800 0.173900
vt 0.939400 0.239000
vt 0.926600 0.304800
vt 0.904700 0.305600
vt 0.927400 0.095200
vt 0.892600 0.095600
vt 0.829900 0.093000
vt 0.773300 0.086600
vt 0.700700 0.073700
vt 0.626600 0.055300
vt 0.565600 0.039100
vt 0.559000 0.037200
vt 0.522500 0.064900
vt 0.489800 0.100500
vt 0.453600 0.153800
vt 0.858200 0.307700
vt 0.804800 0.305800
vt 0.744700 0.301400
vt 0.691600 0.292600
vt 0.621600 0.278000
vt 0.562200 0.257000
vt 0.505500 0.239200
vt 0.470700 0.244600
vt 0.424800 0.217000
vt 0.438700 0.268100
vt 0.413500 0.302100
vt 0.401400 0.277400
vt 0.404100 0.342300
vt 0.387300 0.336700
# 3453 texture coordinates

vn 0.000000 -1.000000 -0.000000
vn 1.000000 0.000000 -0.000000
vn -1.000000 0.000300 -0.000200
vn -0.816600 -0.577200 -0.000000
vn 0.816600 -0.577200 -0.000000
vn 0.000000 -0.009800 1.000000
vn 0.000000 0.998900 0.047300
vn -0.000000 0.781000 0.624600
vn 0.000000 0.421000 0.907100
vn -0.000000 -0.749600 0.661900
vn 0.000000 -0.960800 0.277200
vn 0.000000 1.000000 -0.000000
vn 0.000000 0.607400 -0.794400
vn 0.000000 0.242600 -0.970100
vn 0.000000 -0.146600 -0.989200
vn 0.000000 -0.592500 -0.805500
vn -0.934700 0.355600 -0.000000
vn 0.931500 0.363700 -0.000000
vn -1.000000 0.002900 0.006000
vn -0.000000 -1.000000 -0.001100
vn 0.000000 0.000000 1.000000
vn 0.000000 0.181300 -0.983400
vn 0.000000 0.181300 0.983400
vn 0.000000 0.000000 -1.000000
vn 0.000000 1.000000 -0.001700
vn -0.816600 -0.577200 0.004500
vn 0.816600 -0.577200 0.004500
vn -0.647700 -0.761900 0.000200
vn -0.799100 -0.564800 0.206100
vn 0.624000 -0.734100 0.267800
vn -0.545100 -0.641300 0.540000
vn 0.545100 -0.641300 0.540000
vn 0.178300 -0.984000 -0.000000
vn -0.178500 0.983900 0.000100
vn 0.510500 -0.859900 -0.000000
vn -0.510700 0.859800 -0.000000
vn 0.774900 -0.632100 -0.000000
vn -0.774800 0.632200 -0.000100
vn 0.942700 -0.333600 -0.000000
vn -0.942700 0.333700 -0.000000
vn 0.942700 0.333600 -0.000000
vn -0.942700 -0.333700 -0.000000
vn 0.774900 0.632100 0.000000
vn -0.774800 -0.632200 -0.000000
vn 0.510500 0.859900 -0.000000
vn -0.510600 -0.859800 -0.000000
vn 0.178500 0.983900 -0.000000
vn -0.178500 -0.983900 -0.000000
vn 0.000000 -0.052500 -0.998600
vn -0.019800 -0.033400 -0.999200
vn -0.010400 -0.057300 -0.998300
vn 0.010200 -0.056200 -0.998400
vn 0.000000 -0.105200 -0.994500
vn 0.019100 -0.032200 -0.999300
vn -0.017100 0.006100 -0.999800
vn -0.010100 0.008200 -0.999900
vn -0.006000 0.010100 -0.999900
vn -0.002300 0.012800 -0.999900
vn 0.002300 0.012900 -0.999900
vn 0.006200 0.010400 -0.999900
vn 0.010400 0.008500 -0.999900
vn 0.018200 0.006400 -0.999800
vn 0.000000 0.015000 -0.999900
vn 0.059600 -0.001200 -0.998200
vn -0.050500 -0.001200 -0.998700
vn 0.047100 -0.016700 -0.998800
vn 0.061600 0.000000 -0.998100
vn -0.052200 0.000000 -0.998600
vn -0.041500 -0.014700 -0.999000
vn -0.040000 -0.032600 -0.998700
vn -0.034300 -0.010100 -0.999400
vn 0.045200 -0.036900 -0.998300
vn 0.038200 -0.011800 -0.999200
vn 0.000000 -0.367500 0.930000
vn 0.919200 0.371100 0.132000
vn -0.919200 0.371100 0.132000
vn 0.000000 0.031300 -0.999500
vn -0.082200 0.001200 -0.996600
vn 0.000000 -0.003900 -1.000000
vn 0.000000 -0.019400 -0.999800
vn 0.000000 0.999900 0.013500
vn 0.000000 0.859200 -0.511600
vn 0.000000 -0.879400 -0.476100
vn 0.000000 0.859200 0.511600
vn 0.000000 -0.859200 0.511700
vn 0.000000 -0.481800 -0.876300
vn 0.000000 1.000000 -0.003100
vn 0.000000 -1.000000 0.003100
vn 0.000000 0.880700 -0.473600
vn 0.000000 0.621200 -0.783600
vn 0.000000 0.319900 -0.947500
vn 0.000000 1.000000 0.005800
vn 0.000000 -0.002400 -1.000000
vn 0.000000 -0.752600 -0.658500
vn 0.000000 0.010800 -0.999900
vn 0.000000 0.009200 1.000000
vn 0.000000 0.001600 -1.000000
vn 0.000000 0.003200 1.000000
vn 0.000000 0.019600 -0.999800
vn 0.000000 -0.008600 -1.000000
vn 0.000000 -0.028600 0.999600
vn 0.000000 0.004300 -1.000000
vn 0.000000 -0.003500 1.000000
vn -0.998600 0.040900 -0.032500
vn -0.999900 -0.000000 -0.013000
vn -0.999800 -0.014700 -0.012900
vn -0.999900 -0.000300 -0.014900
vn -0.999800 0.000200 0.021300
vn -0.999700 0.001500 0.023900
vn -0.999900 -0.010300 0.007000
vn -0.999700 -0.000000 -0.024900
vn -0.999600 0.000200 0.027500
vn -0.999900 -0.010000 -0.008800
vn -0.865100 -0.501500 -0.009800
vn -0.859700 -0.510700 -0.001500
vn -0.849400 -0.527800 -0.005100
vn -0.851600 -0.523900 -0.016600
vn -0.999900 -0.010600 -0.000200
vn -0.999900 -0.010500 0.012000
vn -0.999800 -0.010800 -0.019400
vn -0.999800 0.021700 -0.000000
vn -0.999700 0.022700 -0.000600
vn -0.691700 0.722200 -0.000000
vn -0.687000 0.726600 -0.002100
vn -0.734100 -0.679000 0.002000
vn -1.000000 -0.004500 -0.000000
vn -0.933400 0.358200 -0.019600
vn -0.929000 0.369000 -0.028200
vn -0.932000 0.361900 0.021200
vn -0.924100 0.382100 0.002400
vn 0.999900 0.014400 -0.003900
vn -0.529900 0.815200 -0.233700
vn -1.000000 -0.000900 0.000200
vn 0.531400 0.817600 -0.221900
vn 0.497000 0.764600 -0.410300
vn 0.454600 0.699300 -0.551700
vn 1.000000 0.000900 -0.002600
vn -0.209900 0.322800 -0.922900
vn 0.392600 0.604000 -0.693600
vn 1.000000 0.000900 -0.001100
vn -0.373700 0.574800 -0.728000
vn 0.374000 0.574700 -0.727900
vn -0.545000 0.838300 -0.014800
vn 0.545000 0.838300 -0.014800
vn -0.000000 -0.001000 1.000000
vn -0.363400 0.559000 -0.745300
vn 0.363400 0.559000 -0.745300
vn 1.000000 -0.000400 0.001100
vn 0.000000 -0.441100 -0.897400
vn 0.000000 0.965100 -0.261900
vn 0.000100 0.785100 -0.619300
vn 0.000000 0.327100 -0.945000
vn 0.000000 0.656700 -0.754100
vn 0.000000 0.619700 -0.784900
vn 0.000000 0.000000 -0.000000
vn -0.003100 0.005500 -1.000000
vn 0.003100 0.005500 -1.000000
vn 0.000000 0.021300 -0.999800
vn 0.000000 -0.938500 -0.345200
vn -0.000500 -0.938900 -0.344200
vn -0.000300 -0.886700 -0.462400
vn -0.002000 -0.888600 -0.458600
vn -0.002400 -0.731700 -0.681600
vn 0.000700 -0.726600 -0.687100
vn 0.000000 0.919300 0.393500
vn 0.002400 0.920800 0.389900
vn 0.003700 0.665400 0.746400
vn -0.001900 0.654900 0.755700
vn -0.001800 0.465400 0.885100
vn -0.001600 0.102100 0.994800
vn 0.000000 0.113900 0.993500
vn 0.000300 -0.591000 -0.806700
vn 1.000000 -0.000000 0.008200
vn 1.000000 0.004100 0.007600
vn 0.826300 -0.488000 0.281400
vn 0.827100 -0.487500 0.279800
vn 0.829500 -0.483000 0.280400
vn -1.000000 -0.000000 0.006600
vn -0.826800 -0.485300 0.284400
vn -0.828600 -0.484300 0.280800
vn -0.012300 0.022400 0.999700
vn 0.008600 0.015600 0.999800
vn -0.482700 -0.875800 -0.000000
vn -0.002500 -0.004500 -1.000000
vn 0.001700 -0.003100 -1.000000
vn -0.483800 0.875100 0.013000
vn -0.482600 0.875700 0.016000
vn -0.014100 0.022400 0.999600
vn 0.009800 0.015600 0.999800
vn 0.533800 -0.845600 -0.000000
vn 0.532500 0.846300 0.012500
vn 0.534900 0.844700 0.018000
vn 0.000000 0.015600 0.999900
vn 0.000000 -0.050200 0.998700
vn 0.000000 -0.994400 0.105400
vn 0.000000 -0.008600 1.000000
vn 0.000000 0.999100 -0.041300
vn 0.000000 0.990700 -0.136300
vn 0.000000 -0.797000 -0.604000
vn 0.000000 -0.012600 -0.999900
vn 0.000000 0.832100 -0.554700
vn 0.001000 -0.994400 0.105300
vn 0.001000 0.999100 -0.041300
vn 0.999900 0.000000 0.013400
vn -0.999900 0.000000 0.013400
vn 0.000000 1.000000 0.002100
vn 0.000000 1.000000 0.004400
vn 0.000000 0.990400 0.138100
vn 0.000000 0.996400 0.084500
vn 0.000000 0.990600 0.136500
vn 0.000000 0.937500 0.348000
vn 0.000000 -0.488300 -0.872700
vn 0.000000 -0.657800 0.753200
vn 0.000000 -0.263000 -0.964800
vn 0.000000 -0.510200 0.860000
vn 0.000000 0.058700 -0.998300
vn 0.000000 -0.565800 0.824500
vn 0.000000 0.410400 -0.911900
vn 0.000000 -0.449600 0.893200
vn 0.000000 0.648500 -0.761200
vn -0.000000 -0.590700 0.806900
vn -0.000000 -0.881400 0.472300
vn 0.000000 0.860300 -0.509800
vn 0.000000 -1.000000 0.001500
vn -0.000000 -0.738800 0.673900
vn 0.000000 -0.942600 -0.333900
vn 0.000000 -0.998700 0.051200
vn 0.000000 -0.442800 -0.896600
vn 0.000000 -0.344800 -0.938700
vn -0.000000 -0.508000 -0.861300
vn 0.000000 -0.544800 -0.838600
vn 0.000000 -0.718500 -0.695500
vn 0.000000 0.427000 -0.904300
vn 0.000000 0.999800 -0.017600
vn -0.000000 0.999300 0.037700
vn 0.000000 0.935300 -0.353700
vn 0.000000 0.827800 -0.561000
vn 0.000000 0.712400 -0.701800
vn 0.000000 0.616200 -0.787600
vn 0.000000 0.694100 -0.719900
vn 0.000000 0.976200 -0.216900
vn 0.000000 0.999900 0.015200
vn 0.000000 -0.740800 0.671700
vn -0.000000 -0.046300 0.998900
vn 0.000000 -0.999900 -0.011400
vn 0.000000 0.999900 0.011100
vn 0.000000 -0.999400 -0.034900
vn 0.000000 0.007200 -1.000000
vn 0.000000 0.996200 0.087400
vn 0.000000 -0.999800 0.018700
vn 0.000000 0.562600 0.826800
vn 0.000000 0.083000 0.996500
vn 0.000000 -0.857500 0.514500
vn 0.000000 -0.999900 -0.013500
vn -0.000000 0.999800 -0.019200
vn 0.000000 -0.592500 0.805600
vn 0.000000 -0.599800 -0.800200
vn 0.000000 -0.609300 0.793000
vn 0.000000 -0.886200 0.463300
vn 0.000000 -1.000000 0.007800
vn 0.000000 0.976700 0.214500
vn -0.000000 0.690400 0.723500
vn 0.000000 -0.825000 0.565200
vn 0.000000 0.999200 0.041200
vn -0.000000 0.999500 0.033100
vn -0.000000 0.625200 -0.780400
vn -0.000000 0.554700 0.832000
vn 0.000000 -0.733600 0.679600
vn 0.000000 -0.434400 -0.900700
vn -0.000000 0.166200 -0.986100
vn 0.000000 -0.302100 -0.953300
vn 0.000000 -0.784700 -0.619800
vn 0.000000 -0.467900 -0.883800
vn -0.000000 0.348700 -0.937200
vn -0.000000 1.000000 -0.006400
vn 0.000000 -0.316300 -0.948700
vn 0.000000 -0.602000 -0.798500
vn -1.000000 -0.002300 -0.000000
vn -1.000000 0.006200 0.000200
vn -0.907800 0.015400 0.419000
vn -0.875200 -0.483800 0.000600
vn -0.940500 0.201200 0.273900
vn -0.943400 0.185700 0.275000
vn -0.944000 -0.317700 -0.088600
vn -0.884800 -0.465200 -0.026800
vn -0.944600 0.244300 0.219300
vn -0.946600 0.228000 0.228200
vn -0.948300 -0.299900 -0.103900
vn -0.944600 -0.314300 -0.094500
vn -0.950300 0.226900 0.213200
vn -0.946500 0.254700 0.198100
vn -0.960200 -0.248700 -0.127300
vn -0.947300 -0.308200 -0.087700
vn -0.938300 0.193900 0.286400
vn -0.940900 -0.332600 -0.064500
vn -0.959800 -0.262600 -0.098800
vn -0.999500 -0.025000 -0.016800
vn -1.000000 -0.000200 0.004700
vn -0.999900 0.014500 0.004300
vn -1.000000 0.006100 0.001400
vn -0.999900 0.012700 -0.005200
vn -0.839700 0.000000 0.543100
vn -0.840800 0.001500 0.541400
vn -0.932300 0.361800 -0.000900
vn -1.000000 0.002000 -0.000000
vn 1.000000 -0.002300 -0.000000
vn 1.000000 0.006100 0.000200
vn 0.907900 0.015400 0.419000
vn 0.875200 -0.483800 0.000600
vn 0.940500 0.201200 0.273900
vn 0.943400 0.185600 0.274900
vn 0.944000 -0.317700 -0.088500
vn 0.884800 -0.465200 -0.026800
vn 0.944600 0.244300 0.219300
vn 0.946600 0.227900 0.228200
vn 0.948300 -0.299900 -0.103900
vn 0.944600 -0.314300 -0.094500
vn 0.950300 0.226900 0.213100
vn 0.946500 0.254700 0.198100
vn 0.960200 -0.248700 -0.127300
vn 0.947300 -0.308200 -0.087700
vn 0.938300 0.193800 0.286400
vn 0.940900 -0.332600 -0.064500
vn 0.959800 -0.262500 -0.098800
vn 1.000000 0.006300 0.001500
vn 1.000000 -0.000200 0.006000
vn 0.833100 0.000000 0.553100
vn 0.834200 0.001500 0.551400
vn 0.863100 -0.505000 -0.003400
vn 0.857300 -0.514800 0.000200
vn 0.930100 0.367200 0.000800
vn 0.929400 0.369000 -0.000000
vn 0.929000 0.370100 -0.000000
vn -0.449500 0.691500 -0.565400
vn -0.716000 0.525200 -0.459900
vn -0.732700 0.542800 -0.410600
vn -0.687500 0.582300 -0.433800
vn -0.705700 0.622200 -0.338900
vn -0.720300 0.610100 -0.330200
vn -0.778000 0.623900 -0.074000
vn -0.544500 0.837600 -0.044700
vn 0.001800 0.786300 -0.617900
vn 0.001700 0.872500 -0.488700
vn -0.002600 0.870900 -0.491400
vn -0.001400 0.998600 -0.053100
vn 0.000000 0.998600 -0.052000
vn 0.000000 0.751200 -0.660100
vn 0.001900 0.752300 -0.658800
vn 0.999400 0.028600 -0.020800
vn 0.999300 0.028200 -0.023800
vn 0.998000 0.049800 -0.038100
vn 0.998300 0.051000 -0.028600
vn 0.998700 0.044300 -0.025200
vn 0.999100 0.041500 -0.002800
vn 1.000000 -0.002200 0.006700
vn 1.000000 -0.002100 0.001600
vn 1.000000 -0.003700 -0.002600
vn -0.999900 0.002200 0.010600
vn -0.999800 0.006000 0.017800
vn -0.999900 0.004000 0.014700
vn -0.999800 -0.016100 -0.008300
vn -0.999800 0.008500 -0.016200
vn 0.000000 0.163900 0.986500
vn 0.728600 0.684900 -0.000000
vn -0.730300 0.682200 0.034000
vn -0.761900 0.647700 -0.000000
vn -0.786800 -0.617200 -0.000000
vn 0.786900 -0.617100 -0.000000
vn 0.891000 -0.454000 -0.000000
vn -0.890700 -0.454000 0.021900
vn -0.920400 -0.390900 -0.000000
vn 0.665100 0.746800 0.000600
vn -0.730200 0.683300 0.001400
vn 0.002000 0.004400 1.000000
vn 0.999900 -0.012700 -0.003800
vn 0.000000 -1.000000 0.006500
vn -1.000000 -0.000000 0.003300
vn -0.999900 0.012700 0.003800
vn -0.805000 0.593300 0.002700
vn -0.730200 0.683300 -0.001500
vn 0.665000 0.746800 -0.002900
vn 0.816700 0.577000 -0.010200
vn 0.000000 -0.958600 -0.284600
vn -0.890900 -0.454100 -0.000000
vn 0.001700 -0.009600 1.000000
vn -0.890600 -0.454000 0.027200
vn 0.920100 -0.390800 -0.025100
vn 0.001000 -0.000500 -1.000000
vn 0.920200 -0.390800 -0.021300
vn 0.339500 0.845800 -0.411600
vn 0.212700 0.840000 -0.499100
vn 0.194100 0.865300 -0.462200
vn 0.439600 0.740600 -0.508200
vn 0.331700 0.765200 -0.551800
vn 0.666100 0.393100 -0.633900
vn 0.665000 0.393300 -0.634900
vn 0.828100 -0.076300 -0.555300
vn 0.888200 -0.032300 -0.458400
vn 0.889600 -0.231100 -0.394000
vn 0.832500 -0.306100 -0.461700
vn -0.398100 0.788700 -0.468500
vn -0.178100 0.884800 -0.430600
vn -0.366900 0.820500 -0.438300
vn -0.453400 0.722900 -0.521400
vn -0.301900 0.786000 -0.539400
vn -0.666300 0.392600 -0.633900
vn -0.664700 0.393700 -0.634900
vn -0.822900 -0.039900 -0.566700
vn -0.890800 -0.061800 -0.450100
vn -0.887000 -0.255100 -0.384800
vn -0.834900 -0.278500 -0.474800
vn 0.000000 0.899200 -0.437600
vn 0.000000 0.811100 -0.584900
vn 0.000000 0.526600 -0.850100
vn 0.631600 -0.244500 -0.735700
vn 0.694700 -0.050600 -0.717500
vn 0.292700 -0.362800 -0.884700
vn 0.653800 -0.383100 -0.652500
vn -0.631600 -0.244500 -0.735700
vn -0.607200 -0.301400 -0.735100
vn -0.435400 -0.063300 -0.898000
vn -0.211100 -0.494900 -0.842900
vn -0.565100 -0.620500 -0.543800
vn 0.000000 -0.379400 -0.925200
vn 0.000000 -0.506300 -0.862400
vn 0.520200 0.317400 0.792900
vn 0.679400 0.260000 0.686100
vn 0.687100 -0.102900 0.719300
vn 0.495500 -0.113600 0.861200
vn -0.516400 0.303500 0.800800
vn -0.677300 0.273400 0.683000
vn -0.687900 -0.094900 0.719600
vn -0.498200 -0.122800 0.858300
vn 0.000000 -0.070300 -0.997500
vn 0.000000 -0.552500 -0.833500
vn 0.000000 0.371700 0.928400
vn 0.000000 -0.141600 0.989900
vn 0.325800 0.710500 0.623700
vn 0.000000 0.751500 0.659700
vn 0.544700 0.424100 0.723500
vn 0.000000 0.505700 0.862700
vn 0.000000 0.866900 0.498400
vn 0.374800 0.803700 0.462100
vn 0.565500 0.620500 0.543300
vn 0.000000 0.504500 0.863400
vn -0.210900 0.493200 0.844000
vn -0.212300 0.496000 0.842000
vn 0.214500 0.492800 0.843300
vn 0.208700 0.496400 0.842600
vn 0.506800 -0.862100 -0.001200
vn 0.413500 -0.910500 0.003000
vn 0.371800 0.902600 -0.216900
vn 0.434500 0.880500 -0.189800
vn 0.324700 0.617100 -0.716800
vn -0.210900 0.371500 -0.904200
vn 0.431000 0.870100 -0.239100
vn 0.324100 0.711400 0.623500
vn 0.211500 0.371800 -0.903900
vn 0.566600 0.538700 -0.623500
vn 0.433100 0.876400 -0.210700
vn 0.545400 0.319600 -0.774800
vn 0.717400 0.455000 -0.527600
vn 0.438200 0.896700 -0.062200
vn -0.324600 0.711700 0.623000
vn -0.324200 0.710900 0.624100
vn 0.555900 0.801500 -0.220400
vn 0.508600 0.818300 -0.267800
vn -0.211200 0.494300 0.843300
vn -0.694400 -0.050600 -0.717800
vn -0.411700 -0.911300 -0.001200
vn -0.502600 -0.864500 0.002800
vn -0.000600 0.652400 -0.757900
vn -0.433200 0.876400 -0.210600
vn -0.382100 0.903400 -0.194800
vn -0.558700 0.719000 0.413400
vn -0.324300 0.617800 -0.716300
vn -0.430600 0.870300 -0.239200
vn -0.545800 0.318800 -0.774900
vn -0.734700 0.258700 -0.627200
vn -0.566400 0.538200 -0.624100
vn -0.438000 0.896800 -0.062200
vn -0.497300 0.836500 -0.230000
vn -0.578300 0.775400 -0.253700
vn 0.000000 0.977500 -0.210800
vn 0.000000 0.380000 -0.925000
vn 0.000000 0.964200 -0.265200
vn 0.000000 0.653800 -0.756700
vn 0.000000 0.972300 -0.233700
vn 0.000000 0.997600 -0.069400
vn 0.000000 0.950400 -0.311000
vn 0.323000 0.712100 0.623400
vn 0.000000 0.933300 -0.359000
vn 0.000000 0.758100 -0.652100
vn 0.000000 0.816700 -0.577000
vn 0.000000 0.924500 -0.381100
vn 0.281400 0.937300 -0.205800
vn 0.112200 0.756200 -0.644700
vn 0.000000 0.681000 -0.732300
vn -0.848400 0.405500 -0.340300
vn -0.999700 0.022000 0.009900
vn -0.843800 -0.199500 0.498200
vn -0.912700 -0.099400 0.396300
vn -0.483300 -0.278000 0.830100
vn -0.642300 -0.156300 0.750300
vn -0.492600 -0.216900 0.842800
vn -0.422000 -0.254900 0.870000
vn -0.201000 -0.314400 0.927800
vn 0.000000 -0.460200 0.887800
vn 0.082100 -0.458900 0.884700
vn 0.000000 -0.351900 0.936000
vn -0.000900 -0.822900 -0.568200
vn -0.015100 -0.822800 -0.568200
vn 0.040300 -0.821200 -0.569200
vn 0.019700 -0.821700 -0.569500
vn -0.043400 -0.822200 -0.567600
vn -0.864200 0.411900 0.289100
vn -0.494500 0.712100 0.498400
vn -0.539000 0.696400 0.473900
vn -0.358900 0.771600 0.525100
vn -0.296000 0.788400 0.539200
vn -0.196500 0.809700 0.553000
vn -0.313800 0.788100 0.529500
vn -0.202900 0.812100 0.547000
vn -0.341500 0.783300 0.519500
vn 0.000000 -0.790700 0.612200
vn 0.000000 -0.624500 0.781100
vn 0.000000 -0.457000 0.889500
vn 0.000000 -0.316200 0.948700
vn 0.993000 0.098200 0.065800
vn 0.993300 0.095500 0.065000
vn 0.985700 0.139500 0.095000
vn 0.986700 0.133800 0.092400
vn -0.568000 0.630600 -0.528800
vn -0.616700 0.609900 -0.497600
vn -0.321700 0.743200 -0.586700
vn 0.000000 -0.242100 0.970200
vn 0.000000 0.223500 0.974700
vn 0.000000 0.837900 0.545900
vn 0.000000 0.748700 -0.662900
vn -0.096700 0.677800 -0.728800
vn 0.000000 0.236100 0.971700
vn 0.235100 -0.013700 0.971900
vn -0.835900 0.456000 0.305600
vn -0.828500 0.436500 -0.350700
vn -0.039700 -0.822800 -0.566900
vn -0.633300 0.584400 -0.507400
vn -0.022100 -0.821800 -0.569300
vn 0.019400 -0.806900 -0.590300
vn 0.009600 -0.398000 -0.917300
vn 0.002200 -0.091000 -0.995800
vn -0.002500 -0.094600 -0.995500
vn -0.004200 -0.156400 -0.987700
vn 0.013800 0.514800 0.857200
vn 0.004300 0.160900 0.987000
vn -0.013500 0.171200 0.985100
vn 0.014500 -0.184100 0.982800
vn 0.004700 -0.179600 0.983700
vn -0.999700 -0.009200 0.022700
vn -0.999900 0.012300 -0.000000
vn 0.999900 -0.012300 -0.000000
vn 0.999400 0.029800 -0.018700
vn 0.999900 0.003600 0.010100
vn 0.999900 0.003200 -0.014500
vn 0.023000 -0.890300 -0.454900
vn 0.016100 -0.620800 -0.783800
vn -0.017600 -0.653500 -0.756700
vn -0.998900 0.010600 0.046400
vn -0.994800 0.015900 -0.100600
vn -0.999200 -0.039100 -0.008100
vn 0.999900 0.012700 0.006100
vn 0.999700 0.003600 -0.024600
vn 0.999500 -0.024400 0.018700
vn -0.025800 0.998800 -0.042400
vn -0.027800 0.998700 -0.042800
vn 0.021100 -0.759800 0.649800
vn 0.019700 -0.759300 0.650400
vn -0.999000 0.016100 0.041600
vn -0.050200 0.963200 0.264000
vn -0.057600 0.959000 0.277500
vn 0.572500 0.751600 0.327600
vn 0.650200 0.716900 0.251500
vn -0.531300 0.813100 0.238000
vn -0.582500 0.748900 0.315900
vn 0.084200 0.953800 0.288500
vn 0.095500 0.958200 0.269800
vn 0.984900 0.000000 0.173300
vn -0.984800 0.003800 0.173800
vn -0.984500 0.003400 0.175100
vn -0.982500 0.007800 0.185900
vn -0.981900 0.005600 0.189300
vn 0.977800 0.004200 0.209400
vn 0.978100 0.003700 0.208200
vn 0.000000 0.995300 -0.096600
vn 0.018000 -0.954000 0.299200
vn 0.021200 -0.945100 0.326100
vn 0.000000 0.696700 0.717400
vn 0.695900 -0.718100 -0.000000
vn -0.695800 -0.718200 -0.000000
vn 0.000000 0.921700 -0.387800
vn 0.000000 0.226000 0.974100
vn 0.000000 0.991200 0.132300
vn -0.000000 0.919900 -0.392100
vn 0.000100 0.820900 0.571100
vn 0.000000 0.206000 0.978500
vn 0.824700 0.565600 -0.000000
vn -0.628200 0.778000 -0.000000
vn -0.983600 -0.180400 -0.000000
vn 0.277100 0.960800 -0.000000
vn -0.974300 0.225200 -0.000000
vn 0.980900 0.194300 -0.000000
vn -0.272000 0.962300 -0.000000
vn -0.727400 0.686300 -0.000000
vn 0.450600 0.892700 -0.000000
vn 0.968600 -0.248700 -0.000000
vn 0.298900 0.954300 -0.000000
vn 0.259900 -0.965600 -0.000000
vn -0.200600 0.979700 -0.000000
vn -0.215200 -0.976600 -0.000000
vn -0.966800 0.255400 -0.000000
vn 0.710400 -0.703800 -0.000000
vn -0.300800 -0.953700 -0.000000
vn 0.743100 -0.669200 -0.000000
vn -0.724600 -0.689100 -0.000000
vn 0.988400 0.151700 -0.000000
vn 0.020600 -0.999800 -0.000000
vn -0.909500 -0.415800 -0.000000
vn -0.746400 0.665500 -0.000000
vn 0.692100 0.721800 -0.000000
vn 0.967900 0.251400 -0.000000
vn 0.718000 0.696000 -0.000000
vn 0.266400 0.963900 -0.000000
vn -0.266400 0.963900 -0.000000
vn -0.718000 0.696000 -0.000000
vn -0.967900 0.251300 -0.000000
vn -0.967900 -0.251400 -0.000000
vn -0.718100 -0.696000 -0.000000
vn -0.266400 -0.963900 -0.000000
vn 0.266400 -0.963900 -0.000000
vn 0.718100 -0.696000 -0.000000
vn 0.967900 -0.251500 -0.000000
vn 0.965500 0.260300 -0.000000
vn 0.705000 0.709200 -0.000000
vn 0.257200 0.966400 -0.000000
vn -0.257200 0.966400 -0.000000
vn -0.705000 0.709200 -0.000000
vn -0.965500 0.260300 -0.000000
vn -0.965500 -0.260300 -0.000000
vn -0.704900 -0.709300 -0.000000
vn -0.257400 -0.966300 -0.000000
vn 0.257400 -0.966300 -0.000000
vn 0.704900 -0.709300 -0.000000
vn 0.965500 -0.260300 -0.000000
vn 0.971600 0.236700 -0.000000
vn 0.740500 0.672100 -0.000000
vn 0.283000 0.959100 -0.000000
vn -0.283100 0.959100 -0.000000
vn -0.740300 0.672300 -0.000000
vn -0.971700 0.236300 -0.000000
vn -0.971700 -0.236300 -0.000000
vn -0.740300 -0.672300 -0.000000
vn -0.283100 -0.959100 -0.000000
vn 0.282900 -0.959100 -0.000000
vn 0.740500 -0.672100 -0.000000
vn 0.971600 -0.236700 -0.000000
vn 0.963700 0.266800 -0.000000
vn 0.855300 0.236500 -0.461000
vn 0.553000 0.152900 -0.819000
vn 0.695400 0.718600 -0.000000
vn 0.619200 0.639800 -0.455200
vn 0.402600 0.416400 -0.815200
vn 0.251000 0.968000 -0.000000
vn 0.224100 0.864100 -0.450700
vn 0.146800 0.565900 -0.811300
vn -0.251200 0.967900 -0.000000
vn -0.224200 0.864100 -0.450600
vn -0.147100 0.566200 -0.811100
vn -0.695100 0.718900 -0.000000
vn -0.619200 0.639800 -0.455200
vn -0.402800 0.416200 -0.815200
vn -0.963700 0.266800 -0.000000
vn -0.855000 0.236700 -0.461400
vn -0.552900 0.153300 -0.819000
vn -0.963700 -0.267000 -0.000000
vn -0.855200 -0.237200 -0.460900
vn -0.553000 -0.153400 -0.819000
vn -0.618900 -0.639500 -0.456000
vn -0.403100 -0.416500 -0.814900
vn -0.250700 -0.968100 -0.000000
vn -0.223700 -0.864400 -0.450300
vn -0.146500 -0.566000 -0.811300
vn 0.250500 -0.968100 -0.000000
vn 0.223600 -0.864200 -0.450600
vn 0.146600 -0.566200 -0.811100
vn 0.618900 -0.639500 -0.456000
vn 0.402800 -0.416200 -0.815200
vn 0.963700 -0.267000 -0.000000
vn 0.855500 -0.237000 -0.460300
vn 0.553200 -0.153000 -0.818900
vn -0.855600 0.236900 -0.460300
vn 0.855000 -0.236900 -0.461400
vn -0.224000 0.863600 -0.451700
vn -0.224100 -0.863600 -0.451700
vn 0.224000 -0.863600 -0.451700
vn 0.817000 -0.145500 0.558000
vn 0.815700 0.155200 0.557200
vn 0.818100 0.174900 0.547800
vn 0.592700 0.572200 0.566800
vn 0.593400 0.570400 0.567900
vn 0.247900 0.794000 0.555100
vn 0.243400 0.797700 0.551800
vn -0.230200 0.808300 0.541900
vn -0.203400 0.804700 0.557700
vn -0.604900 0.530900 0.593500
vn -0.564900 0.549400 0.615700
vn -0.733800 0.261100 0.627200
vn -0.799800 0.171000 0.575300
vn -0.793400 -0.211700 0.570700
vn -0.778300 -0.138600 0.612500
vn -0.589200 -0.517100 0.620800
vn -0.224300 -0.787500 0.574100
vn -0.194800 -0.813400 0.548100
vn 0.250700 -0.802800 0.540900
vn 0.230300 -0.801300 0.552100
vn 0.592100 -0.571600 0.568000
vn 0.593900 -0.570900 0.566900
vn 0.835300 -0.119200 0.536700
vn 0.260500 -0.834200 -0.486000
vn 0.625000 -0.600800 -0.498500
vn 0.525900 -0.761500 -0.378800
vn 0.876900 -0.156200 -0.454600
vn 0.870700 -0.124200 -0.475900
vn 0.842300 0.180100 -0.508100
vn 0.853200 0.162400 -0.495600
vn 0.595200 0.572100 -0.564400
vn 0.593400 0.572800 -0.565400
vn 0.238300 0.781000 -0.577200
vn 0.243900 0.781200 -0.574700
vn -0.202300 -0.844600 -0.495600
vn -0.505400 -0.665300 -0.549500
vn -0.657100 -0.576700 -0.485400
vn -0.821200 -0.219100 -0.526900
vn -0.858100 -0.152800 -0.490200
vn -0.801400 0.285200 -0.525700
vn -0.806500 0.172400 -0.565500
vn -0.597000 0.524000 -0.607500
vn -0.579100 0.563300 -0.589300
vn -0.222200 0.780300 -0.584600
vn -0.201000 0.795500 -0.571600
vn -0.760500 -0.649300 -0.000000
vn -0.882100 -0.471100 -0.000000
vn -0.996100 -0.088600 -0.000000
vn -0.917000 0.398800 -0.000000
vn 0.276200 -0.961100 -0.000000
vn 0.721000 -0.693000 -0.000000
vn 0.984500 -0.175300 -0.000000
vn 0.977900 0.209000 -0.000000
vn 0.721000 0.693000 -0.000000
vn -0.232900 -0.972500 -0.000000
vn -0.751600 -0.659600 -0.000000
vn -0.984500 -0.175300 -0.000000
vn -0.977900 0.209000 -0.000000
vn -0.716800 0.697200 -0.000000
vn -0.241000 -0.846200 -0.475200
vn -0.273900 -0.961800 -0.000000
vn -0.604900 -0.796300 -0.000000
vn -0.966200 -0.257800 -0.000000
vn 0.984500 0.175100 -0.000000
vn 0.897000 -0.442000 -0.000000
vn 0.909300 -0.416000 -0.009900
vn 0.978000 -0.208700 -0.000000
vn 0.298100 -0.954500 -0.000000
vn 0.568300 -0.822900 -0.000000
vn 0.990000 -0.141200 -0.000000
vn -0.273900 0.961800 -0.000000
vn -0.751600 0.659600 -0.000000
vn 0.719500 0.694500 -0.000000
vn 0.000000 0.941600 0.336600
vn -0.683600 0.729800 -0.000000
vn 0.000000 -0.999700 -0.023800
vn 0.024000 -0.999700 -0.000000
vn -0.942100 0.335200 -0.000000
vn 0.982400 0.186900 -0.000000
vn -0.245000 0.969500 -0.000000
vn 0.291800 0.956500 -0.000000
vn -0.979600 -0.201100 -0.000000
vn 0.243100 -0.845800 -0.474900
vn 0.581400 0.000000 -0.813600
vn 0.000000 0.723700 0.690100
vn 0.967600 0.252400 -0.000000
vn -0.707100 -0.707100 -0.000000
vn 0.822200 0.569200 0.000000
vn -0.983300 -0.182100 0.000000
vn 0.274700 0.961500 -0.000000
vn -0.973800 0.227200 -0.000000
vn 0.980600 0.196100 -0.000000
vn -0.269700 0.963000 0.000000
vn -0.724200 0.689600 0.000000
vn 0.745300 -0.666800 0.000000
vn -0.386700 -0.922200 -0.000000
vn -0.242500 -0.970100 -0.000000
vn 0.521700 0.853100 -0.000000
vn -0.759300 -0.650800 -0.000000
vn -0.980600 -0.196000 -0.000000
vn 0.242500 -0.970100 -0.000000
vn 0.242500 0.970100 -0.000000
vn -0.294100 0.955800 -0.000000
vn -0.498800 0.866700 -0.000000
vn 0.656200 -0.754600 -0.000000
vn 0.991200 -0.132200 -0.000000
vn 0.624700 0.780900 -0.000000
vn -0.600000 0.800000 -0.000000
vn 0.722000 -0.691900 -0.000000
vn -0.635700 -0.771900 -0.000000
vn 0.948700 0.316200 -0.000000
vn -0.964800 0.263100 -0.000000
vn -0.975400 -0.220300 -0.000000
vn 0.985500 -0.169900 -0.000000
vn 0.707100 -0.707100 -0.000000
vn -0.937700 0.347300 -0.000000
vn -0.707200 0.707100 0.000000
vn -0.968300 -0.249900 -0.000000
vn -0.164400 0.986400 -0.000000
vn 1.000000 -0.006200 -0.000000
vn 0.989200 0.146600 -0.000000
vn -0.989900 -0.141400 -0.000000
vn -0.669000 -0.743300 -0.000000
vn 0.972400 0.233400 -0.000000
vn 0.745200 0.666800 -0.000000
vn 0.981800 -0.190000 -0.000000
vn 0.307000 0.951700 -0.000000
vn -0.371400 -0.928500 -0.000000
vn 0.316200 -0.948700 -0.000000
vn -0.280100 0.960000 0.000000
vn 0.747400 0.664400 0.000000
vn -0.520700 -0.853700 -0.000000
vn -0.616200 0.787600 -0.000000
vn 0.511800 -0.859100 -0.000000
vn -0.703800 0.710400 -0.000000
vn 0.749600 -0.661900 -0.000000
vn 0.159600 0.987200 -0.000000
vn 0.208100 -0.978100 -0.000000
vn -0.220600 0.975400 -0.000000
vn -0.164400 -0.986400 -0.000000
vn 0.296400 0.955000 -0.000000
vn -0.198700 0.980100 -0.000000
vn -0.213300 -0.977000 -0.000000
vn -0.278800 0.960300 -0.000000
vn 0.956700 0.291100 -0.000000
vn 0.269700 0.963000 -0.000000
vn -0.984400 0.175800 -0.000000
vn 0.689600 0.724200 -0.000000
vn -0.993400 -0.114600 0.000000
vn -0.658500 0.752600 -0.000000
vn -0.966200 0.257700 -0.000000
vn -0.721400 -0.692500 -0.000000
vn 0.988200 0.153100 -0.000000
vn -0.743300 0.668900 0.000000
vn 0.624600 -0.780900 -0.000000
vn -0.447200 -0.894400 -0.000000
vn 0.999700 -0.022600 -0.000000
vn -0.469200 -0.883100 -0.000000
vn 0.531300 -0.847200 -0.000000
vn -0.998800 -0.049100 -0.000000
vn 0.999500 0.031200 -0.000000
vn 0.452800 0.891600 -0.000000
vn -0.548000 0.836500 -0.000000
vn -0.196100 -0.980600 0.000000
vn 0.972100 -0.234700 -0.000000
vn -0.984800 -0.173800 -0.000000
vn 0.000000 -0.405400 0.914200
vn 0.000000 -0.574700 0.818300
vn 0.000000 -0.532800 0.846200
vn 0.000000 -0.408400 0.912800
vn 0.000000 0.828000 0.560700
vn 0.000000 0.885000 0.465600
vn 0.000000 0.964900 0.262600
vn 0.000000 0.428600 -0.903500
vn 0.000000 0.454400 -0.890800
vn 0.000000 0.483100 -0.875500
vn 0.000000 0.547100 -0.837100
vn 0.000000 0.542500 -0.840100
vn 0.000000 -0.257500 -0.966300
vn 0.000000 -0.394500 -0.918900
vn 0.000000 -0.689900 -0.723900
vn 0.000000 -0.710700 -0.703500
vn 0.546000 -0.461400 0.699300
vn 0.583200 -0.431500 0.688300
vn 0.540000 -0.456600 0.707100
vn 0.546100 -0.453000 0.704700
vn 0.568300 -0.393900 0.722400
vn 0.540600 -0.410300 0.734400
vn 0.600800 -0.334900 0.725900
vn 0.568400 -0.358200 0.740700
vn 0.601500 -0.299600 0.740600
vn 0.602700 -0.262600 0.753500
vn 0.612200 -0.219900 0.759500
vn 0.603600 -0.232600 0.762600
vn 0.044600 -0.992000 -0.118400
vn 0.000000 -0.992800 -0.119800
vn 0.000000 -0.989600 -0.143700
vn 0.000000 0.215100 0.976600
vn -0.225700 0.480200 0.847600
vn 0.601300 -0.460800 0.652800
vn 0.600300 -0.424800 0.677600
vn 0.545400 -0.465000 0.697400
vn 0.600300 -0.432500 0.672800
vn 0.602200 -0.389300 0.697000
vn 0.600900 -0.390200 0.697600
vn 0.603700 -0.347000 0.717700
vn 0.602600 -0.347800 0.718200
vn 0.604900 -0.298500 0.738200
vn 0.606200 -0.261500 0.751100
vn 0.607100 -0.231800 0.760100
vn 0.000000 -0.968000 -0.250800
vn 0.000000 0.296700 0.955000
vn 0.553500 -0.480400 0.680400
vn -0.122100 0.650400 -0.749700
vn 0.000000 0.638100 -0.769900
vn -0.005000 0.570100 -0.821500
vn 0.000000 0.572400 -0.820000
vn 0.000000 -0.818300 -0.574900
vn 0.061100 -0.756400 -0.651300
vn 0.483700 0.235100 -0.843100
vn 0.470100 0.256700 -0.844500
vn 0.472700 0.272500 -0.838100
vn 0.486800 0.261300 -0.833500
vn 0.501600 0.307100 -0.808700
vn 0.471200 0.326900 -0.819200
vn 0.499100 0.348300 -0.793500
vn 0.500500 0.347400 -0.793000
vn 0.497900 0.415800 -0.761100
vn 0.495800 0.445300 -0.745600
vn 0.497300 0.444400 -0.745100
vn 0.493100 0.535700 -0.685400
vn 0.493700 0.511400 -0.703400
vn 0.504500 0.135600 -0.852700
vn 0.481300 0.159800 -0.861800
vn 0.500700 -0.256400 -0.826800
vn 0.473700 -0.237300 -0.848100
vn 0.487000 -0.460600 -0.742100
vn 0.485700 -0.460100 -0.743200
vn 0.477500 -0.745800 -0.464600
vn 0.465900 -0.746200 -0.475500
vn 0.000000 0.643500 -0.765400
vn 0.037600 0.677400 -0.734600
vn 0.063900 -0.790800 -0.608800
vn -0.006600 -0.871100 -0.491000
vn 0.000000 -0.807200 -0.590300
vn 0.783300 0.180800 -0.594800
vn 0.775800 0.193100 -0.600700
vn 0.781900 0.186500 -0.594800
vn 0.783900 0.184700 -0.592800
vn 0.780800 0.231600 -0.580300
vn 0.779100 0.251600 -0.574200
vn 0.777900 0.301100 -0.551500
vn 0.776300 0.322900 -0.541500
vn 0.777500 0.321800 -0.540400
vn 0.774100 0.389800 -0.498800
vn 0.774400 0.372100 -0.511700
vn 0.783000 0.113400 -0.611600
vn 0.766600 0.129100 -0.629000
vn 0.780500 -0.168400 -0.602000
vn 0.760500 -0.161700 -0.628800
vn 0.768900 -0.336500 -0.543600
vn 0.767900 -0.336700 -0.545000
vn 0.857800 -0.433400 -0.276200
vn 0.760200 -0.511000 -0.401200
vn 0.000000 -0.931000 -0.365100
vn 0.000000 -0.913500 -0.406900
vn 0.000000 -0.850100 -0.526600
vn -0.009400 -0.851900 -0.523600
vn 0.000000 0.268600 -0.963200
vn 0.000000 -0.278200 0.960500
vn 0.000000 -0.329000 0.944300
vn 0.000000 -0.374900 0.927100
vn -0.073900 -0.422000 0.903600
vn 0.000000 -0.431100 0.902300
vn 0.000000 -0.476300 0.879300
vn -0.072000 -0.468500 0.880500
vn 0.000000 -0.542500 0.840000
vn 0.000000 -0.554100 0.832500
vn 0.000000 -0.576800 0.816900
vn 0.000000 0.264900 0.964300
vn 0.000000 0.433000 0.901400
vn -0.055900 0.575900 0.815600
vn 0.000000 0.559700 0.828700
vn 0.000000 0.309200 -0.951000
vn 0.000000 0.355000 -0.934900
vn 0.000000 0.401900 -0.915700
vn 0.000000 0.479500 -0.877600
vn 0.000000 0.512700 -0.858500
vn 0.000000 0.594700 -0.803900
vn -0.056500 0.587100 -0.807500
vn -0.013500 0.167300 -0.985800
vn -0.066500 0.694700 0.716200
vn 0.033200 -0.296000 -0.954600
vn 0.055900 -0.526600 -0.848300
vn 0.000000 0.719700 0.694300
vn -0.070200 0.735500 0.673800
vn 0.087800 -0.851500 -0.517000
vn 0.132500 -0.841700 -0.523500
vn 0.000000 0.636500 -0.771300
vn 0.000000 -0.852000 -0.523600
vn 0.192100 -0.273000 0.942600
vn 0.192600 -0.322900 0.926600
vn 0.192000 -0.367900 0.909800
vn 0.191700 -0.420000 0.887000
vn 0.190200 -0.464200 0.865100
vn 0.187800 -0.532900 0.825100
vn 0.209400 -0.541800 0.814000
vn 0.187400 -0.541000 0.819900
vn 0.218800 -0.562800 0.797100
vn 0.000000 0.588100 -0.808800
vn 0.000000 0.167400 -0.985900
vn -0.032400 0.156900 -0.987100
vn 0.085800 -0.295200 -0.951600
vn 0.144400 -0.521800 -0.840800
vn 0.000000 0.737400 0.675500
vn 0.221300 -0.826700 -0.517200
vn 0.214500 -0.829000 -0.516400
vn 0.039500 0.636000 -0.770700
vn 0.000000 0.600500 -0.799600
vn 0.995500 0.093500 -0.013300
vn 0.990500 -0.114200 -0.077200
vn -0.546000 -0.461400 0.699300
vn -0.583200 -0.431500 0.688300
vn -0.540000 -0.456600 0.707100
vn -0.546100 -0.453000 0.704700
vn -0.568300 -0.393900 0.722400
vn -0.540600 -0.410300 0.734400
vn -0.600800 -0.334900 0.725900
vn -0.568400 -0.358200 0.740700
vn -0.601500 -0.299600 0.740600
vn -0.602700 -0.262600 0.753500
vn -0.612200 -0.219900 0.759500
vn -0.603600 -0.232600 0.762600
vn -0.044600 -0.992000 -0.118400
vn 0.225700 0.480200 0.847600
vn -0.601300 -0.460800 0.652800
vn -0.600300 -0.424800 0.677600
vn -0.545400 -0.465000 0.697400
vn -0.600300 -0.432500 0.672800
vn -0.602200 -0.389300 0.697000
vn -0.600900 -0.390200 0.697600
vn -0.603700 -0.347000 0.717700
vn -0.602600 -0.347800 0.718200
vn -0.604900 -0.298500 0.738200
vn -0.606200 -0.261500 0.751100
vn -0.607100 -0.231800 0.760100
vn -0.553500 -0.480400 0.680400
vn 0.122100 0.650400 -0.749700
vn 0.005000 0.570100 -0.821500
vn -0.061100 -0.756400 -0.651300
vn -0.483700 0.235100 -0.843100
vn -0.470100 0.256700 -0.844500
vn -0.472700 0.272500 -0.838100
vn -0.486800 0.261300 -0.833500
vn -0.501600 0.307100 -0.808700
vn -0.471200 0.326900 -0.819200
vn -0.499100 0.348300 -0.793500
vn -0.500500 0.347400 -0.793000
vn -0.497900 0.415800 -0.761100
vn -0.495800 0.445300 -0.745600
vn -0.497300 0.444400 -0.745100
vn -0.493100 0.535700 -0.685400
vn -0.493700 0.511400 -0.703400
vn -0.504500 0.135600 -0.852700
vn -0.481300 0.159800 -0.861800
vn -0.500700 -0.256400 -0.826800
vn -0.473700 -0.237300 -0.848100
vn -0.487000 -0.460600 -0.742100
vn -0.485700 -0.460100 -0.743200
vn -0.477500 -0.745800 -0.464600
vn -0.465900 -0.746200 -0.475500
vn -0.037600 0.677400 -0.734600
vn -0.063900 -0.790800 -0.608800
vn 0.006600 -0.871100 -0.491000
vn -0.783300 0.180800 -0.594800
vn -0.775800 0.193100 -0.600700
vn -0.781900 0.186500 -0.594800
vn -0.783900 0.184700 -0.592800
vn -0.780800 0.231600 -0.580300
vn -0.779100 0.251600 -0.574200
vn -0.777900 0.301100 -0.551500
vn -0.776300 0.322900 -0.541500
vn -0.777500 0.321800 -0.540400
vn -0.774100 0.389800 -0.498800
vn -0.774400 0.372100 -0.511700
vn -0.783000 0.113400 -0.611600
vn -0.766600 0.129100 -0.629000
vn -0.780500 -0.168400 -0.602000
vn -0.760500 -0.161700 -0.628800
vn -0.768900 -0.336500 -0.543600
vn -0.767900 -0.336700 -0.545000
vn -0.857800 -0.433400 -0.276200
vn -0.760200 -0.511000 -0.401200
vn 0.009400 -0.851900 -0.523600
vn 0.073900 -0.422000 0.903600
vn 0.072000 -0.468500 0.880500
vn 0.055900 0.575900 0.815600
vn 0.056600 0.587100 -0.807500
vn 0.013500 0.167300 -0.985800
vn 0.066600 0.694700 0.716200
vn -0.033300 -0.296000 -0.954600
vn -0.056000 -0.526600 -0.848300
vn 0.070200 0.735500 0.673800
vn -0.088000 -0.851400 -0.517000
vn -0.132500 -0.841700 -0.523500
vn -0.192100 -0.273000 0.942600
vn -0.192600 -0.322900 0.926600
vn -0.192000 -0.367900 0.909800
vn -0.191700 -0.420000 0.887000
vn -0.190200 -0.464200 0.865100
vn -0.187800 -0.532900 0.825100
vn -0.209400 -0.541800 0.814000
vn -0.187400 -0.541000 0.819900
vn -0.218800 -0.562800 0.797100
vn 0.032400 0.156900 -0.987100
vn -0.085800 -0.295200 -0.951600
vn -0.144400 -0.521800 -0.840800
vn -0.221300 -0.826700 -0.517200
vn -0.214500 -0.829000 -0.516400
vn -0.039500 0.636000 -0.770700
vn -0.995500 0.093500 -0.013300
vn -0.990500 -0.114200 -0.077200
# 1125 normals

g rhino
usemtl ph34_png_Base_Color_png
s 1
f 1/1/1 2/2/1 3/3/1
f 3/3/1 4/4/1 1/1/1
f 5/5/2 6/6/2 7/7/2
f 7/7/2 8/8/2 5/5/2
f 9/9/2 10/10/2 11/11/2
f 12/12/3 13/13/3 14/14/3
f 15/15/2 16/16/2 9/9/2
f 17/17/3 18/18/3 19/19/3
f 20/20/3 18/18/3 17/17/3
f 2/21/4 21/22/4 3/3/4
f 2/21/4 22/23/4 21/22/4
f 4/24/5 23/25/5 1/1/5
f 4/24/5 24/26/5 23/25/5
f 18/27/6 25/28/6 19/29/6
f 18/27/6 26/30/6 25/28/6
f 27/31/7 28/32/7 29/33/7
f 27/31/7 30/34/7 28/32/7
f 29/33/8 31/35/8 32/36/8
f 29/33/8 28/32/8 31/35/8
f 32/36/9 26/30/9 18/27/9
f 32/36/9 31/35/9 26/30/9
f 19/29/10 33/37/10 34/38/10
f 19/29/10 25/28/10 33/37/10
f 34/38/11 35/39/11 36/40/11
f 34/38/11 33/37/11 35/39/11
f 37/41/12 7/42/12 17/43/12
f 37/41/12 38/44/12 7/42/12
f 36/40/1 39/45/1 40/46/1
f 36/40/1 35/39/1 39/45/1
f 41/47/13 30/48/13 27/49/13
f 41/47/13 42/50/13 30/48/13
f 43/51/14 42/50/14 41/47/14
f 43/51/14 44/52/14 42/50/14
f 45/53/15 44/52/15 43/51/15
f 45/53/15 46/54/15 44/52/15
f 40/46/16 46/54/16 45/53/16
f 40/46/16 39/45/16 46/54/16
f 21/55/3 22/56/3 47/57/3
f 47/57/3 48/58/3 21/55/3
f 48/58/17 47/57/17 49/59/17
f 49/59/17 20/20/17 48/58/17
f 20/20/3 49/59/3 27/60/3
f 27/60/3 29/61/3 20/20/3
f 20/20/3 29/61/3 32/62/3
f 20/20/3 32/62/3 18/18/3
f 17/17/3 19/19/3 34/63/3
f 17/17/3 34/63/3 36/64/3
f 40/65/3 37/66/3 17/17/3
f 17/17/3 36/64/3 40/65/3
f 49/59/3 37/66/3 43/67/3
f 41/68/3 27/60/3 49/59/3
f 43/67/3 41/68/3 49/59/3
f 45/69/3 43/67/3 37/66/3
f 40/65/3 45/69/3 37/66/3
f 50/70/2 23/71/2 24/72/2
f 24/72/2 51/73/2 50/70/2
f 52/74/18 50/70/18 51/73/18
f 51/73/18 53/75/18 52/74/18
f 25/76/2 53/75/2 7/7/2
f 25/76/2 26/77/2 53/75/2
f 30/78/2 52/74/2 53/75/2
f 53/75/2 28/79/2 30/78/2
f 31/80/2 28/79/2 53/75/2
f 26/77/2 31/80/2 53/75/2
f 7/7/2 33/81/2 25/76/2
f 35/82/2 33/81/2 7/7/2
f 7/7/2 38/83/2 39/84/2
f 39/84/2 35/82/2 7/7/2
f 44/85/2 38/83/2 52/74/2
f 52/74/2 30/78/2 42/86/2
f 52/74/2 42/86/2 44/85/2
f 38/83/2 44/85/2 46/87/2
f 38/83/2 46/87/2 39/84/2
f 54/88/3 55/89/3 14/14/3
f 55/89/3 54/88/3 56/90/3
f 56/90/3 57/91/3 55/89/3
f 58/92/3 57/91/3 56/90/3
f 59/93/2 60/94/2 15/15/2
f 61/95/2 60/94/2 59/93/2
f 61/95/2 62/96/2 60/94/2
f 61/95/2 63/97/2 62/96/2
f 64/98/2 63/97/2 61/95/2
f 65/99/3 66/100/3 67/101/3
f 67/101/3 68/102/3 65/99/3
f 69/103/3 67/101/3 66/100/3
f 66/100/3 70/104/3 69/103/3
f 66/100/3 71/105/3 70/104/3
f 66/100/3 72/106/3 71/105/3
f 73/107/3 12/12/3 74/108/3
f 65/99/3 74/108/3 72/106/3
f 72/106/3 66/100/3 65/99/3
f 69/103/3 75/109/3 67/101/3
f 69/103/3 76/110/3 75/109/3
f 69/103/3 77/111/3 76/110/3
f 78/112/19 79/113/19 71/105/19
f 80/114/2 81/115/2 82/116/2
f 82/116/2 83/117/2 80/114/2
f 84/118/2 82/116/2 81/115/2
f 81/115/2 11/11/2 84/118/2
f 11/11/2 10/10/2 84/118/2
f 85/119/2 10/10/2 9/9/2
f 86/120/2 87/121/2 9/9/2
f 86/120/2 11/11/2 88/122/2
f 11/11/2 80/114/2 88/122/2
f 11/11/2 81/115/2 80/114/2
f 89/123/20 90/124/20 91/125/20
f 92/126/20 93/127/20 89/123/20
f 91/125/20 92/126/20 89/123/20
f 94/128/2 92/129/2 91/130/2
f 95/131/3 96/132/3 89/133/3
f 74/108/3 12/12/3 72/106/3
f 9/134/21 87/135/21 12/136/21
f 67/101/3 97/137/3 68/102/3
f 67/101/3 58/92/3 97/137/3
f 98/138/3 58/92/3 67/101/3
f 99/139/3 58/92/3 98/138/3
f 86/120/2 100/140/2 87/121/2
f 101/141/3 102/142/3 103/143/3
f 101/141/3 104/144/3 102/142/3
f 101/141/3 105/145/3 104/144/3
f 101/141/3 106/146/3 105/145/3
f 107/147/2 108/148/2 109/149/2
f 109/149/2 108/148/2 110/150/2
f 108/148/2 111/151/2 110/150/2
f 110/150/2 111/151/2 112/152/2
f 103/143/22 111/143/22 101/141/22
f 101/141/22 111/143/22 108/141/22
f 113/153/12 112/153/12 103/143/12
f 103/143/12 112/153/12 111/143/12
f 102/142/23 110/142/23 113/153/23
f 113/153/23 110/142/23 112/153/23
f 105/154/1 107/154/1 104/155/1
f 104/155/1 107/154/1 109/155/1
f 101/141/12 108/141/12 106/146/12
f 106/146/12 108/141/12 114/146/12
f 106/146/24 114/146/24 105/145/24
f 105/145/24 114/146/24 107/145/24
f 104/144/21 109/144/21 115/156/21
f 115/156/21 109/144/21 116/156/21
f 115/156/12 116/156/12 102/142/12
f 102/142/12 116/156/12 110/142/12
f 102/142/3 113/153/3 103/143/3
f 114/157/2 108/148/2 107/147/2
f 102/142/3 104/144/3 115/156/3
f 109/149/2 110/150/2 116/158/2
f 117/159/25 118/160/25 119/161/25
f 120/3/26 121/162/26 122/163/26
f 120/3/26 123/22/26 121/162/26
f 124/164/27 125/26/27 126/24/27
f 124/164/27 127/165/27 125/26/27
f 122/163/28 128/166/28 129/167/28
f 122/163/29 121/162/29 128/166/29
f 130/168/5 127/165/5 124/164/5
f 130/168/30 131/169/30 127/165/30
f 129/167/31 128/166/31 93/170/31
f 92/126/32 131/169/32 130/168/32
f 3/21/4 123/22/4 120/3/4
f 3/21/4 21/23/4 123/22/4
f 126/24/5 24/25/5 4/1/5
f 126/24/5 125/26/5 24/25/5
f 132/171/33 133/172/33 134/173/33
f 132/171/33 135/174/33 133/172/33
f 136/175/34 137/176/34 138/177/34
f 136/175/34 139/178/34 137/176/34
f 140/179/34 141/180/34 142/181/34
f 140/179/34 143/182/34 141/180/34
f 144/183/33 145/184/33 146/185/33
f 144/183/33 147/186/33 145/184/33
f 134/173/35 148/187/35 149/188/35
f 134/173/35 133/172/35 148/187/35
f 150/189/36 139/178/36 136/175/36
f 150/189/36 151/190/36 139/178/36
f 142/181/36 152/191/36 153/192/36
f 142/181/36 141/180/36 152/191/36
f 154/193/35 147/186/35 144/183/35
f 154/193/35 155/194/35 147/186/35
f 149/188/37 156/195/37 157/196/37
f 149/188/37 148/187/37 156/195/37
f 158/197/38 151/190/38 150/189/38
f 158/197/38 159/198/38 151/190/38
f 153/192/38 160/199/38 161/200/38
f 153/192/38 152/191/38 160/199/38
f 162/201/37 155/194/37 154/193/37
f 162/201/37 163/202/37 155/194/37
f 157/196/39 164/203/39 165/204/39
f 157/196/39 156/195/39 164/203/39
f 166/205/40 159/198/40 158/197/40
f 166/205/40 167/206/40 159/198/40
f 161/200/40 168/207/40 169/208/40
f 161/200/40 160/199/40 168/207/40
f 170/209/39 163/202/39 162/201/39
f 170/209/39 171/210/39 163/202/39
f 165/204/2 172/211/2 173/212/2
f 165/204/2 164/203/2 172/211/2
f 174/213/3 167/206/3 166/205/3
f 174/213/3 175/214/3 167/206/3
f 169/208/3 176/215/3 177/216/3
f 169/208/3 168/207/3 176/215/3
f 178/217/2 171/210/2 170/209/2
f 178/217/2 179/218/2 171/210/2
f 173/212/41 180/219/41 181/220/41
f 173/212/41 172/211/41 180/219/41
f 182/221/42 175/214/42 174/213/42
f 182/221/42 183/222/42 175/214/42
f 177/216/42 184/223/42 185/224/42
f 177/216/42 176/215/42 184/223/42
f 186/225/41 179/218/41 178/217/41
f 186/225/41 187/226/41 179/218/41
f 181/220/43 188/227/43 189/228/43
f 181/220/43 180/219/43 188/227/43
f 190/229/44 183/222/44 182/221/44
f 190/229/44 191/230/44 183/222/44
f 185/224/44 192/231/44 193/232/44
f 185/224/44 184/223/44 192/231/44
f 194/233/43 187/226/43 186/225/43
f 194/233/43 195/234/43 187/226/43
f 189/228/45 196/235/45 197/236/45
f 189/228/45 188/227/45 196/235/45
f 198/237/46 191/230/46 190/229/46
f 198/237/46 199/238/46 191/230/46
f 193/232/46 200/239/46 201/240/46
f 193/232/46 192/231/46 200/239/46
f 202/241/45 195/234/45 194/233/45
f 202/241/45 203/242/45 195/234/45
f 197/236/47 204/243/47 205/244/47
f 197/236/47 196/235/47 204/243/47
f 206/245/48 199/238/48 198/237/48
f 206/245/48 207/246/48 199/238/48
f 201/240/48 208/247/48 209/248/48
f 201/240/48 200/239/48 208/247/48
f 210/249/47 203/242/47 202/241/47
f 210/249/47 211/250/47 203/242/47
f 205/251/34 212/252/34 213/253/34
f 205/251/34 204/254/34 212/252/34
f 214/255/33 207/256/33 206/257/33
f 214/255/33 215/258/33 207/256/33
f 209/259/33 216/260/33 217/261/33
f 209/259/33 208/262/33 216/260/33
f 218/263/34 211/264/34 210/265/34
f 218/263/34 219/266/34 211/264/34
f 213/253/36 220/267/36 221/268/36
f 213/253/36 212/252/36 220/267/36
f 222/269/35 215/258/35 214/255/35
f 222/269/35 223/270/35 215/258/35
f 217/261/35 224/271/35 225/272/35
f 217/261/35 216/260/35 224/271/35
f 226/273/36 219/266/36 218/263/36
f 226/273/36 227/274/36 219/266/36
f 221/268/38 228/275/38 229/276/38
f 221/268/38 220/267/38 228/275/38
f 230/277/37 223/270/37 222/269/37
f 230/277/37 231/278/37 223/270/37
f 225/272/37 232/279/37 233/280/37
f 225/272/37 224/271/37 232/279/37
f 234/281/38 227/274/38 226/273/38
f 234/281/38 235/282/38 227/274/38
f 229/276/40 236/283/40 237/284/40
f 229/276/40 228/275/40 236/283/40
f 238/285/39 231/278/39 230/277/39
f 238/285/39 239/286/39 231/278/39
f 233/280/39 240/287/39 241/288/39
f 233/280/39 232/279/39 240/287/39
f 242/289/40 235/282/40 234/281/40
f 242/289/40 243/290/40 235/282/40
f 237/284/3 244/291/3 245/292/3
f 237/284/3 236/283/3 244/291/3
f 246/293/2 239/286/2 238/285/2
f 246/293/2 247/294/2 239/286/2
f 241/288/2 248/295/2 249/296/2
f 241/288/2 240/287/2 248/295/2
f 250/297/3 243/290/3 242/289/3
f 250/297/3 251/298/3 243/290/3
f 245/292/42 252/299/42 253/300/42
f 245/292/42 244/291/42 252/299/42
f 254/301/41 247/294/41 246/293/41
f 254/301/41 255/302/41 247/294/41
f 249/296/41 256/303/41 257/304/41
f 249/296/41 248/295/41 256/303/41
f 258/305/42 251/298/42 250/297/42
f 258/305/42 259/306/42 251/298/42
f 253/300/44 260/307/44 261/308/44
f 253/300/44 252/299/44 260/307/44
f 262/309/43 255/302/43 254/301/43
f 262/309/43 263/310/43 255/302/43
f 257/304/43 264/311/43 265/312/43
f 257/304/43 256/303/43 264/311/43
f 266/313/44 259/306/44 258/305/44
f 266/313/44 267/314/44 259/306/44
f 261/308/46 268/315/46 269/316/46
f 261/308/46 260/307/46 268/315/46
f 270/317/45 263/310/45 262/309/45
f 270/317/45 271/318/45 263/310/45
f 265/312/45 272/319/45 273/320/45
f 265/312/45 264/311/45 272/319/45
f 274/321/46 267/314/46 266/313/46
f 274/321/46 275/322/46 267/314/46
f 269/316/48 135/174/48 132/171/48
f 269/316/48 268/315/48 135/174/48
f 138/177/47 271/318/47 270/317/47
f 138/177/47 137/176/47 271/318/47
f 273/320/47 143/182/47 140/179/47
f 273/320/47 272/319/47 143/182/47
f 146/185/48 275/322/48 274/321/48
f 146/185/48 145/184/48 275/322/48
f 263/323/49 276/324/49 277/325/49
f 276/324/50 263/323/50 271/326/50
f 276/324/51 271/326/51 137/327/51
f 278/328/52 137/327/52 139/329/52
f 278/328/53 279/330/53 137/327/53
f 278/328/54 139/329/54 151/331/54
f 276/324/53 137/327/53 279/330/53
f 280/332/55 231/333/55 239/334/55
f 280/332/56 223/335/56 231/333/56
f 280/332/57 215/336/57 223/335/57
f 207/337/58 215/336/58 280/332/58
f 281/338/59 199/339/59 207/337/59
f 281/338/60 191/340/60 199/339/60
f 183/341/61 191/340/61 281/338/61
f 175/342/62 183/341/62 281/338/62
f 280/332/63 281/338/63 207/337/63
f 281/338/64 282/343/64 175/342/64
f 280/332/65 239/334/65 283/344/65
f 159/345/66 167/346/66 282/343/66
f 167/346/67 175/342/67 282/343/67
f 247/347/68 283/344/68 239/334/68
f 255/348/69 283/344/69 247/347/69
f 263/323/70 283/344/70 255/348/70
f 277/325/71 283/344/71 263/323/71
f 282/343/72 151/331/72 159/345/72
f 278/328/73 151/331/73 282/343/73
f 284/349/74 285/350/74 286/351/74
f 284/349/74 287/352/74 285/350/74
f 284/353/75 286/354/75 288/355/75
f 287/356/76 289/357/76 285/358/76
f 290/359/77 291/360/77 292/361/77
f 291/360/78 290/359/78 276/324/78
f 277/325/79 276/324/79 290/359/79
f 292/361/80 291/360/80 293/362/80
f 291/360/80 294/363/80 293/362/80
f 295/364/81 296/365/81 297/366/81
f 295/364/81 298/367/81 296/365/81
f 299/368/1 300/369/1 301/370/1
f 299/368/1 302/371/1 300/369/1
f 303/372/24 304/373/24 305/374/24
f 303/372/24 306/375/24 304/373/24
f 297/366/82 306/376/82 303/377/82
f 297/366/82 296/365/82 306/376/82
f 305/378/83 302/371/83 299/368/83
f 305/378/83 304/379/83 302/371/83
f 307/380/84 298/367/84 295/364/84
f 307/380/84 119/161/84 298/367/84
f 301/370/85 308/381/85 309/382/85
f 301/370/85 300/369/85 308/381/85
f 117/159/25 119/161/25 307/380/25
f 310/383/86 311/384/86 117/385/86
f 310/383/86 312/386/86 311/384/86
f 309/387/87 312/387/87 310/387/87
f 309/382/88 308/381/88 312/388/88
f 308/381/88 313/389/88 312/388/88
f 314/390/89 315/391/89 316/392/89
f 314/390/89 317/393/89 315/391/89
f 316/392/90 318/394/90 319/395/90
f 316/392/90 315/391/90 318/394/90
f 319/395/91 118/396/91 311/384/91
f 319/395/91 318/394/91 118/396/91
f 276/397/92 320/398/92 321/399/92
f 276/397/92 279/400/92 320/398/92
f 321/399/87 317/401/87 314/402/87
f 321/399/87 320/398/87 317/401/87
f 312/386/93 322/403/93 323/404/93
f 312/386/93 313/405/93 322/403/93
f 323/404/94 324/406/94 325/407/94
f 323/404/94 322/403/94 324/406/94
f 325/408/1 326/409/1 294/410/1
f 325/408/1 324/411/1 326/409/1
f 298/367/81 327/412/81 296/365/81
f 298/367/81 328/413/81 327/412/81
f 302/371/1 329/414/1 300/369/1
f 302/371/1 76/415/1 329/414/1
f 306/375/24 75/416/24 304/373/24
f 306/375/24 330/417/24 75/416/24
f 296/365/82 330/418/82 306/376/82
f 296/365/82 327/412/82 330/418/82
f 304/379/83 76/415/83 302/371/83
f 304/379/83 75/419/83 76/415/83
f 119/161/84 328/413/84 298/367/84
f 119/161/84 331/420/84 328/413/84
f 300/369/85 332/421/85 308/381/85
f 300/369/85 329/414/85 332/421/85
f 118/160/25 331/420/25 119/161/25
f 118/160/25 333/422/25 331/420/25
f 308/381/88 334/423/88 313/389/88
f 308/381/88 332/421/88 334/423/88
f 317/393/89 335/424/89 315/391/89
f 317/393/89 336/425/89 335/424/89
f 315/391/90 337/426/90 318/394/90
f 315/391/90 335/424/90 337/426/90
f 318/394/91 333/427/91 118/396/91
f 318/394/91 337/426/91 333/427/91
f 279/400/92 338/428/92 320/398/92
f 279/400/92 278/429/92 338/428/92
f 313/405/93 339/430/93 322/403/93
f 313/405/93 334/431/93 339/430/93
f 322/403/94 340/432/94 324/406/94
f 322/403/94 339/430/94 340/432/94
f 324/411/1 341/433/1 326/409/1
f 324/411/1 340/434/1 341/433/1
f 342/435/95 343/436/95 344/437/95
f 345/438/96 346/439/96 347/440/96
f 344/437/97 348/441/97 349/442/97
f 344/437/97 343/436/97 348/441/97
f 350/443/98 346/439/98 345/438/98
f 350/443/98 351/444/98 346/439/98
f 349/442/99 352/445/99 353/446/99
f 349/442/99 348/441/99 352/445/99
f 354/447/21 351/444/21 350/443/21
f 354/447/21 355/448/21 351/444/21
f 353/446/100 356/449/100 357/450/100
f 353/446/100 352/445/100 356/449/100
f 358/451/101 355/448/101 354/447/101
f 358/451/101 359/452/101 355/448/101
f 357/450/100 360/453/100 361/454/100
f 357/450/100 356/449/100 360/453/100
f 362/455/98 359/452/98 358/451/98
f 362/455/98 363/456/98 359/452/98
f 361/454/102 336/457/102 317/458/102
f 361/454/102 360/453/102 336/457/102
f 320/459/103 363/456/103 362/455/103
f 320/459/103 338/460/103 363/456/103
f 297/461/3 299/462/3 295/463/3
f 295/463/3 299/462/3 301/464/3
f 305/465/3 297/461/3 303/466/3
f 297/461/3 305/465/3 299/462/3
f 76/110/3 77/111/3 329/467/3
f 301/464/3 307/468/3 295/463/3
f 301/464/3 309/469/3 307/468/3
f 307/468/3 309/469/3 117/470/3
f 309/469/3 310/471/3 117/470/3
f 314/472/3 316/473/3 312/474/3
f 316/473/3 319/475/3 312/474/3
f 312/476/3 319/477/3 311/478/3
f 276/479/104 321/480/104 312/474/104
f 321/480/3 314/472/3 312/474/3
f 323/481/105 276/479/105 312/474/105
f 291/482/105 276/479/105 323/481/105
f 364/483/3 340/484/3 365/485/3
f 364/483/3 366/486/3 341/487/3
f 364/483/3 341/487/3 340/484/3
f 340/484/3 339/488/3 365/485/3
f 339/488/3 367/489/3 365/485/3
f 368/490/3 367/489/3 334/476/3
f 367/489/3 339/488/3 334/476/3
f 323/481/106 325/491/106 291/482/106
f 291/482/107 325/491/107 294/492/107
f 335/493/3 336/494/3 369/495/3
f 369/495/3 337/477/3 335/493/3
f 369/495/3 333/478/3 337/477/3
f 331/496/3 333/478/3 369/495/3
f 334/476/3 332/497/3 368/490/3
f 369/495/3 328/498/3 331/496/3
f 99/139/3 328/498/3 369/495/3
f 99/139/3 327/499/3 328/498/3
f 368/490/3 329/467/3 77/111/3
f 332/497/3 329/467/3 368/490/3
f 330/500/3 99/139/3 98/138/3
f 98/138/3 67/101/3 75/109/3
f 75/109/3 330/500/3 98/138/3
f 71/105/3 72/106/3 12/12/3
f 99/139/3 330/500/3 327/499/3
f 356/501/108 352/502/108 370/503/108
f 371/504/109 356/501/109 370/503/109
f 352/502/108 348/505/108 370/503/108
f 348/505/110 343/506/110 370/503/110
f 281/507/111 359/508/111 282/509/111
f 359/508/111 281/507/111 355/510/111
f 281/507/111 351/511/111 355/510/111
f 363/512/111 282/509/111 359/508/111
f 371/504/112 360/513/112 356/501/112
f 351/511/113 372/514/113 346/515/113
f 351/511/111 281/507/111 372/514/111
f 370/516/114 342/517/114 373/518/114
f 343/519/115 342/517/115 370/516/115
f 347/520/116 346/521/116 374/522/116
f 374/522/117 346/521/117 372/523/117
f 375/524/118 342/525/118 376/526/118
f 347/527/118 376/526/118 342/525/118
f 375/524/119 373/528/119 342/525/119
f 376/526/120 347/527/120 374/529/120
f 342/530/121 344/531/121 347/532/121
f 344/531/122 345/533/122 347/532/122
f 344/531/118 349/534/118 345/533/118
f 349/534/118 350/535/118 345/533/118
f 349/534/123 353/536/123 350/535/123
f 353/536/124 354/537/124 350/535/124
f 353/536/125 357/538/125 354/537/125
f 357/538/125 358/539/125 354/537/125
f 361/540/3 358/539/3 357/538/3
f 362/541/3 358/539/3 361/540/3
f 361/540/126 317/542/126 362/541/126
f 317/542/126 320/543/126 362/541/126
f 363/512/127 338/544/127 282/509/127
f 338/544/128 278/545/128 282/509/128
f 371/504/129 369/495/129 360/513/129
f 360/513/130 369/495/130 336/494/130
f 377/387/2 378/387/2 379/387/2
f 377/387/131 380/387/131 378/387/131
f 381/546/132 382/547/132 383/548/132
f 381/546/132 384/549/132 382/547/132
f 379/387/24 384/387/24 381/387/24
f 379/387/24 378/387/24 384/387/24
f 385/387/133 386/387/133 387/387/133
f 385/387/133 388/387/133 386/387/133
f 389/387/24 388/387/24 385/387/24
f 389/387/24 390/387/24 388/387/24
f 391/550/134 390/551/134 389/552/134
f 391/550/134 392/553/134 390/551/134
f 387/387/133 393/387/133 394/387/133
f 387/387/133 386/387/133 393/387/133
f 395/554/135 392/553/135 391/550/135
f 395/554/135 396/555/135 392/553/135
f 394/387/133 397/387/133 398/387/133
f 394/387/133 393/387/133 397/387/133
f 399/556/136 396/555/136 395/554/136
f 399/556/136 400/557/136 396/555/136
f 401/387/137 402/387/137 403/387/137
f 401/387/137 404/387/137 402/387/137
f 405/558/138 406/559/138 407/560/138
f 405/558/138 408/561/138 406/559/138
f 398/387/133 409/387/133 410/387/133
f 398/387/133 397/387/133 409/387/133
f 411/562/139 400/557/139 399/556/139
f 411/562/139 412/563/139 400/557/139
f 413/387/140 404/387/140 401/387/140
f 413/387/140 414/387/140 404/387/140
f 415/387/21 414/387/21 413/387/21
f 415/387/21 416/387/21 414/387/21
f 407/560/141 416/564/141 415/565/141
f 407/560/141 406/559/141 416/564/141
f 410/387/133 417/387/133 418/387/133
f 410/387/133 409/387/133 417/387/133
f 419/566/142 412/563/142 411/562/142
f 419/566/142 420/567/142 412/563/142
f 418/387/21 420/387/21 419/387/21
f 418/387/21 417/387/21 420/387/21
f 421/568/143 384/569/143 381/570/143
f 421/568/143 422/571/143 384/569/143
f 423/572/24 422/573/24 421/574/24
f 423/572/24 424/575/24 422/573/24
f 389/576/144 424/577/144 423/578/144
f 389/576/144 390/579/144 424/577/144
f 381/580/145 390/581/145 389/582/145
f 381/580/21 384/583/21 390/581/21
f 415/584/146 416/585/146 425/586/146
f 419/587/24 416/588/24 415/589/24
f 419/587/24 420/590/24 416/588/24
f 426/591/147 420/592/147 419/593/147
f 427/387/3 428/387/3 429/387/3
f 427/387/3 430/387/3 428/387/3
f 431/387/24 430/387/24 427/387/24
f 431/387/24 432/387/24 430/387/24
f 433/387/2 432/387/2 431/387/2
f 433/387/2 434/387/2 432/387/2
f 429/594/21 434/595/21 433/596/21
f 429/594/21 428/597/21 434/595/21
f 430/598/2 380/599/2 428/600/2
f 430/598/2 378/601/2 380/599/2
f 432/602/21 378/387/21 430/602/21
f 432/603/21 388/604/21 378/605/21
f 434/387/3 388/387/3 432/387/3
f 434/606/3 386/607/3 388/608/3
f 435/609/3 386/607/3 434/606/3
f 435/609/3 393/610/3 386/607/3
f 436/611/3 393/610/3 435/609/3
f 436/611/3 397/612/3 393/610/3
f 437/613/2 404/614/2 438/615/2
f 437/387/148 402/387/148 404/387/148
f 439/616/3 397/612/3 436/611/3
f 439/616/3 409/617/3 397/612/3
f 438/615/2 414/618/2 440/619/2
f 438/615/2 404/614/2 414/618/2
f 441/620/3 409/617/3 439/616/3
f 441/620/3 417/621/3 409/617/3
f 440/604/149 417/622/149 441/605/149
f 440/604/149 414/623/149 417/622/149
f 379/624/150 383/548/150 377/625/150
f 379/624/150 381/546/150 383/548/150
f 388/387/1 384/387/1 378/387/1
f 388/387/12 390/387/12 384/387/12
f 387/626/150 389/552/150 385/627/150
f 387/626/150 391/550/150 389/552/150
f 394/628/89 391/550/89 387/626/89
f 394/628/89 395/554/89 391/550/89
f 398/629/151 395/554/151 394/628/151
f 398/629/151 399/556/151 395/554/151
f 403/630/152 407/560/152 401/631/152
f 403/630/152 405/558/152 407/560/152
f 410/632/153 399/556/153 398/629/153
f 410/632/153 411/562/153 399/556/153
f 401/631/154 415/565/154 413/633/154
f 401/631/154 407/560/154 415/565/154
f 418/634/154 411/562/154 410/632/154
f 418/634/154 419/566/154 411/562/154
f 414/635/155 420/635/155 417/635/155
f 414/387/155 416/387/155 420/387/155
f 442/636/156 443/637/156 444/638/156
f 445/639/157 446/640/157 447/641/157
f 448/642/24 447/641/24 446/640/24
f 443/637/24 449/643/24 444/638/24
f 447/641/158 442/636/158 445/639/158
f 447/641/158 443/637/158 442/636/158
f 450/644/159 451/645/159 452/646/159
f 453/647/160 452/646/160 451/645/160
f 451/645/161 454/648/161 453/647/161
f 455/649/162 453/647/162 454/648/162
f 454/648/163 456/650/163 455/649/163
f 456/650/164 457/651/164 455/649/164
f 458/652/165 459/653/165 460/654/165
f 458/652/166 461/655/166 459/653/166
f 461/655/167 462/656/167 459/653/167
f 461/655/168 463/657/168 462/656/168
f 462/656/169 463/657/169 464/658/169
f 465/659/169 464/658/169 463/657/169
f 465/659/170 285/350/170 464/658/170
f 465/659/171 286/351/171 285/350/171
f 456/650/172 466/660/172 457/651/172
f 466/660/16 467/661/16 457/651/16
f 453/662/173 458/663/173 452/664/173
f 458/663/174 453/662/174 461/665/174
f 461/665/2 453/662/2 455/666/2
f 463/667/2 461/665/2 455/666/2
f 457/668/2 463/667/2 455/666/2
f 465/669/175 463/667/175 457/668/175
f 467/670/176 465/669/176 457/668/176
f 465/669/177 467/670/177 286/671/177
f 450/672/178 460/673/178 451/674/178
f 460/673/19 459/675/19 451/674/19
f 451/674/3 459/675/3 454/676/3
f 454/676/133 459/675/133 462/677/133
f 462/677/133 456/678/133 454/676/133
f 456/678/179 462/677/179 464/679/179
f 466/680/180 456/678/180 464/679/180
f 466/680/180 464/679/180 285/681/180
f 468/682/181 469/683/181 470/684/181
f 468/682/182 471/685/182 469/683/182
f 472/686/183 471/687/183 468/688/183
f 472/686/183 473/689/183 471/687/183
f 474/690/184 473/691/184 472/692/184
f 474/690/185 475/693/185 473/691/185
f 470/694/186 475/695/186 474/696/186
f 470/694/187 469/697/187 475/695/187
f 476/698/188 477/699/188 478/700/188
f 476/698/189 479/701/189 477/699/189
f 478/702/190 480/703/190 481/704/190
f 478/702/190 477/705/190 480/703/190
f 482/706/191 479/707/191 476/708/191
f 482/706/192 483/709/192 479/707/192
f 481/710/184 483/711/184 482/712/184
f 481/710/185 480/713/185 483/711/185
f 471/685/193 484/714/193 469/683/193
f 471/685/193 485/715/193 484/714/193
f 486/716/194 485/715/194 471/685/194
f 486/716/194 487/717/194 485/715/194
f 488/718/195 487/719/195 486/719/195
f 488/718/195 489/718/195 487/719/195
f 490/720/1 489/718/1 488/718/1
f 490/720/1 491/720/1 489/718/1
f 469/683/196 492/721/196 493/722/196
f 469/683/196 484/714/196 492/721/196
f 493/723/197 494/724/197 495/724/197
f 493/723/197 492/723/197 494/724/197
f 495/724/198 496/725/198 497/725/198
f 495/724/198 494/724/198 496/725/198
f 498/726/199 491/727/199 490/727/199
f 498/728/199 499/728/199 491/720/199
f 500/729/200 499/728/200 498/728/200
f 500/729/200 501/729/200 499/728/200
f 497/725/201 501/729/201 500/729/201
f 497/725/201 496/725/201 501/729/201
f 479/701/193 502/730/193 477/699/193
f 479/701/193 503/731/193 502/730/193
f 504/719/195 505/718/195 506/718/195
f 504/732/202 507/732/202 505/733/202
f 477/699/194 507/734/194 504/735/194
f 477/699/194 502/730/194 507/734/194
f 506/718/1 508/720/1 509/720/1
f 506/718/1 505/718/1 508/720/1
f 510/736/196 503/731/196 479/701/196
f 510/736/196 511/737/196 503/731/196
f 512/738/203 511/739/203 510/739/203
f 512/724/197 513/724/197 511/723/197
f 514/725/198 513/724/198 512/724/198
f 514/725/198 515/725/198 513/724/198
f 509/727/199 516/726/199 517/726/199
f 509/727/199 508/727/199 516/726/199
f 518/729/201 515/725/201 514/725/201
f 518/729/201 519/729/201 515/725/201
f 517/728/200 519/729/200 518/729/200
f 517/728/200 516/728/200 519/729/200
f 447/740/2 520/741/2 521/742/2
f 447/740/2 448/743/2 520/741/2
f 522/744/3 449/745/3 443/746/3
f 522/744/3 523/747/3 449/745/3
f 521/742/204 524/748/204 525/749/204
f 521/742/204 520/741/204 524/748/204
f 526/750/205 523/747/205 522/744/205
f 526/750/205 527/751/205 523/747/205
f 525/749/2 528/752/2 529/753/2
f 525/749/2 524/748/2 528/752/2
f 530/754/3 527/751/3 526/750/3
f 530/754/3 531/755/3 527/751/3
f 529/753/2 532/756/2 533/757/2
f 529/753/2 528/752/2 532/756/2
f 534/758/3 531/755/3 530/754/3
f 534/758/3 535/759/3 531/755/3
f 533/757/2 536/760/2 537/761/2
f 533/757/2 532/756/2 536/760/2
f 538/762/3 535/759/3 534/758/3
f 538/762/3 539/763/3 535/759/3
f 537/761/2 540/764/2 541/765/2
f 537/761/2 536/760/2 540/764/2
f 542/766/3 539/763/3 538/762/3
f 542/766/3 543/767/3 539/763/3
f 541/765/2 540/764/2 544/768/2
f 545/769/3 543/767/3 542/766/3
f 448/743/206 546/770/206 520/741/206
f 448/743/206 446/771/206 546/770/206
f 523/747/206 444/772/206 449/745/206
f 523/747/206 547/773/206 444/772/206
f 520/741/207 548/774/207 524/748/207
f 520/741/207 546/770/207 548/774/207
f 527/751/207 547/773/207 523/747/207
f 527/751/207 549/775/207 547/773/207
f 524/748/25 550/776/25 528/752/25
f 524/748/25 548/774/25 550/776/25
f 531/755/25 549/775/25 527/751/25
f 531/755/25 551/777/25 549/775/25
f 528/752/208 552/778/208 532/756/208
f 528/752/208 550/776/208 552/778/208
f 535/759/208 551/777/208 531/755/208
f 535/759/208 553/779/208 551/777/208
f 532/756/209 554/780/209 536/760/209
f 532/756/209 552/778/209 554/780/209
f 539/763/209 553/779/209 535/759/209
f 539/763/209 555/781/209 553/779/209
f 536/760/210 364/782/210 540/764/210
f 536/760/210 554/780/210 364/782/210
f 543/767/210 555/781/210 539/763/210
f 543/767/210 556/783/210 555/781/210
f 540/764/211 557/784/211 544/768/211
f 540/764/211 364/782/211 557/784/211
f 545/769/211 556/783/211 543/767/211
f 545/769/211 558/785/211 556/783/211
f 544/387/24 558/387/24 545/387/24
f 544/387/24 557/387/24 558/387/24
f 374/786/212 559/787/212 376/788/212
f 374/786/212 560/789/212 559/787/212
f 375/790/213 561/791/213 373/792/213
f 375/790/213 562/793/213 561/791/213
f 376/788/214 563/794/214 564/795/214
f 376/788/214 559/787/214 563/794/214
f 565/796/215 562/793/215 375/790/215
f 565/796/215 566/797/215 562/793/215
f 564/795/216 567/798/216 568/799/216
f 564/795/216 563/794/216 567/798/216
f 569/800/217 566/797/217 565/796/217
f 569/800/217 570/801/217 566/797/217
f 568/799/218 571/802/218 572/803/218
f 568/799/218 567/798/218 571/802/218
f 573/804/219 570/801/219 569/800/219
f 573/804/219 574/805/219 570/801/219
f 572/803/220 575/806/220 576/807/220
f 572/803/220 571/802/220 575/806/220
f 577/808/221 574/805/221 573/804/221
f 577/808/221 578/809/221 574/805/221
f 579/810/222 578/809/222 577/808/222
f 579/810/222 580/811/222 578/809/222
f 576/807/223 581/812/223 582/813/223
f 576/807/223 575/806/223 581/812/223
f 450/644/224 580/811/224 579/810/224
f 450/644/224 452/646/224 580/811/224
f 582/813/12 458/652/12 460/654/12
f 582/813/12 581/812/12 458/652/12
f 287/352/225 583/814/225 584/815/225
f 287/352/225 284/349/225 583/814/225
f 585/816/226 467/661/226 466/660/226
f 585/816/226 586/817/226 467/661/226
f 587/818/24 588/819/24 589/820/24
f 587/818/24 590/821/24 588/819/24
f 589/820/227 586/817/227 585/816/227
f 589/820/227 588/819/227 586/817/227
f 591/822/228 590/821/228 587/818/228
f 591/822/228 592/823/228 590/821/228
f 593/824/229 592/823/229 591/822/229
f 593/824/229 594/825/229 592/823/229
f 595/826/230 594/825/230 593/824/230
f 595/826/230 596/827/230 594/825/230
f 597/828/231 596/827/231 595/826/231
f 597/828/231 598/829/231 596/827/231
f 599/830/232 598/829/232 597/828/232
f 599/830/232 600/831/232 598/829/232
f 422/573/233 600/832/233 599/833/233
f 422/573/233 424/575/233 600/832/233
f 381/834/234 423/835/234 421/836/234
f 381/834/234 389/837/234 423/835/234
f 429/594/235 431/838/235 427/839/235
f 429/594/235 433/596/235 431/838/235
f 601/840/236 434/595/236 428/597/236
f 601/840/236 435/841/236 434/595/236
f 437/842/237 435/841/237 601/840/237
f 437/842/237 436/843/237 435/841/237
f 438/603/238 436/843/238 437/842/238
f 438/603/238 439/844/238 436/843/238
f 440/604/239 439/844/239 438/603/239
f 440/604/239 441/605/239 439/844/239
f 425/586/240 419/593/240 415/584/240
f 425/586/240 426/591/240 419/593/240
f 602/845/241 426/591/241 425/586/241
f 602/845/241 603/846/241 426/591/241
f 445/847/242 603/846/242 602/845/242
f 445/847/242 442/848/242 603/846/242
f 604/849/243 605/850/243 606/851/243
f 604/849/243 607/852/243 605/850/243
f 485/715/193 503/731/193 484/714/193
f 485/715/193 502/730/193 503/731/193
f 608/853/244 507/734/244 487/717/244
f 608/853/244 609/854/244 507/734/244
f 487/717/194 502/730/194 485/715/194
f 487/717/194 507/734/194 502/730/194
f 484/714/196 511/737/196 492/721/196
f 484/714/196 503/731/196 511/737/196
f 492/721/145 607/855/145 604/856/145
f 492/721/145 511/737/145 607/855/145
f 521/742/206 443/746/206 447/740/206
f 521/742/206 522/744/206 443/746/206
f 606/851/1 610/857/1 611/858/1
f 606/851/1 605/850/1 610/857/1
f 525/749/207 522/744/207 521/742/207
f 525/749/207 526/750/207 522/744/207
f 611/858/245 612/859/245 613/860/245
f 611/858/245 610/857/245 612/859/245
f 529/753/25 526/750/25 525/749/25
f 529/753/25 530/754/25 526/750/25
f 613/860/1 614/861/1 615/862/1
f 613/860/1 612/859/1 614/861/1
f 533/757/246 530/754/246 529/753/246
f 533/757/246 534/758/246 530/754/246
f 615/862/247 616/863/247 366/864/247
f 615/862/247 614/861/247 616/863/247
f 537/761/209 534/758/209 533/757/209
f 537/761/209 538/762/209 534/758/209
f 366/865/248 293/362/248 341/866/248
f 366/865/248 616/867/248 293/362/248
f 541/765/249 538/762/249 537/761/249
f 541/765/249 542/766/249 538/762/249
f 584/815/250 617/868/250 618/869/250
f 584/815/250 583/814/250 617/868/250
f 619/870/251 620/871/251 621/872/251
f 619/870/251 622/873/251 620/871/251
f 621/872/252 623/874/252 624/875/252
f 621/872/252 620/871/252 623/874/252
f 624/875/253 625/876/253 626/877/253
f 624/875/253 623/874/253 625/876/253
f 626/877/193 627/878/193 628/879/193
f 626/877/193 625/876/193 627/878/193
f 628/879/12 609/880/12 608/881/12
f 628/879/12 627/878/12 609/880/12
f 618/869/254 629/882/254 372/883/254
f 618/869/254 617/868/254 629/882/254
f 281/884/255 622/873/255 619/870/255
f 281/884/255 280/885/255 622/873/255
f 373/792/256 630/886/256 370/887/256
f 373/792/256 561/791/256 630/886/256
f 372/888/257 560/789/257 374/786/257
f 372/888/257 629/889/257 560/789/257
f 370/887/258 631/890/258 632/891/258
f 370/887/258 630/886/258 631/890/258
f 632/891/259 90/124/259 96/892/259
f 632/891/259 631/890/259 90/124/259
f 96/892/20 90/124/20 89/123/20
f 122/163/260 126/893/260 120/3/260
f 122/163/260 124/894/260 126/893/260
f 129/167/1 124/894/1 122/163/1
f 129/167/1 130/168/1 124/894/1
f 93/127/224 130/168/224 129/167/224
f 93/127/224 92/126/224 130/168/224
f 120/3/1 4/4/1 3/895/1
f 120/3/1 126/893/1 4/4/1
f 544/768/261 542/766/261 541/765/261
f 544/768/261 545/769/261 542/766/261
f 367/54/21 633/46/21 365/45/21
f 367/54/21 634/53/21 633/46/21
f 368/54/262 634/46/262 367/45/262
f 368/54/262 635/53/262 634/46/262
f 365/54/263 636/46/263 637/45/263
f 365/54/263 633/53/263 636/46/263
f 77/48/264 635/896/264 368/897/264
f 77/48/264 83/49/264 635/896/264
f 78/898/92 558/785/92 557/784/92
f 78/898/92 87/899/92 558/785/92
f 637/896/1 100/900/1 79/901/1
f 637/896/1 636/897/1 100/900/1
f 97/900/265 638/902/265 68/903/265
f 97/900/265 639/901/265 638/902/265
f 73/48/1 16/896/1 13/897/1
f 73/48/1 85/49/1 16/896/1
f 69/46/266 83/54/266 77/53/266
f 69/46/266 80/45/266 83/54/266
f 68/54/267 84/46/267 65/45/267
f 68/54/267 638/53/267 84/46/267
f 74/54/268 85/46/268 73/45/268
f 74/54/268 10/53/268 85/46/268
f 79/46/269 86/54/269 71/53/269
f 79/46/269 100/45/269 86/54/269
f 70/904/270 80/54/270 69/53/270
f 70/904/270 88/905/270 80/54/270
f 71/46/271 88/54/271 70/53/271
f 71/46/271 86/45/271 88/54/271
f 65/54/6 10/46/6 74/45/6
f 65/54/6 84/53/6 10/46/6
f 640/46/238 639/54/238 97/53/238
f 640/46/238 63/45/238 639/54/238
f 13/46/272 60/54/272 641/53/272
f 13/46/272 16/45/272 60/54/272
f 641/46/273 62/54/273 642/53/273
f 641/46/273 60/45/273 62/54/273
f 642/46/274 63/54/274 640/53/274
f 642/46/274 62/45/274 63/54/274
f 57/27/6 643/28/6 55/29/6
f 57/27/6 644/30/6 643/28/6
f 645/31/275 646/32/275 647/33/275
f 645/31/275 648/34/275 646/32/275
f 647/33/8 649/35/8 650/36/8
f 647/33/8 646/32/8 649/35/8
f 650/36/9 644/30/9 57/27/9
f 650/36/9 649/35/9 644/30/9
f 55/29/10 651/37/10 652/38/10
f 55/29/10 643/28/10 651/37/10
f 652/38/11 653/39/11 654/40/11
f 652/38/11 651/37/11 653/39/11
f 655/906/206 17/41/206 7/44/206
f 7/44/206 6/907/206 655/906/206
f 654/40/1 8/45/1 656/46/1
f 654/40/1 653/39/1 8/45/1
f 657/47/13 648/48/13 645/49/13
f 657/47/13 658/50/13 648/48/13
f 659/51/14 658/50/14 657/47/14
f 659/51/14 660/52/14 658/50/14
f 661/53/276 660/52/276 659/51/276
f 661/53/276 662/54/276 660/52/276
f 656/46/277 662/54/277 661/53/277
f 656/46/277 8/45/277 662/54/277
f 376/526/278 564/908/278 565/909/278
f 565/909/278 375/524/278 376/526/278
f 564/908/3 568/910/3 569/911/3
f 569/911/3 565/909/3 564/908/3
f 568/910/279 572/912/279 573/913/279
f 573/913/279 569/911/279 568/910/279
f 572/912/3 576/914/3 577/915/3
f 577/915/3 573/913/3 572/912/3
f 577/915/3 582/916/3 579/917/3
f 582/916/3 577/915/3 576/914/3
f 579/917/3 460/673/3 450/672/3
f 460/673/3 579/917/3 582/916/3
f 663/918/280 664/919/280 665/920/280
f 665/920/281 664/919/281 666/921/281
f 667/922/282 668/923/282 663/918/282
f 668/923/283 664/919/283 663/918/283
f 664/919/284 668/923/284 669/924/284
f 666/921/285 664/919/285 669/924/285
f 670/925/286 671/926/286 667/922/286
f 671/926/287 668/923/287 667/922/287
f 671/926/288 672/927/288 668/923/288
f 669/924/289 668/923/289 672/927/289
f 289/357/290 673/928/290 670/925/290
f 673/928/291 671/926/291 670/925/291
f 671/926/292 673/928/292 674/929/292
f 674/929/293 672/927/293 671/926/293
f 287/356/294 673/928/294 289/357/294
f 584/930/295 673/928/295 287/356/295
f 584/930/296 674/929/296 673/928/296
f 289/931/3 466/680/3 285/681/3
f 466/680/3 670/932/3 585/933/3
f 670/932/3 466/680/3 289/931/3
f 589/934/3 585/933/3 587/935/3
f 670/932/3 587/935/3 585/933/3
f 670/932/3 591/936/3 587/935/3
f 591/936/3 670/932/3 667/937/3
f 667/937/3 593/938/3 591/936/3
f 667/937/3 663/939/3 593/938/3
f 669/940/3 675/941/3 666/942/3
f 675/941/3 676/943/3 666/942/3
f 666/942/3 676/943/3 677/944/3
f 666/942/3 677/944/3 608/945/3
f 678/946/3 666/942/3 608/945/3
f 665/947/3 666/942/3 678/946/3
f 665/947/3 678/946/3 491/948/3
f 678/946/3 489/949/3 491/948/3
f 663/939/3 595/950/3 593/938/3
f 595/950/3 663/939/3 665/947/3
f 665/947/3 491/948/3 595/950/3
f 499/951/3 597/952/3 595/950/3
f 491/948/3 499/951/3 595/950/3
f 422/953/3 599/954/3 597/952/3
f 499/951/3 422/953/3 597/952/3
f 384/955/3 422/953/3 499/951/3
f 499/951/297 382/956/297 384/955/297
f 499/951/298 501/957/298 408/958/298
f 501/957/299 406/959/299 408/958/299
f 501/957/300 496/960/300 406/959/300
f 496/960/3 494/961/3 406/959/3
f 494/961/3 679/962/3 406/959/3
f 406/959/3 679/962/3 416/963/3
f 425/964/3 416/963/3 679/962/3
f 602/965/3 425/964/3 679/962/3
f 445/966/3 602/965/3 679/962/3
f 606/967/3 445/966/3 604/968/3
f 445/966/3 679/962/3 604/968/3
f 470/694/3 472/686/3 468/688/3
f 470/694/3 474/696/3 472/686/3
f 489/949/3 678/946/3 608/945/3
f 487/969/3 489/949/3 608/945/3
f 488/718/3 486/719/3 471/970/3
f 471/970/3 473/971/3 488/718/3
f 473/971/3 490/720/3 488/718/3
f 473/971/3 475/972/3 490/720/3
f 475/972/3 497/725/3 490/720/3
f 475/972/301 469/973/301 493/723/301
f 475/972/3 493/723/3 495/724/3
f 475/972/3 495/724/3 497/725/3
f 492/974/3 604/968/3 494/961/3
f 604/968/3 679/962/3 494/961/3
f 497/725/3 498/728/3 490/720/3
f 497/725/178 500/729/178 498/728/178
f 445/966/3 606/967/3 546/975/3
f 546/975/3 446/976/3 445/966/3
f 548/977/302 606/967/302 611/978/302
f 548/977/303 546/975/303 606/967/303
f 550/979/3 611/978/3 613/980/3
f 550/979/3 548/977/3 611/978/3
f 613/980/3 615/981/3 552/982/3
f 552/982/3 550/979/3 613/980/3
f 554/983/3 615/981/3 366/486/3
f 554/983/3 552/982/3 615/981/3
f 364/483/3 554/983/3 366/486/3
f 584/984/3 618/985/3 619/986/3
f 674/987/3 584/984/3 619/986/3
f 672/988/3 674/987/3 619/986/3
f 619/986/3 669/940/3 672/988/3
f 675/941/3 669/940/3 619/986/3
f 619/986/3 621/989/3 675/941/3
f 621/989/3 624/990/3 675/941/3
f 676/943/3 675/941/3 624/990/3
f 624/990/3 626/991/3 676/943/3
f 626/991/3 677/944/3 676/943/3
f 626/991/3 628/992/3 677/944/3
f 628/992/3 608/945/3 677/944/3
f 372/514/3 281/507/3 618/985/3
f 281/507/3 619/986/3 618/985/3
f 370/503/3 632/993/3 371/504/3
f 632/993/3 96/132/3 371/504/3
f 89/133/3 93/994/3 95/131/3
f 95/131/3 371/504/3 96/132/3
f 121/995/3 123/996/3 680/997/3
f 680/997/3 95/131/3 121/995/3
f 128/998/3 121/995/3 95/131/3
f 95/131/3 93/994/3 128/998/3
f 123/996/3 21/55/3 48/58/3
f 48/58/3 680/997/3 123/996/3
f 371/504/17 95/131/17 99/139/17
f 99/139/304 369/495/304 371/504/304
f 95/131/304 680/997/304 58/92/304
f 58/92/17 99/139/17 95/131/17
f 680/997/17 48/58/17 20/20/17
f 20/20/304 58/92/304 680/997/304
f 365/485/3 557/999/3 364/483/3
f 557/999/3 365/485/3 637/1000/3
f 79/113/300 78/112/300 557/999/300
f 557/999/3 637/1000/3 79/113/3
f 73/107/305 13/13/305 12/12/305
f 640/1001/3 97/137/3 58/92/3
f 56/90/3 640/1001/3 58/92/3
f 14/14/3 641/1002/3 54/88/3
f 14/14/3 13/13/3 641/1002/3
f 642/1003/3 54/88/3 641/1002/3
f 642/1003/3 56/90/3 54/88/3
f 642/1003/3 640/1001/3 56/90/3
f 58/92/3 20/20/3 645/1004/3
f 645/1004/3 647/1005/3 58/92/3
f 58/92/3 647/1005/3 650/1006/3
f 58/92/3 650/1006/3 57/91/3
f 55/89/3 652/1007/3 14/14/3
f 652/1007/3 654/1008/3 14/14/3
f 681/1009/3 656/1010/3 17/17/3
f 17/17/3 655/1011/3 681/1009/3
f 681/1009/3 14/14/3 654/1008/3
f 654/1008/3 656/1010/3 681/1009/3
f 20/20/3 17/17/3 659/1012/3
f 657/1013/3 645/1004/3 20/20/3
f 659/1012/3 657/1013/3 20/20/3
f 661/1014/3 659/1012/3 17/17/3
f 656/1010/3 661/1014/3 17/17/3
f 562/1015/2 559/1016/2 560/1017/2
f 560/1017/2 561/1018/2 562/1015/2
f 566/1019/306 563/1020/306 559/1016/306
f 559/1016/306 562/1015/306 566/1019/306
f 570/1021/2 567/1022/2 563/1020/2
f 563/1020/2 566/1019/2 570/1021/2
f 574/1023/307 571/1024/307 567/1022/307
f 567/1022/307 570/1021/307 574/1023/307
f 578/1025/2 575/1026/2 571/1024/2
f 571/1024/2 574/1023/2 578/1025/2
f 580/1027/2 581/1028/2 578/1025/2
f 575/1026/2 578/1025/2 581/1028/2
f 452/664/2 458/663/2 580/1027/2
f 581/1028/2 580/1027/2 458/663/2
f 682/1029/308 683/1030/308 684/1031/308
f 685/1032/309 683/1030/309 682/1029/309
f 684/1031/310 686/1033/310 687/1034/310
f 684/1031/311 683/1030/311 686/1033/311
f 688/1035/312 686/1033/312 683/1030/312
f 688/1035/313 683/1030/313 685/1032/313
f 687/1034/314 689/1036/314 690/1037/314
f 687/1034/315 686/1033/315 689/1036/315
f 686/1033/316 691/1038/316 689/1036/316
f 691/1038/317 686/1033/317 688/1035/317
f 690/1037/318 692/1039/318 288/355/318
f 690/1037/319 689/1036/319 692/1039/319
f 693/1040/320 692/1039/320 689/1036/320
f 689/1036/321 691/1038/321 693/1040/321
f 288/355/322 692/1039/322 284/353/322
f 284/353/323 692/1039/323 583/1041/323
f 692/1039/324 693/1040/324 583/1041/324
f 286/671/2 467/670/2 288/1042/2
f 586/1043/2 690/1044/2 467/670/2
f 288/1042/2 467/670/2 690/1044/2
f 590/1045/2 586/1043/2 588/1046/2
f 586/1043/2 590/1045/2 690/1044/2
f 590/1045/2 592/1047/2 690/1044/2
f 687/1048/2 690/1044/2 592/1047/2
f 592/1047/2 594/1049/2 687/1048/2
f 594/1049/2 684/1050/2 687/1048/2
f 685/1051/2 694/1052/2 688/1053/2
f 685/1051/2 695/1054/2 694/1052/2
f 696/1055/2 695/1054/2 685/1051/2
f 609/1056/2 696/1055/2 685/1051/2
f 609/1056/2 685/1051/2 697/1057/2
f 697/1057/2 685/1051/2 682/1058/2
f 508/1059/2 697/1057/2 682/1058/2
f 508/1059/2 505/1060/2 697/1057/2
f 594/1049/2 596/1061/2 684/1050/2
f 682/1058/2 684/1050/2 596/1061/2
f 596/1061/2 508/1059/2 682/1058/2
f 596/1061/2 598/1062/2 516/1063/2
f 596/1061/2 516/1063/2 508/1059/2
f 598/1062/2 600/1064/2 424/1065/2
f 598/1062/2 424/1065/2 516/1063/2
f 516/1063/2 424/1065/2 390/1066/2
f 390/1066/2 392/1067/2 516/1063/2
f 392/1067/2 396/1068/2 516/1063/2
f 396/1068/2 400/1069/2 516/1063/2
f 400/1069/2 519/1070/2 516/1063/2
f 400/1069/2 412/1071/2 519/1070/2
f 412/1071/325 515/1072/325 519/1070/325
f 412/1071/2 513/1073/2 515/1072/2
f 412/1071/2 698/1074/2 513/1073/2
f 420/1075/2 698/1074/2 412/1071/2
f 698/1074/2 420/1075/2 426/1076/2
f 698/1074/2 426/1076/2 603/1077/2
f 698/1074/2 603/1077/2 442/1078/2
f 607/1079/2 442/1078/2 605/1080/2
f 607/1079/2 698/1074/2 442/1078/2
f 478/702/2 481/704/2 476/708/2
f 481/704/2 482/706/2 476/708/2
f 609/1056/2 697/1057/2 505/1060/2
f 609/1056/2 505/1060/2 507/1081/2
f 477/1082/2 504/732/2 506/733/2
f 506/733/2 480/1083/2 477/1082/2
f 506/733/2 509/727/2 480/1083/2
f 509/727/2 483/1084/2 480/1083/2
f 509/727/2 514/1085/2 483/1084/2
f 510/739/2 479/1086/2 483/1084/2
f 512/738/2 510/739/2 483/1084/2
f 514/1085/2 512/738/2 483/1084/2
f 513/1073/2 607/1079/2 511/1087/2
f 513/1073/2 698/1074/2 607/1079/2
f 509/727/2 517/726/2 514/1085/2
f 517/726/326 518/1088/326 514/1085/326
f 547/1089/2 605/1080/2 442/1078/2
f 442/1078/2 444/1090/2 547/1089/2
f 610/1091/327 605/1080/327 549/1092/327
f 605/1080/328 547/1089/328 549/1092/328
f 612/1093/2 610/1091/2 551/1094/2
f 610/1091/2 549/1092/2 551/1094/2
f 553/1095/2 614/1096/2 612/1093/2
f 612/1093/2 551/1094/2 553/1095/2
f 616/1097/2 614/1096/2 555/1098/2
f 614/1096/2 553/1095/2 555/1098/2
f 556/1099/2 293/1100/2 616/1097/2
f 616/1097/2 555/1098/2 556/1099/2
f 622/1101/2 617/1102/2 583/1103/2
f 622/1101/2 583/1103/2 693/1104/2
f 622/1101/2 693/1104/2 691/1105/2
f 691/1105/2 688/1053/2 622/1101/2
f 622/1101/2 688/1053/2 694/1052/2
f 694/1052/2 620/1106/2 622/1101/2
f 694/1052/2 623/1107/2 620/1106/2
f 623/1107/2 694/1052/2 695/1054/2
f 695/1054/2 625/1108/2 623/1107/2
f 695/1054/2 696/1055/2 625/1108/2
f 696/1055/2 627/1109/2 625/1108/2
f 696/1055/2 609/1056/2 627/1109/2
f 617/1102/2 280/1110/2 629/1111/2
f 617/1102/2 622/1101/2 280/1110/2
f 561/1112/329 560/1113/329 630/1114/329
f 560/1113/330 629/1115/330 630/1114/330
f 630/1116/2 629/1111/2 280/1110/2
f 699/1117/2 630/1116/2 280/1110/2
f 280/1110/2 283/1118/2 699/1117/2
f 700/1119/2 631/1120/2 630/1116/2
f 630/1116/2 699/1117/2 700/1119/2
f 700/1119/2 90/1121/2 631/1120/2
f 94/128/2 91/130/2 90/1121/2
f 90/1121/2 700/1119/2 94/128/2
f 701/1122/2 125/1123/2 127/1124/2
f 127/1124/2 94/128/2 701/1122/2
f 94/128/2 127/1124/2 131/1125/2
f 131/1125/2 92/129/2 94/128/2
f 51/73/2 24/72/2 125/1123/2
f 125/1123/2 701/1122/2 51/73/2
f 702/1126/331 699/1117/331 283/1118/331
f 283/1118/332 277/1127/332 702/1126/332
f 703/1128/333 700/1119/333 699/1117/333
f 699/1117/331 702/1126/331 703/1128/331
f 82/116/18 94/128/18 700/1119/18
f 700/1119/333 703/1128/333 82/116/333
f 64/98/333 701/1122/333 94/128/333
f 94/128/18 82/116/18 64/98/18
f 53/75/18 51/73/18 701/1122/18
f 701/1122/333 64/98/333 53/75/333
f 293/1100/2 556/1099/2 633/1129/2
f 556/1099/2 558/1130/2 633/1129/2
f 634/1131/2 703/1128/2 702/1126/2
f 634/1131/2 702/1126/2 290/1132/2
f 702/1126/2 277/1127/2 290/1132/2
f 633/1129/2 292/1133/2 293/1100/2
f 290/1132/2 292/1133/2 634/1131/2
f 633/1129/2 634/1131/2 292/1133/2
f 634/1131/2 635/1134/2 703/1128/2
f 636/1135/2 633/1129/2 558/1130/2
f 83/117/2 82/116/2 703/1128/2
f 703/1128/2 635/1134/2 83/117/2
f 558/1130/2 87/121/2 100/140/2
f 100/140/2 636/1135/2 558/1130/2
f 639/1136/2 64/98/2 82/116/2
f 82/116/2 638/1137/2 639/1136/2
f 16/16/2 85/119/2 9/9/2
f 84/118/2 638/1137/2 82/116/2
f 64/98/2 639/1136/2 63/97/2
f 64/98/2 61/95/2 644/1138/2
f 15/15/2 643/1139/2 59/93/2
f 60/94/2 16/16/2 15/15/2
f 61/95/2 59/93/2 643/1139/2
f 643/1139/2 644/1138/2 61/95/2
f 648/1140/2 53/75/2 64/98/2
f 64/98/2 646/1141/2 648/1140/2
f 649/1142/2 646/1141/2 64/98/2
f 644/1138/2 649/1142/2 64/98/2
f 651/1143/2 643/1139/2 15/15/2
f 651/1143/2 15/15/2 653/1144/2
f 5/5/2 8/8/2 15/15/2
f 8/8/2 653/1144/2 15/15/2
f 660/1145/2 7/7/2 53/75/2
f 53/75/2 648/1140/2 658/1146/2
f 53/75/2 658/1146/2 660/1145/2
f 7/7/2 660/1145/2 662/1147/2
f 7/7/2 662/1147/2 8/8/2
f 138/327/24 132/1148/24 134/1149/24
f 134/1149/24 136/329/24 138/327/24
f 135/174/33 145/184/33 147/186/33
f 147/186/33 133/172/33 135/174/33
f 146/1150/21 140/1151/21 142/1152/21
f 142/1152/21 144/1153/21 146/1150/21
f 143/1154/34 137/1155/34 139/1156/34
f 139/1156/34 141/1157/34 143/1154/34
f 136/329/24 134/1149/24 149/1158/24
f 149/1158/24 150/331/24 136/329/24
f 133/172/35 147/186/35 155/194/35
f 155/194/35 148/187/35 133/172/35
f 144/1153/21 142/1152/21 153/1159/21
f 153/1159/21 154/1160/21 144/1153/21
f 141/1157/36 139/1156/36 151/1161/36
f 151/1161/36 152/1162/36 141/1157/36
f 150/331/24 149/1158/24 157/1163/24
f 157/1163/24 158/345/24 150/331/24
f 148/187/37 155/194/37 163/202/37
f 163/202/37 156/195/37 148/187/37
f 154/1160/21 153/1159/21 161/1164/21
f 161/1164/21 162/1165/21 154/1160/21
f 152/1162/38 151/1161/38 159/1166/38
f 159/1166/38 160/1167/38 152/1162/38
f 158/345/24 157/1163/24 165/1168/24
f 165/1168/24 166/346/24 158/345/24
f 156/195/39 163/202/39 171/210/39
f 171/210/39 164/203/39 156/195/39
f 162/1165/21 161/1164/21 169/1169/21
f 169/1169/21 170/1170/21 162/1165/21
f 166/346/24 165/1168/24 173/1171/24
f 173/1171/24 174/342/24 166/346/24
f 164/203/2 171/210/2 179/218/2
f 179/218/2 172/211/2 164/203/2
f 170/1170/21 169/1169/21 177/1172/21
f 177/1172/21 178/1173/21 170/1170/21
f 174/342/24 173/1171/24 181/1174/24
f 181/1174/24 182/341/24 174/342/24
f 172/211/41 179/218/41 187/226/41
f 187/226/41 180/219/41 172/211/41
f 178/1173/21 177/1172/21 185/1175/21
f 185/1175/21 186/1176/21 178/1173/21
f 183/1177/42 184/1178/42 176/1179/42
f 182/341/24 181/1174/24 189/1180/24
f 189/1180/24 190/340/24 182/341/24
f 180/219/43 187/226/43 195/234/43
f 195/234/43 188/227/43 180/219/43
f 186/1176/21 185/1175/21 193/1181/21
f 193/1181/21 194/1182/21 186/1176/21
f 184/1178/44 183/1177/44 191/1183/44
f 191/1183/44 192/1184/44 184/1178/44
f 190/340/24 189/1180/24 197/1185/24
f 197/1185/24 198/339/24 190/340/24
f 188/227/45 195/234/45 203/242/45
f 203/242/45 196/235/45 188/227/45
f 194/1182/21 193/1181/21 201/1186/21
f 201/1186/21 202/1187/21 194/1182/21
f 192/387/46 191/387/46 199/387/46
f 199/387/46 200/387/46 192/387/46
f 198/339/24 197/1185/24 205/1188/24
f 205/1188/24 206/337/24 198/339/24
f 196/235/47 203/242/47 211/250/47
f 211/250/47 204/243/47 196/235/47
f 202/1187/21 201/1186/21 209/1189/21
f 209/1189/21 210/1190/21 202/1187/21
f 200/387/48 199/387/48 207/387/48
f 207/387/48 208/387/48 200/387/48
f 206/337/24 205/1188/24 213/1191/24
f 213/1191/24 214/336/24 206/337/24
f 204/254/34 211/264/34 219/266/34
f 219/266/34 212/252/34 204/254/34
f 210/1190/21 209/1189/21 217/1192/21
f 217/1192/21 218/1193/21 210/1190/21
f 208/387/33 207/387/33 215/387/33
f 215/387/33 216/387/33 208/387/33
f 214/336/24 213/1191/24 221/1194/24
f 221/1194/24 222/335/24 214/336/24
f 212/252/36 219/266/36 227/274/36
f 227/274/36 220/267/36 212/252/36
f 218/1193/21 217/1192/21 225/1195/21
f 225/1195/21 226/1196/21 218/1193/21
f 216/387/35 215/387/35 223/387/35
f 223/387/35 224/387/35 216/387/35
f 222/335/24 221/1194/24 229/1197/24
f 229/1197/24 230/333/24 222/335/24
f 220/267/38 227/274/38 235/282/38
f 235/282/38 228/275/38 220/267/38
f 226/1196/21 225/1195/21 233/1198/21
f 233/1198/21 234/1199/21 226/1196/21
f 224/387/37 223/387/37 231/387/37
f 231/387/37 232/387/37 224/387/37
f 230/333/24 229/1197/24 237/1200/24
f 237/1200/24 238/334/24 230/333/24
f 228/275/40 235/282/40 243/290/40
f 243/290/40 236/283/40 228/275/40
f 234/1199/21 233/1198/21 241/1201/21
f 241/1201/21 242/1202/21 234/1199/21
f 232/387/39 231/387/39 239/387/39
f 239/387/39 240/387/39 232/387/39
f 238/334/24 237/1200/24 245/1203/24
f 245/1203/24 246/347/24 238/334/24
f 236/283/3 243/290/3 251/298/3
f 251/298/3 244/291/3 236/283/3
f 242/1202/21 241/1201/21 249/1204/21
f 249/1204/21 250/1205/21 242/1202/21
f 240/387/2 239/387/2 247/387/2
f 247/387/2 248/387/2 240/387/2
f 246/347/24 245/1203/24 253/1206/24
f 253/1206/24 254/348/24 246/347/24
f 244/291/42 251/298/42 259/306/42
f 259/306/42 252/299/42 244/291/42
f 250/1205/21 249/1204/21 257/1207/21
f 257/1207/21 258/1208/21 250/1205/21
f 248/387/41 247/387/41 255/387/41
f 255/387/41 256/387/41 248/387/41
f 254/348/24 253/1206/24 261/1209/24
f 261/1209/24 262/323/24 254/348/24
f 252/299/44 259/306/44 267/314/44
f 267/314/44 260/307/44 252/299/44
f 258/1208/21 257/1207/21 265/1210/21
f 265/1210/21 266/1211/21 258/1208/21
f 256/387/43 255/387/43 263/387/43
f 263/387/43 264/387/43 256/387/43
f 262/323/24 261/1209/24 269/1212/24
f 269/1212/24 270/326/24 262/323/24
f 260/307/46 267/314/46 275/322/46
f 275/322/46 268/315/46 260/307/46
f 266/1211/21 265/1210/21 273/1213/21
f 273/1213/21 274/1214/21 266/1211/21
f 264/387/45 263/387/45 271/387/45
f 271/387/45 272/387/45 264/387/45
f 270/326/24 269/1212/24 132/1148/24
f 132/1148/24 138/327/24 270/326/24
f 268/315/48 275/322/48 145/184/48
f 145/184/48 135/174/48 268/315/48
f 274/1214/21 273/1213/21 140/1151/21
f 140/1151/21 146/1150/21 274/1214/21
f 272/387/47 271/387/47 137/387/47
f 137/387/47 143/387/47 272/387/47
f 704/1215/334 408/561/334 405/558/334
f 408/561/335 704/1215/335 705/1216/335
f 706/1217/336 705/1216/336 704/1215/336
f 705/1216/337 706/1217/337 707/1218/337
f 708/1219/338 709/1220/338 706/1217/338
f 709/1220/339 707/1218/339 706/1217/339
f 383/548/340 709/1220/340 708/1219/340
f 709/1220/341 383/548/341 382/547/341
f 710/1221/342 704/1215/342 711/1222/342
f 704/1215/151 710/1221/151 706/1217/151
f 706/1217/343 710/1221/343 712/1223/343
f 706/1217/344 712/1223/344 708/1219/344
f 708/1219/345 712/1223/345 377/625/345
f 377/625/346 383/548/346 708/1219/346
f 405/558/347 403/630/347 711/1222/347
f 405/558/348 711/1222/348 704/1215/348
f 711/387/2 403/387/2 402/387/2
f 713/387/349 711/387/349 402/387/349
f 710/387/350 711/387/350 713/387/350
f 710/387/351 713/387/351 714/387/351
f 714/387/352 712/387/352 710/387/352
f 712/387/353 714/387/353 715/387/353
f 377/387/354 712/387/354 715/387/354
f 715/387/131 380/387/131 377/387/131
f 402/1224/355 437/613/355 713/1225/355
f 714/1226/356 713/1225/356 437/613/356
f 437/613/356 601/1227/356 715/1228/356
f 715/1228/357 601/1227/357 380/599/357
f 715/1228/356 714/1226/356 437/613/356
f 601/1227/2 428/600/2 380/599/2
f 408/958/358 705/1229/358 499/951/358
f 705/1229/359 707/1230/359 499/951/359
f 707/1230/360 709/1231/360 499/951/360
f 709/1231/361 382/956/361 499/951/361
f 14/1232/12 681/1233/12 5/1234/12
f 15/1235/12 12/136/12 14/1232/12
f 681/1233/24 655/1236/24 6/1237/24
f 15/1235/12 14/1232/12 5/1234/12
f 15/1235/12 9/134/12 12/136/12
f 87/135/21 78/1238/21 12/136/21
f 6/1237/24 5/1234/24 681/1233/24
f 12/12/362 78/112/362 71/105/362
f 9/9/2 11/11/2 86/120/2
f 38/1239/363 37/1240/363 49/1241/363
f 49/1241/363 52/1242/363 38/1239/363
f 49/1241/21 160/1243/21 152/1244/21
f 49/1241/21 152/1244/21 141/1245/21
f 272/1246/21 264/1247/21 52/1242/21
f 264/1247/21 256/1248/21 52/1242/21
f 2/1249/21 200/1250/21 192/1251/21
f 1/1252/21 224/1253/21 216/1254/21
f 1/1252/21 208/1255/21 2/1249/21
f 208/1255/21 200/1250/21 2/1249/21
f 208/1255/21 1/1252/21 216/1254/21
f 192/1251/21 184/1256/21 22/1257/21
f 192/1251/21 22/1257/21 2/1249/21
f 1/1252/21 23/1258/21 224/1253/21
f 232/1259/21 224/1253/21 23/1258/21
f 240/1260/21 50/1261/21 248/1262/21
f 50/1261/21 240/1260/21 23/1258/21
f 240/1260/21 232/1259/21 23/1258/21
f 256/1248/21 248/1262/21 50/1261/21
f 256/1248/21 50/1261/21 52/1242/21
f 52/1242/21 49/1241/21 143/1263/21
f 49/1241/21 141/1245/21 143/1263/21
f 272/1246/21 52/1242/21 143/1263/21
f 168/1264/21 47/1265/21 176/1266/21
f 47/1265/21 22/1257/21 176/1266/21
f 22/1257/21 184/1256/21 176/1266/21
f 168/1264/21 160/1243/21 47/1265/21
f 49/1241/21 47/1265/21 160/1243/21
f 716/1267/364 717/1268/364 718/1269/364
f 719/1270/364 717/1268/364 716/1267/364
f 718/1271/12 720/1272/12 721/1273/12
f 717/1274/12 720/1272/12 718/1271/12
f 720/1275/365 722/1276/365 721/1277/365
f 723/1278/366 722/1276/366 720/1275/366
f 719/1279/24 720/1280/24 717/1281/24
f 723/1282/24 720/1280/24 719/1279/24
f 721/1283/21 716/1284/21 718/1285/21
f 722/1286/21 716/1284/21 721/1283/21
f 724/1267/364 725/1268/364 726/1269/364
f 727/1270/364 725/1268/364 724/1267/364
f 726/1271/12 728/1272/12 729/1273/12
f 725/1274/12 728/1272/12 726/1271/12
f 728/1275/365 730/1276/365 729/1277/365
f 731/1278/366 730/1276/366 728/1275/366
f 727/1279/24 728/1280/24 725/1281/24
f 731/1282/24 728/1280/24 727/1279/24
f 729/1283/21 724/1284/21 726/1285/21
f 730/1286/21 724/1284/21 729/1283/21
f 732/1267/364 733/1268/364 734/1269/364
f 735/1270/364 733/1268/364 732/1267/364
f 734/1271/12 736/1272/12 737/1273/12
f 733/1274/12 736/1272/12 734/1271/12
f 736/1275/365 738/1276/365 737/1277/365
f 739/1278/366 738/1276/366 736/1275/366
f 735/1279/24 736/1280/24 733/1281/24
f 739/1282/24 736/1280/24 735/1279/24
f 737/1283/21 732/1284/21 734/1285/21
f 738/1286/21 732/1284/21 737/1283/21
f 740/1267/364 741/1268/364 742/1269/364
f 743/1270/364 741/1268/364 740/1267/364
f 742/1271/12 744/1272/12 745/1273/12
f 741/1274/12 744/1272/12 742/1271/12
f 744/1275/365 746/1276/365 745/1277/365
f 747/1278/366 746/1276/366 744/1275/366
f 743/1279/24 744/1280/24 741/1281/24
f 747/1282/24 744/1280/24 743/1279/24
f 745/1283/21 740/1284/21 742/1285/21
f 746/1286/21 740/1284/21 745/1283/21
f 748/1267/364 749/1268/364 750/1269/364
f 751/1270/364 749/1268/364 748/1267/364
f 750/1271/12 752/1272/12 753/1273/12
f 749/1274/12 752/1272/12 750/1271/12
f 752/1275/365 754/1276/365 753/1277/365
f 755/1278/366 754/1276/366 752/1275/366
f 751/1279/24 752/1280/24 749/1281/24
f 755/1282/24 752/1280/24 751/1279/24
f 753/1283/21 748/1284/21 750/1285/21
f 754/1286/21 748/1284/21 753/1283/21
f 756/1267/364 757/1268/364 758/1269/364
f 759/1270/364 757/1268/364 756/1267/364
f 758/1271/12 760/1272/12 761/1273/12
f 757/1274/12 760/1272/12 758/1271/12
f 760/1275/365 762/1276/365 761/1277/365
f 763/1278/366 762/1276/366 760/1275/366
f 759/1279/24 760/1280/24 757/1281/24
f 763/1282/24 760/1280/24 759/1279/24
f 761/1283/21 756/1284/21 758/1285/21
f 762/1286/21 756/1284/21 761/1283/21
f 764/1287/1 765/1288/1 766/1289/1
f 767/1290/1 764/1287/1 766/1289/1
f 768/1291/12 769/1292/12 770/1293/12
f 771/1294/12 768/1291/12 770/1293/12
f 764/1295/367 767/1296/367 768/1297/367
f 771/1298/367 764/1295/367 768/1297/367
f 765/1299/24 764/1300/24 771/1301/24
f 770/1302/24 765/1299/24 771/1301/24
f 766/1296/368 765/1295/368 770/1298/368
f 769/1297/368 766/1296/368 770/1298/368
f 767/1300/21 766/1299/21 769/1302/21
f 768/1301/21 767/1300/21 769/1302/21
f 772/1269/369 773/1268/369 774/1267/369
f 774/1267/369 773/1268/369 775/1270/369
f 776/1273/1 777/1272/1 772/1271/1
f 772/1271/1 777/1272/1 773/1274/1
f 776/1277/370 778/1276/370 777/1275/370
f 777/1275/371 778/1276/371 779/1278/371
f 773/1281/24 777/1280/24 775/1279/24
f 775/1279/24 777/1280/24 779/1282/24
f 772/1285/21 774/1284/21 776/1283/21
f 776/1283/21 774/1284/21 778/1286/21
f 780/1303/2 781/1304/2 782/1304/2
f 782/1304/2 783/1303/2 780/1303/2
f 781/1304/372 784/1305/372 785/1306/372
f 785/1306/372 782/1304/372 781/1304/372
f 784/1305/20 786/1307/20 787/1308/20
f 787/1308/20 785/1305/20 784/1305/20
f 786/1307/373 788/1309/373 789/1309/373
f 789/1309/373 787/1307/373 786/1307/373
f 788/1309/3 790/387/3 791/1310/3
f 791/1310/3 789/1309/3 788/1309/3
f 790/387/206 780/1303/206 783/387/206
f 783/387/206 791/387/206 790/387/206
f 790/1311/196 788/1312/196 781/1313/196
f 788/1312/21 786/1314/21 784/1315/21
f 781/1313/374 780/1316/374 790/1311/374
f 781/1313/21 788/1312/21 784/1315/21
f 783/1303/137 782/1304/137 792/1317/137
f 792/1317/375 782/1304/375 793/1318/375
f 794/1319/376 785/1305/376 795/1320/376
f 795/1320/376 785/1305/376 787/1308/376
f 791/1310/377 796/1321/377 789/1309/377
f 789/1309/378 796/1321/378 797/1322/378
f 797/1322/379 795/1323/379 789/1309/379
f 789/1309/380 795/1323/380 787/1307/380
f 782/1304/381 785/1306/381 793/1318/381
f 793/1318/382 785/1306/382 794/1324/382
f 794/1325/161 795/1326/161 793/1312/161
f 793/1312/161 795/1326/161 797/1327/161
f 793/1312/383 797/1327/383 792/1328/383
f 792/1328/383 797/1327/383 796/1329/383
f 798/1330/369 799/1331/369 800/1332/369
f 800/1332/369 799/1331/369 801/1333/369
f 802/1334/1 803/1335/1 798/1336/1
f 798/1336/1 803/1335/1 799/1337/1
f 802/1338/384 804/1339/384 803/1340/384
f 803/1340/384 804/1339/384 805/1341/384
f 799/1281/24 803/1342/24 801/1279/24
f 801/1279/24 803/1342/24 805/1282/24
f 798/1343/21 800/1315/21 802/1344/21
f 802/1344/385 800/1315/385 804/1314/385
f 806/1345/369 807/1346/369 808/1347/369
f 808/1347/369 807/1346/369 809/1348/369
f 810/1349/1 811/1350/1 806/1351/1
f 806/1351/1 811/1350/1 807/1352/1
f 810/1353/386 812/1354/386 811/1355/386
f 811/1355/371 812/1354/371 813/1356/371
f 807/1281/24 811/1280/24 809/1279/24
f 809/1279/24 811/1280/24 813/1282/24
f 806/1285/21 808/1284/21 810/1283/21
f 810/1283/21 808/1284/21 812/1286/21
f 814/1357/387 815/1358/387 816/1359/387
f 816/1359/369 815/1358/369 817/1360/369
f 818/1361/1 819/1362/1 814/1363/1
f 814/1363/1 819/1362/1 815/1364/1
f 818/1365/384 820/1366/384 819/1367/384
f 819/1367/384 820/1366/384 821/1368/384
f 815/1369/388 819/1280/388 817/1370/388
f 817/1370/24 819/1280/24 821/1371/24
f 814/1285/21 816/1372/21 818/1373/21
f 818/1373/21 816/1372/21 820/1374/21
f 822/1269/369 823/1268/369 824/1267/369
f 824/1267/369 823/1268/369 825/1270/369
f 826/1273/1 827/1272/1 822/1271/1
f 822/1271/1 827/1272/1 823/1274/1
f 826/1277/370 828/1276/370 827/1275/370
f 827/1275/371 828/1276/371 829/1278/371
f 823/1281/24 827/1280/24 825/1279/24
f 825/1279/24 827/1280/24 829/1282/24
f 822/1285/21 824/1284/21 826/1283/21
f 826/1283/21 824/1284/21 828/1286/21
f 830/1375/389 831/1376/389 832/1377/389
f 832/1377/369 831/1376/369 833/1378/369
f 834/1379/1 835/1380/1 830/1381/1
f 830/1381/1 835/1380/1 831/1382/1
f 834/1383/384 836/1384/384 835/1385/384
f 835/1385/384 836/1384/384 837/1386/384
f 831/1369/388 835/1280/388 833/1370/388
f 833/1370/24 835/1280/24 837/1371/24
f 830/1285/21 832/1372/21 834/1373/21
f 834/1373/21 832/1372/21 836/1374/21
f 791/387/12 792/387/12 796/387/12
f 783/387/12 792/387/12 791/387/12
# 1650 triangles in group

g sa_vtf_Base_Color_png
usemtl sa_vtf_Base_Color_png
f 838/1387/390 839/1388/390 840/1389/390
f 840/1389/391 839/1388/391 841/1390/391
f 839/1388/392 842/1391/392 841/1390/392
f 841/1390/390 842/1391/390 843/1392/390
f 842/1391/393 844/1393/393 843/1392/393
f 843/1392/394 844/1393/394 845/1394/394
f 844/1393/395 846/1395/395 845/1394/395
f 845/1394/396 846/1395/396 847/1396/396
f 846/1395/397 848/1397/397 847/1396/397
f 847/1396/398 848/1397/398 849/1398/398
f 848/1397/399 850/1399/399 849/1398/399
f 849/1398/400 850/1399/400 851/1400/400
f 852/1401/401 853/1402/401 854/1403/401
f 854/1403/402 853/1402/402 855/1404/402
f 853/1402/402 856/1405/402 855/1404/402
f 855/1404/403 856/1405/403 857/1406/403
f 856/1405/404 858/1407/404 857/1406/404
f 857/1406/405 858/1407/405 859/1408/405
f 858/1407/406 860/1409/406 859/1408/406
f 859/1408/407 860/1409/407 861/1410/407
f 860/1409/408 862/1411/408 861/1410/408
f 861/1410/409 862/1411/409 863/1412/409
f 862/1411/410 864/1413/410 863/1412/410
f 863/1412/411 864/1413/411 865/1414/411
f 866/1415/2 867/1416/2 868/1417/2
f 866/1415/2 869/1418/2 867/1416/2
f 866/1415/2 870/1419/2 869/1418/2
f 866/1415/2 871/1420/2 870/1419/2
f 866/1415/2 872/1421/2 871/1420/2
f 866/1415/2 873/1422/2 872/1421/2
f 866/1415/2 838/1387/2 873/1422/2
f 866/1423/2 874/1424/2 838/1425/2
f 875/1426/3 854/1403/3 876/1427/3
f 875/1426/3 877/1428/3 854/1403/3
f 875/1426/3 878/1429/3 877/1428/3
f 875/1426/3 879/1430/3 878/1429/3
f 875/1426/3 880/1431/3 879/1430/3
f 875/1426/3 881/1432/3 880/1431/3
f 875/1426/3 882/1433/3 881/1432/3
f 875/1426/3 883/1434/3 882/1433/3
f 840/1435/82 841/1436/82 852/1437/82
f 852/1437/82 841/1436/82 853/1438/82
f 841/1436/412 843/1439/412 853/1438/412
f 853/1438/412 843/1439/412 856/1440/412
f 843/1439/413 845/1441/413 856/1440/413
f 856/1440/413 845/1441/413 858/1442/413
f 845/1441/414 847/1443/414 858/1442/414
f 858/1442/414 847/1443/414 860/1444/414
f 884/1445/3 885/1446/3 886/1447/3
f 884/1445/3 880/1431/3 885/1446/3
f 884/1445/3 879/1430/3 880/1431/3
f 884/1445/3 887/1448/3 879/1430/3
f 884/1445/3 888/1449/3 887/1448/3
f 884/1445/3 889/1450/3 888/1449/3
f 890/1451/415 871/1420/415 891/1452/415
f 891/1452/415 871/1420/415 892/1453/415
f 871/1420/416 872/1421/416 892/1453/416
f 892/1453/417 872/1421/417 893/1454/417
f 872/1421/94 873/1422/94 893/1454/94
f 893/1454/418 873/1422/418 894/1455/418
f 895/1456/419 896/1457/419 897/1458/419
f 897/1458/419 896/1457/419 879/1430/419
f 896/1457/420 898/1459/420 879/1430/420
f 879/1430/421 898/1459/421 878/1429/421
f 898/1459/422 899/1460/422 878/1429/422
f 878/1429/423 899/1460/423 877/1428/423
f 891/1461/276 892/1462/276 895/1463/276
f 895/1463/276 892/1462/276 896/1464/276
f 892/1462/424 893/1465/424 896/1464/424
f 896/1464/424 893/1465/424 898/1466/424
f 893/1465/425 894/1467/425 898/1466/425
f 898/1466/425 894/1467/425 899/1468/425
f 865/1414/3 859/1408/3 863/1412/3
f 865/1414/3 857/1406/3 859/1408/3
f 865/1414/3 855/1404/3 857/1406/3
f 865/1414/3 854/1403/3 855/1404/3
f 865/1414/3 876/1427/3 854/1403/3
f 850/1469/2 838/1425/2 874/1424/2
f 850/1399/2 839/1388/2 838/1387/2
f 850/1399/2 842/1391/2 839/1388/2
f 850/1399/2 844/1393/2 842/1391/2
f 850/1399/2 848/1397/2 844/1393/2
f 900/1470/426 901/1471/426 868/1472/426
f 868/1472/427 901/1471/427 866/1473/427
f 901/1471/428 902/1474/428 866/1473/428
f 866/1473/429 902/1474/429 874/1475/429
f 883/1472/430 875/1473/430 903/1470/430
f 903/1470/431 875/1473/431 904/1471/431
f 875/1473/432 876/1475/432 904/1471/432
f 904/1471/433 876/1475/433 905/1474/433
f 847/1443/434 849/1476/434 860/1444/434
f 860/1444/434 849/1476/434 862/1477/434
f 849/1476/435 851/1478/435 862/1477/435
f 862/1477/435 851/1478/435 864/1479/435
f 903/1480/436 904/1481/436 900/1482/436
f 900/1482/436 904/1481/436 901/1483/436
f 904/1481/437 905/1484/437 901/1483/437
f 901/1483/437 905/1484/437 902/1485/437
f 906/1486/2 907/1487/2 890/1451/2
f 890/1451/2 907/1487/2 871/1420/2
f 907/1487/2 908/1488/2 871/1420/2
f 871/1420/2 908/1488/2 870/1419/2
f 884/1488/438 909/1489/438 910/1490/438
f 910/1490/439 909/1489/439 911/1490/439
f 909/1489/439 912/1489/439 911/1490/439
f 887/1487/440 913/1491/440 914/1492/440
f 914/1492/441 913/1491/441 915/1492/441
f 913/1491/441 916/1491/441 915/1492/441
f 917/1493/442 918/1493/442 919/1494/442
f 919/1494/443 918/1493/443 920/1495/443
f 918/1493/444 867/1416/444 920/1495/444
f 921/1496/445 922/1496/445 923/1497/445
f 923/1497/446 922/1496/446 924/1446/446
f 922/1496/447 870/1431/447 924/1446/447
f 923/1498/445 925/1498/445 921/1499/445
f 921/1499/448 925/1498/448 880/1419/448
f 925/1498/449 885/1500/449 880/1419/449
f 873/1422/416 838/1387/416 894/1455/416
f 894/1455/416 838/1387/416 840/1389/416
f 850/1399/450 874/1501/450 851/1400/450
f 851/1400/451 874/1501/451 902/1502/451
f 868/1417/452 926/1503/452 900/1504/452
f 900/1504/453 926/1503/453 927/1505/453
f 926/1503/454 867/1416/454 927/1505/454
f 927/1505/455 867/1416/455 918/1493/455
f 928/1506/454 869/1418/454 929/1507/454
f 929/1507/454 869/1418/454 930/1508/454
f 920/1495/456 928/1506/456 919/1494/456
f 919/1494/456 928/1506/456 929/1507/456
f 869/1418/457 931/1509/457 930/1508/457
f 930/1508/457 931/1509/457 932/1510/457
f 933/1511/458 870/1419/458 934/1512/458
f 934/1512/459 870/1419/459 922/1499/459
f 931/1509/460 933/1511/460 932/1510/460
f 932/1510/460 933/1511/460 934/1512/460
f 935/1513/461 908/1488/461 936/1514/461
f 936/1514/462 908/1488/462 912/1489/462
f 924/1500/463 935/1513/463 923/1498/463
f 923/1498/463 935/1513/463 936/1514/463
f 908/1445/464 937/1450/464 912/1515/464
f 912/1515/465 937/1450/465 911/1516/465
f 937/1517/466 938/1518/466 911/1490/466
f 911/1490/467 938/1518/467 939/1519/467
f 938/1518/461 907/1487/461 939/1519/461
f 939/1519/462 907/1487/462 916/1491/462
f 907/1448/464 906/1520/464 916/1521/464
f 916/1521/468 906/1520/468 915/1522/468
f 906/1486/463 890/1451/463 915/1492/463
f 915/1492/463 890/1451/463 891/1452/463
f 854/1403/469 877/1428/469 852/1401/469
f 852/1401/469 877/1428/469 899/1460/469
f 876/1427/470 865/1414/470 905/1523/470
f 905/1523/471 865/1414/471 864/1413/471
f 882/1433/472 940/1524/472 917/1525/472
f 917/1525/455 940/1524/455 941/1526/455
f 940/1524/473 883/1434/473 941/1526/473
f 941/1526/474 883/1434/474 903/1527/474
f 942/1528/464 882/1433/464 943/1529/464
f 943/1529/475 882/1433/475 917/1525/475
f 881/1432/476 944/1530/476 945/1531/476
f 945/1531/476 944/1530/476 946/1532/476
f 944/1530/477 942/1528/477 946/1532/477
f 946/1532/477 942/1528/477 943/1529/477
f 947/1533/464 881/1432/464 948/1534/464
f 948/1534/464 881/1432/464 945/1531/464
f 880/1431/478 949/1535/478 921/1496/478
f 921/1496/476 949/1535/476 950/1536/476
f 949/1535/473 947/1533/473 950/1536/473
f 950/1536/473 947/1533/473 948/1534/473
f 884/1445/479 886/1447/479 909/1515/479
f 909/1515/480 886/1447/480 951/1537/480
f 886/1447/481 885/1446/481 951/1537/481
f 951/1537/481 885/1446/481 925/1497/481
f 888/1449/482 889/1450/482 952/1538/482
f 952/1538/483 889/1450/483 910/1516/483
f 887/1448/479 888/1449/479 913/1521/479
f 913/1521/480 888/1449/480 952/1538/480
f 897/1458/481 953/1520/481 895/1456/481
f 895/1456/481 953/1520/481 914/1522/481
f 894/1467/434 840/1435/434 899/1468/434
f 899/1468/434 840/1435/434 852/1437/434
f 851/1478/88 902/1485/88 864/1479/88
f 864/1479/88 902/1485/88 905/1484/88
f 900/1482/484 927/1539/484 903/1480/484
f 903/1480/484 927/1539/484 941/1540/484
f 927/1539/485 918/1541/485 941/1540/485
f 941/1540/485 918/1541/485 917/1542/485
f 929/1543/472 930/1544/472 946/1545/472
f 946/1545/472 930/1544/472 945/1546/472
f 919/1547/486 929/1548/486 943/1549/486
f 943/1549/486 929/1548/486 946/1550/486
f 934/1543/487 922/1544/487 950/1545/487
f 950/1545/487 922/1544/487 921/1546/487
f 932/1547/488 934/1548/488 948/1549/488
f 948/1549/488 934/1548/488 950/1550/488
f 936/1543/472 912/1544/472 951/1545/472
f 951/1545/472 912/1544/472 909/1546/472
f 923/1547/489 936/1548/489 925/1549/489
f 925/1549/489 936/1548/489 951/1550/489
f 911/1547/490 939/1548/490 910/1549/490
f 910/1549/490 939/1548/490 952/1550/490
f 939/1543/472 916/1544/472 952/1545/472
f 952/1545/472 916/1544/472 913/1546/472
f 915/1551/489 891/1461/489 914/1552/489
f 914/1552/489 891/1461/489 895/1463/489
f 867/1553/2 869/1554/2 920/1555/2
f 920/1555/2 869/1554/2 928/1556/2
f 869/1554/2 870/1557/2 931/1558/2
f 931/1558/2 870/1557/2 933/1559/2
f 870/1557/2 908/1560/2 924/1512/2
f 924/1512/2 908/1560/2 935/1561/2
f 937/1510/2 908/1560/2 938/1562/2
f 938/1562/2 908/1560/2 907/1563/2
f 882/1433/3 942/1528/3 881/1432/3
f 881/1432/3 942/1528/3 944/1530/3
f 881/1432/3 947/1533/3 880/1431/3
f 880/1431/3 947/1533/3 949/1535/3
f 953/1520/3 897/1458/3 887/1448/3
f 887/1448/3 897/1458/3 879/1430/3
f 910/1490/491 889/1517/491 884/1488/491
f 914/1492/439 953/1486/439 887/1487/439
f 917/1525/442 919/1529/442 943/1529/442
f 930/1531/439 932/1534/439 945/1531/439
f 945/1508/439 932/1510/439 948/1510/439
f 844/1393/2 848/1397/2 846/1395/2
f 868/1564/2 867/1553/2 926/1565/2
f 863/1412/3 859/1408/3 861/1410/3
f 882/1433/3 883/1434/3 940/1524/3
f 954/1566/492 955/1567/492 956/1568/492
f 956/1568/492 955/1567/492 957/1569/492
f 955/1567/493 958/1570/493 957/1569/493
f 957/1569/493 958/1570/493 959/1571/493
f 958/1570/220 960/1572/220 959/1571/220
f 959/1571/220 960/1572/220 961/1573/220
f 960/1572/240 962/1574/240 961/1573/240
f 961/1573/240 962/1574/240 963/1575/240
f 962/1574/494 964/1576/494 963/1575/494
f 963/1575/494 964/1576/494 965/1577/494
f 964/1576/495 966/1578/495 965/1577/495
f 965/1577/496 966/1578/496 967/1579/496
f 966/1578/497 968/1580/497 967/1579/497
f 967/1579/498 968/1580/498 969/1581/498
f 970/1582/499 971/1583/499 972/1584/499
f 972/1584/500 971/1583/500 973/1585/500
f 971/1583/3 974/1586/3 973/1585/3
f 973/1585/501 974/1586/501 975/1587/501
f 974/1586/502 976/1588/502 975/1587/502
f 975/1587/503 976/1588/503 977/1589/503
f 976/1588/504 978/1590/504 977/1589/504
f 977/1589/505 978/1590/505 979/1591/505
f 978/1590/506 980/1592/506 979/1591/506
f 979/1591/507 980/1592/507 981/1593/507
f 980/1592/508 982/1594/508 981/1593/508
f 981/1593/509 982/1594/509 983/1595/509
f 982/1594/510 984/1596/510 983/1595/510
f 971/1583/511 970/1597/511 976/1598/511
f 976/1598/512 970/1597/512 978/1599/512
f 970/1597/513 985/1600/513 978/1599/513
f 978/1599/514 985/1600/514 980/1601/514
f 985/1600/515 986/1602/515 980/1601/515
f 980/1601/511 986/1602/511 982/1603/511
f 986/1602/511 969/1604/511 982/1603/511
f 982/1603/511 969/1604/511 984/1605/511
f 969/1604/511 968/1606/511 984/1605/511
f 987/1607/3 957/1608/3 988/1609/3
f 988/1609/3 957/1608/3 989/1610/3
f 957/1608/3 959/1611/3 989/1610/3
f 989/1610/3 959/1611/3 990/1612/3
f 959/1611/3 961/1613/3 990/1612/3
f 990/1612/3 961/1613/3 991/1614/3
f 961/1613/3 963/1615/3 991/1614/3
f 991/1614/3 963/1615/3 992/1616/3
f 963/1615/3 993/1617/3 992/1616/3
f 993/1617/516 967/1618/516 981/1619/516
f 981/1619/517 967/1618/517 979/1620/517
f 967/1618/518 994/1621/518 979/1620/518
f 979/1620/519 994/1621/519 977/964/519
f 994/1621/520 995/383/520 977/964/520
f 977/964/521 995/383/521 975/1622/521
f 995/383/522 996/1623/522 975/1622/522
f 975/1622/523 996/1623/523 973/1624/523
f 996/1623/524 972/1625/524 973/1624/524
f 989/1626/525 990/1627/525 997/1628/525
f 997/1628/525 990/1627/525 998/1629/525
f 990/1627/526 991/1630/526 998/1629/526
f 998/1629/526 991/1630/526 999/1631/526
f 991/1630/527 992/1632/527 999/1631/527
f 999/1631/527 992/1632/527 1000/1633/527
f 992/1632/528 993/1634/528 1000/1633/528
f 1000/1633/528 993/1634/528 1001/1635/528
f 962/1636/2 1001/1637/2 964/1638/2
f 964/1638/529 1001/1637/529 966/1639/529
f 1001/1637/530 983/1640/530 966/1639/530
f 966/1639/531 983/1640/531 968/1641/531
f 983/1640/532 984/1642/532 968/1641/532
f 1001/1637/2 962/1636/2 1000/1643/2
f 1000/1643/2 962/1636/2 999/1644/2
f 962/1636/2 960/1645/2 999/1644/2
f 999/1644/2 960/1645/2 998/1646/2
f 960/1645/2 958/1647/2 998/1646/2
f 1002/1648/2 1003/1649/2 1004/1650/2
f 1002/1648/2 1005/1651/2 1003/1649/2
f 1002/1648/2 1006/1652/2 1005/1651/2
f 1002/1648/2 1007/1653/2 1006/1652/2
f 1007/1654/492 1002/1655/492 954/1566/492
f 954/1566/492 1002/1655/492 955/1567/492
f 1002/1655/493 1004/1656/493 955/1567/493
f 955/1567/493 1004/1656/493 958/1570/493
f 996/1623/533 995/383/533 985/1657/533
f 985/1657/534 995/383/534 986/1658/534
f 995/383/535 994/1621/535 986/1658/535
f 1005/1659/536 1008/1660/536 997/1628/536
f 997/1628/536 1008/1660/536 989/1626/536
f 1008/1660/536 988/1661/536 989/1626/536
f 1006/1662/537 1009/1663/537 1008/1660/537
f 1008/1660/537 1009/1663/537 988/1661/537
f 1009/1663/537 987/1664/537 988/1661/537
f 1007/1654/538 954/1566/538 1009/1663/538
f 1009/1663/538 954/1566/538 987/1664/538
f 954/1566/538 956/1568/538 987/1664/538
f 986/1665/539 994/1666/539 969/1581/539
f 969/1581/540 994/1666/540 967/1579/540
f 1004/1667/199 1010/1668/199 958/1669/199
f 958/1669/199 1010/1668/199 998/1629/199
f 1010/1668/525 1003/1670/525 998/1629/525
f 998/1629/525 1003/1670/525 997/1628/525
f 993/1634/541 981/1593/541 1001/1635/541
f 1001/1635/542 981/1593/542 983/1595/542
f 967/1618/543 993/1617/543 965/1671/543
f 965/1671/3 993/1617/3 963/1615/3
f 972/1584/544 996/1672/544 970/1582/544
f 976/1598/545 974/1586/545 971/1583/545
f 985/1657/546 970/1673/546 996/1623/546
f 997/1628/536 1003/1670/536 1005/1659/536
f 1008/1660/537 1005/1659/537 1006/1662/537
f 1009/1663/538 1006/1662/538 1007/1654/538
f 957/1608/3 987/1607/3 956/1674/3
f 1010/1675/2 1004/1675/2 1003/1675/2
f 1011/1676/547 1012/1677/547 1013/1678/547
f 1013/1678/548 1012/1677/548 1014/1679/548
f 1012/1677/549 1015/1680/549 1014/1679/549
f 1014/1679/549 1015/1680/549 1016/1681/549
f 1015/1680/550 1017/1682/550 1016/1681/550
f 1016/1681/551 1017/1682/551 1018/1683/551
f 1017/1682/552 1019/1684/552 1018/1683/552
f 1018/1683/552 1019/1684/552 1020/1685/552
f 1013/1678/553 1021/1686/553 1011/1676/553
f 1011/1676/553 1021/1686/553 1022/1687/553
f 1021/1686/554 1023/1688/554 1022/1687/554
f 1022/1687/555 1023/1688/555 1024/1689/555
f 1023/1688/556 1025/1690/556 1024/1689/556
f 1024/1689/557 1025/1690/557 1026/1691/557
f 1026/1692/558 1017/1693/558 1024/1694/558
f 1026/1692/559 1019/1695/559 1017/1693/559
f 1026/1692/559 1027/1696/559 1019/1695/559
f 1026/1692/559 1028/1697/559 1027/1696/559
f 1026/1692/559 1029/1698/559 1028/1697/559
f 1030/1696/560 1025/1692/560 1020/1695/560
f 1020/1695/561 1025/1692/561 1018/1693/561
f 1025/1692/562 1023/1694/562 1018/1693/562
f 1018/1693/560 1023/1694/560 1016/1699/560
f 1023/1694/563 1014/1700/563 1016/1699/563
f 1031/1701/564 1030/1702/564 1028/1703/564
f 1028/1703/564 1030/1702/564 1027/1704/564
f 1030/1702/565 1020/1685/565 1027/1704/565
f 1027/1704/566 1020/1685/566 1019/1684/566
f 1015/1699/567 1012/1700/567 1024/1694/567
f 1024/1694/568 1012/1700/568 1022/1705/568
f 1012/1700/569 1011/1706/569 1022/1705/569
f 1030/1696/560 1031/1697/560 1025/1692/560
f 1025/1692/570 1031/1697/570 1032/1698/570
f 1023/1694/571 1021/1705/571 1014/1700/571
f 1014/1700/572 1021/1705/572 1013/1706/572
f 1028/1697/573 1029/1698/573 1031/1697/573
f 1031/1697/574 1029/1698/574 1032/1698/574
f 1029/1707/575 1026/1691/575 1032/1708/575
f 1032/1708/576 1026/1691/576 1025/1690/576
f 1024/1694/577 1017/1693/577 1015/1699/577
f 1033/1709/21 1034/1710/21 1035/1711/21
f 1036/1712/21 1037/1713/21 1038/1714/21
f 1038/1714/21 1039/1715/21 1036/1712/21
f 1039/1715/21 1038/1714/21 1040/1716/21
f 1033/1709/21 1035/1711/21 1041/1717/21
f 1042/1718/21 1033/1709/21 1041/1717/21
f 1040/1716/21 1041/1717/21 1039/1715/21
f 1040/1716/21 1042/1718/21 1041/1717/21
f 1043/1719/24 1044/1720/24 1045/1721/24
f 1046/1722/24 1047/1723/24 1048/1724/24
f 1048/1724/24 1049/1725/24 1046/1722/24
f 1050/1726/24 1046/1722/24 1049/1725/24
f 1051/1727/24 1043/1719/24 1045/1721/24
f 1051/1727/24 1045/1721/24 1052/1728/24
f 1049/1725/24 1051/1727/24 1050/1726/24
f 1051/1727/24 1052/1728/24 1050/1726/24
f 1043/1729/578 1035/1730/578 1034/1731/578
f 1043/1729/579 1034/1731/579 1044/1732/579
f 1044/1732/580 1034/1731/580 1033/1733/580
f 1044/1732/581 1033/1733/581 1045/1734/581
f 1046/1735/582 1038/1736/582 1037/1737/582
f 1046/1735/583 1037/1737/583 1047/1738/583
f 1047/1738/584 1037/1737/584 1036/1739/584
f 1047/1738/585 1036/1739/585 1048/1740/585
f 1048/1741/586 1036/1742/586 1039/1743/586
f 1048/1741/586 1039/1743/586 1049/1744/586
f 1050/1745/587 1040/1746/587 1038/1747/587
f 1050/1745/588 1038/1747/588 1046/1748/588
f 1051/1749/589 1041/1750/589 1035/1751/589
f 1051/1749/590 1035/1751/590 1043/1752/590
f 1045/1753/591 1033/1754/591 1042/1755/591
f 1045/1753/592 1042/1755/592 1052/1756/592
f 1049/1740/593 1039/1739/593 1041/1730/593
f 1049/1740/593 1041/1730/593 1051/1729/593
f 1052/1757/594 1042/1758/594 1040/1759/594
f 1052/1757/595 1040/1759/595 1050/1760/595
f 1053/1761/21 1054/1762/21 1055/1763/21
f 1054/1762/21 1056/1764/21 1055/1763/21
f 1057/1765/2 1058/1766/2 1059/1767/2
f 1058/1766/2 1060/1768/2 1059/1767/2
f 1061/1769/24 1062/1770/24 1063/1771/24
f 1062/1770/24 1064/1772/24 1063/1771/24
f 1065/1773/3 1066/1774/3 1067/1775/3
f 1066/1774/3 1068/1776/3 1067/1775/3
f 1063/1777/12 1069/1778/12 1061/1779/12
f 1069/1778/12 1070/1780/12 1061/1779/12
f 1071/1781/1 1072/1782/1 1073/1783/1
f 1072/1782/1 1074/1784/1 1073/1783/1
f 1057/1785/21 1070/1786/21 1075/1787/21
f 1057/1785/21 1075/1787/21 1058/1788/21
f 1076/1789/12 1077/1779/12 1078/1790/12
f 1076/1789/12 1078/1790/12 1079/1791/12
f 1080/1792/1 1073/1783/1 1074/1784/1
f 1080/1792/1 1074/1784/1 1081/1793/1
f 1060/1794/24 1062/1770/24 1061/1769/24
f 1060/1794/24 1061/1769/24 1059/1795/24
f 1065/1796/24 1063/1771/24 1064/1772/24
f 1065/1796/24 1064/1772/24 1066/1797/24
f 1082/1798/12 1083/1799/12 1084/1777/12
f 1082/1798/12 1084/1777/12 1085/1800/12
f 1086/1801/1 1072/1782/1 1071/1781/1
f 1086/1801/1 1071/1781/1 1087/1802/1
f 1068/1803/21 1088/1804/21 1069/1805/21
f 1068/1803/21 1069/1805/21 1067/1806/21
f 1076/1807/24 1059/1795/24 1061/1769/24
f 1076/1807/24 1061/1769/24 1077/1808/24
f 1077/1809/3 1061/1773/3 1070/1775/3
f 1077/1809/3 1070/1775/3 1078/1810/3
f 1078/1811/596 1070/1786/596 1057/1785/596
f 1078/1811/596 1057/1785/596 1079/1812/596
f 1079/1813/2 1057/1765/2 1059/1767/2
f 1079/1813/2 1059/1767/2 1076/1814/2
f 1082/1815/596 1067/1806/596 1069/1805/596
f 1082/1815/596 1069/1805/596 1083/1816/596
f 1083/1813/2 1069/1765/2 1063/1767/2
f 1083/1813/2 1063/1767/2 1084/1814/2
f 1084/1817/24 1063/1771/24 1065/1796/24
f 1084/1817/24 1065/1796/24 1085/1818/24
f 1085/1809/3 1065/1773/3 1067/1775/3
f 1085/1809/3 1067/1775/3 1082/1810/3
f 1073/1819/21 1075/1787/21 1088/1804/21
f 1073/1819/21 1088/1804/21 1071/1820/21
f 1072/1821/24 1064/1772/24 1062/1770/24
f 1072/1821/24 1062/1770/24 1074/1822/24
f 1080/1823/21 1058/1788/21 1075/1787/21
f 1080/1823/21 1075/1787/21 1073/1819/21
f 1074/1822/24 1062/1770/24 1060/1794/24
f 1074/1822/24 1060/1794/24 1081/1824/24
f 1081/1825/597 1060/1768/597 1058/1766/597
f 1081/1825/597 1058/1766/597 1080/1826/597
f 1086/1827/24 1066/1797/24 1064/1772/24
f 1086/1827/24 1064/1772/24 1072/1821/24
f 1071/1820/21 1088/1804/21 1068/1803/21
f 1071/1820/21 1068/1803/21 1087/1828/21
f 1087/1829/598 1068/1776/598 1066/1774/598
f 1087/1829/598 1066/1774/598 1086/1830/598
f 1089/1831/155 1069/1831/155 1088/1831/155
f 1089/1831/155 1088/1831/155 1090/1831/155
f 1091/1832/21 1070/1833/21 1069/1834/21
f 1091/1832/21 1069/1834/21 1089/1835/21
f 1090/1836/21 1088/1804/21 1075/1787/21
f 1090/1836/21 1075/1787/21 1092/1837/21
f 1092/1838/155 1075/1838/155 1070/1838/155
f 1092/1838/155 1070/1838/155 1091/1838/155
f 1053/1839/3 1089/1840/3 1090/1841/3
f 1053/1839/3 1090/1841/3 1054/1842/3
f 1055/1843/12 1091/1844/12 1089/1840/12
f 1055/1843/12 1089/1840/12 1053/1839/12
f 1054/1845/1 1090/1846/1 1092/1847/1
f 1054/1845/1 1092/1847/1 1056/1848/1
f 1056/1848/2 1092/1847/2 1091/1849/2
f 1056/1848/2 1091/1849/2 1055/1850/2
f 1093/1851/21 1094/1852/21 1095/1853/21
f 1094/1852/21 1096/1854/21 1095/1853/21
f 1095/1855/2 1096/1854/2 1097/1856/2
f 1096/1854/2 1098/1857/2 1097/1856/2
f 1097/1858/24 1098/1857/24 1099/1859/24
f 1098/1857/24 1100/1860/24 1099/1859/24
f 1099/1861/3 1100/1860/3 1093/1862/3
f 1100/1860/3 1094/1852/3 1093/1862/3
f 1099/1859/12 1093/1863/12 1097/1858/12
f 1093/1863/12 1095/1864/12 1097/1858/12
f 1094/1852/1 1100/1860/1 1096/1854/1
f 1100/1860/1 1098/1857/1 1096/1854/1
f 1101/1865/12 1102/1866/12 1103/1867/12
f 1102/1866/12 1104/1868/12 1103/1867/12
f 1101/1865/3 1105/1869/3 1106/1870/3
f 1101/1865/3 1106/1870/3 1102/1871/3
f 1103/1867/599 1107/1872/599 1105/1869/599
f 1103/1867/599 1105/1869/599 1101/1865/599
f 1102/1866/600 1106/1873/600 1108/1874/600
f 1102/1866/600 1108/1874/600 1104/1868/600
f 1104/1875/2 1108/1876/2 1107/1872/2
f 1104/1875/2 1107/1872/2 1103/1867/2
f 1109/1877/12 1110/1878/12 1111/1879/12
f 1110/1878/12 1112/1880/12 1111/1879/12
f 1109/1877/3 1113/1881/3 1114/1882/3
f 1109/1877/3 1114/1882/3 1110/1878/3
f 1111/1879/599 1115/1883/599 1113/1884/599
f 1111/1879/599 1113/1884/599 1109/1877/599
f 1110/1878/600 1114/1885/600 1116/1886/600
f 1110/1878/600 1116/1886/600 1112/1880/600
f 1112/1880/2 1116/1887/2 1115/1888/2
f 1112/1880/2 1115/1888/2 1111/1879/2
f 1117/1889/3 1118/1890/3 1119/1891/3
f 1117/1889/3 1120/1892/3 1118/1890/3
f 1117/1889/3 1121/1893/3 1120/1892/3
f 1122/1894/2 1123/1895/2 1124/1896/2
f 1123/1895/2 1125/1897/2 1124/1896/2
f 1125/1897/2 1126/1898/2 1124/1896/2
f 1122/1899/601 1119/1900/601 1118/1901/601
f 1122/1899/601 1118/1901/601 1123/1902/601
f 1124/1903/602 1117/1904/602 1119/1900/602
f 1124/1903/602 1119/1900/602 1122/1899/602
f 1123/1902/603 1118/1901/603 1120/1905/603
f 1123/1902/603 1120/1905/603 1125/1906/603
f 1125/1906/604 1120/1905/604 1121/1907/604
f 1125/1906/604 1121/1907/604 1126/1908/604
f 1126/1909/1 1121/1910/1 1117/1911/1
f 1126/1909/1 1117/1911/1 1124/1912/1
# 538 triangles in group

g shell_vtf_Base_Color_png
usemtl shell_vtf_Base_Color_png
f 1127/1913/21 1128/1914/21 1129/1915/21
f 1128/1914/21 1127/1913/21 1130/1916/21
f 1130/1916/21 1131/1917/21 1128/1914/21
f 1131/1917/21 1130/1916/21 1132/1918/21
f 1133/1919/21 1134/1920/21 1135/1921/21
f 1133/1919/21 1135/1921/21 1131/1917/21
f 1136/1922/21 1137/1923/21 1135/1921/21
f 1134/1920/21 1136/1922/21 1135/1921/21
f 1138/1924/21 1139/1925/21 1140/1926/21
f 1138/1924/21 1141/1927/21 1139/1925/21
f 1142/1928/21 1143/1929/21 1144/1930/21
f 1145/1931/21 1144/1930/21 1143/1929/21
f 1146/1932/21 1147/1933/21 1148/1934/21
f 1148/1934/21 1149/1935/21 1146/1932/21
f 1150/1936/21 1151/1937/21 1152/1938/21
f 1150/1936/21 1152/1938/21 1153/1939/21
f 1154/1940/21 1146/1932/21 1150/1936/21
f 1147/1933/21 1155/1941/21 1144/1930/21
f 1144/1930/21 1132/1918/21 1142/1928/21
f 1138/1924/21 1140/1926/21 1133/1919/21
f 1146/1932/21 1154/1940/21 1131/1917/21
f 1131/1917/21 1154/1940/21 1150/1936/21
f 1153/1939/21 1156/1942/21 1131/1917/21
f 1150/1936/21 1153/1939/21 1131/1917/21
f 1147/1933/21 1146/1932/21 1131/1917/21
f 1131/1917/21 1155/1941/21 1147/1933/21
f 1132/1918/21 1144/1930/21 1131/1917/21
f 1131/1917/21 1144/1930/21 1155/1941/21
f 1138/1924/21 1133/1919/21 1131/1917/21
f 1156/1942/21 1138/1924/21 1131/1917/21
f 1157/1943/24 1158/1944/24 1159/1945/24
f 1160/1946/24 1159/1945/24 1158/1944/24
f 1158/1944/24 1161/1947/24 1160/1946/24
f 1162/1948/24 1160/1946/24 1161/1947/24
f 1163/1949/24 1164/1950/24 1165/1951/24
f 1161/1947/24 1163/1949/24 1165/1951/24
f 1163/1949/24 1166/1952/24 1167/1953/24
f 1163/1949/24 1167/1953/24 1164/1950/24
f 1168/1954/24 1169/1955/24 1170/1956/24
f 1169/1955/24 1171/1957/24 1170/1956/24
f 1172/1958/24 1173/1959/24 1174/1960/24
f 1173/1959/24 1172/1958/24 1175/1961/24
f 1176/1962/24 1177/1963/24 1178/1964/24
f 1178/1964/24 1179/1965/24 1176/1962/24
f 1180/1966/24 1181/1967/24 1182/1968/24
f 1183/1969/24 1180/1966/24 1182/1968/24
f 1182/1968/24 1178/1964/24 1184/1970/24
f 1172/1958/24 1185/1971/24 1177/1963/24
f 1174/1960/24 1162/1948/24 1172/1958/24
f 1165/1951/24 1168/1954/24 1170/1956/24
f 1161/1947/24 1184/1970/24 1178/1964/24
f 1182/1968/24 1184/1970/24 1161/1947/24
f 1161/1947/24 1186/1972/24 1183/1969/24
f 1161/1947/24 1183/1969/24 1182/1968/24
f 1161/1947/24 1178/1964/24 1177/1963/24
f 1177/1963/24 1185/1971/24 1161/1947/24
f 1161/1947/24 1172/1958/24 1162/1948/24
f 1185/1971/24 1172/1958/24 1161/1947/24
f 1161/1947/24 1165/1951/24 1170/1956/24
f 1161/1947/24 1170/1956/24 1186/1972/24
f 1157/1973/605 1129/1974/605 1128/1975/605
f 1157/1973/605 1128/1975/605 1158/1976/605
f 1159/1977/606 1127/1978/606 1129/1979/606
f 1159/1977/606 1129/1979/606 1157/1980/606
f 1160/1981/607 1130/1982/607 1127/1978/607
f 1160/1981/607 1127/1978/607 1159/1977/607
f 1158/1976/608 1128/1975/608 1131/1599/608
f 1158/1976/608 1131/1599/608 1161/1983/608
f 1162/1984/609 1132/1985/609 1130/1982/609
f 1162/1984/609 1130/1982/609 1160/1981/609
f 1164/1986/610 1134/1987/610 1133/1605/610
f 1164/1986/610 1133/1605/610 1165/1988/610
f 1161/1983/611 1131/1599/611 1135/1989/611
f 1161/1983/611 1135/1989/611 1163/1990/611
f 1163/1990/612 1135/1989/612 1137/1991/612
f 1163/1990/612 1137/1991/612 1166/1992/612
f 1166/1992/613 1137/1991/613 1136/1993/613
f 1166/1992/613 1136/1993/613 1167/1994/613
f 1167/1994/614 1136/1993/614 1134/1987/614
f 1167/1994/614 1134/1987/614 1164/1986/614
f 1168/1995/615 1140/1996/615 1139/1997/615
f 1168/1995/615 1139/1997/615 1169/1998/615
f 1169/1998/560 1139/1997/560 1141/1999/560
f 1169/1998/560 1141/1999/560 1171/2000/560
f 1171/2000/616 1141/1999/616 1138/2001/616
f 1171/2000/616 1138/2001/616 1170/2002/616
f 1173/2003/617 1143/2004/617 1142/2005/617
f 1173/2003/617 1142/2005/617 1174/2006/617
f 1172/2007/618 1144/2008/618 1145/2009/618
f 1172/2007/618 1145/2009/618 1175/2010/618
f 1175/2010/121 1145/2009/121 1143/2004/121
f 1175/2010/121 1143/2004/121 1173/2003/121
f 1176/2011/619 1148/2012/619 1147/2013/619
f 1176/2011/619 1147/2013/619 1177/2014/619
f 1178/2015/620 1146/2016/620 1149/2017/620
f 1178/2015/620 1149/2017/620 1179/2018/620
f 1179/2018/621 1149/2017/621 1148/2012/621
f 1179/2018/621 1148/2012/621 1176/2011/621
f 1180/2019/622 1152/2020/622 1151/2021/622
f 1180/2019/622 1151/2021/622 1181/2022/622
f 1181/2022/623 1151/2021/623 1150/2023/623
f 1181/2022/623 1150/2023/623 1182/2024/623
f 1183/2025/624 1153/2026/624 1152/2020/624
f 1183/2025/624 1152/2020/624 1180/2019/624
f 1182/2024/625 1150/2023/625 1146/2016/625
f 1182/2024/625 1146/2016/625 1178/2015/625
f 1177/2014/626 1147/2013/626 1144/2008/626
f 1177/2014/626 1144/2008/626 1172/2007/626
f 1174/2006/627 1142/2005/627 1132/1985/627
f 1174/2006/627 1132/1985/627 1162/1984/627
f 1165/1988/628 1133/1605/628 1140/1996/628
f 1165/1988/628 1140/1996/628 1168/1995/628
f 1187/2027/21 1188/2028/21 1189/2029/21
f 1190/2030/24 1191/2031/24 1192/2032/24
f 1187/2033/629 1190/2034/629 1188/2035/629
f 1190/2034/629 1192/2036/629 1188/2035/629
f 1188/2028/21 1193/2037/21 1189/2029/21
f 1192/2032/24 1191/2031/24 1194/2038/24
f 1188/2035/630 1192/2036/630 1194/2039/630
f 1188/2035/630 1194/2039/630 1193/2040/630
f 1193/2037/21 1195/2041/21 1189/2029/21
f 1194/2038/24 1191/2031/24 1196/2042/24
f 1193/2040/631 1194/2039/631 1195/2043/631
f 1194/2039/631 1196/2044/631 1195/2043/631
f 1195/2041/21 1197/2045/21 1189/2029/21
f 1196/2042/24 1191/2031/24 1198/2046/24
f 1195/2043/632 1196/2044/632 1198/2047/632
f 1195/2043/632 1198/2047/632 1197/2048/632
f 1197/2045/21 1199/2049/21 1189/2029/21
f 1198/2046/24 1191/2031/24 1200/2050/24
f 1197/2048/633 1198/2047/633 1199/2051/633
f 1198/2047/633 1200/2052/633 1199/2051/633
f 1199/2049/21 1201/2053/21 1189/2029/21
f 1200/2050/24 1191/2031/24 1202/2054/24
f 1199/2051/634 1200/2052/634 1202/2055/634
f 1199/2051/634 1202/2055/634 1201/2056/634
f 1201/2053/21 1203/2057/21 1189/2029/21
f 1202/2054/24 1191/2031/24 1204/2058/24
f 1201/2056/635 1202/2055/635 1203/2059/635
f 1202/2055/635 1204/2060/635 1203/2059/635
f 1203/2061/21 1205/2062/21 1189/2063/21
f 1204/2058/24 1191/2031/24 1206/2064/24
f 1203/2059/636 1204/2060/636 1206/2065/636
f 1203/2059/636 1206/2065/636 1205/2066/636
f 1205/2067/21 1207/2068/21 1189/2029/21
f 1206/2064/24 1191/2031/24 1208/2069/24
f 1205/2066/637 1206/2065/637 1207/2070/637
f 1206/2065/637 1208/2071/637 1207/2070/637
f 1207/2068/21 1209/2072/21 1189/2029/21
f 1208/2069/24 1191/2031/24 1210/2073/24
f 1207/2074/638 1208/2075/638 1210/2076/638
f 1207/2074/638 1210/2076/638 1209/2077/638
f 1209/2072/21 1211/2078/21 1189/2029/21
f 1210/2073/24 1191/2031/24 1212/2079/24
f 1209/2077/639 1210/2076/639 1211/2080/639
f 1210/2076/639 1212/2081/639 1211/2080/639
f 1211/2078/21 1187/2027/21 1189/2029/21
f 1212/2079/24 1191/2031/24 1190/2030/24
f 1211/2080/640 1212/2081/640 1190/2034/640
f 1211/2080/640 1190/2034/640 1187/2033/640
f 1213/2082/21 1214/2083/21 1215/2084/21
f 1216/2085/24 1217/2029/24 1218/2086/24
f 1213/2087/641 1216/2088/641 1214/2089/641
f 1216/2088/641 1218/2090/641 1214/2089/641
f 1214/2083/21 1219/2091/21 1215/2084/21
f 1218/2086/24 1217/2029/24 1220/2092/24
f 1214/2089/642 1218/2090/642 1220/2093/642
f 1214/2089/642 1220/2093/642 1219/2094/642
f 1219/2091/21 1221/2095/21 1215/2084/21
f 1220/2092/24 1217/2029/24 1222/2096/24
f 1219/2094/643 1220/2093/643 1221/2097/643
f 1220/2093/643 1222/2098/643 1221/2097/643
f 1221/2095/21 1223/2099/21 1215/2084/21
f 1222/2096/24 1217/2029/24 1224/2100/24
f 1221/2097/644 1222/2098/644 1224/2101/644
f 1221/2097/644 1224/2101/644 1223/2102/644
f 1223/2099/21 1225/2103/21 1215/2084/21
f 1224/2100/24 1217/2029/24 1226/2104/24
f 1223/2102/645 1224/2101/645 1225/2105/645
f 1224/2101/645 1226/2106/645 1225/2105/645
f 1225/2103/21 1227/2107/21 1215/2084/21
f 1226/2104/24 1217/2029/24 1228/2108/24
f 1225/2105/646 1226/2106/646 1228/2109/646
f 1225/2105/646 1228/2109/646 1227/2110/646
f 1227/2107/21 1229/2111/21 1215/2084/21
f 1228/2108/24 1217/2029/24 1230/2112/24
f 1227/2113/647 1228/2114/647 1229/2115/647
f 1228/2114/647 1230/2116/647 1229/2115/647
f 1229/2111/21 1231/2117/21 1215/2084/21
f 1230/2112/24 1217/2029/24 1232/2118/24
f 1229/2115/648 1230/2116/648 1232/2119/648
f 1229/2115/648 1232/2119/648 1231/2120/648
f 1231/2117/21 1233/2121/21 1215/2084/21
f 1232/2118/24 1217/2029/24 1234/2122/24
f 1231/2120/649 1232/2119/649 1233/2123/649
f 1232/2119/649 1234/2124/649 1233/2123/649
f 1233/2121/21 1235/2125/21 1215/2084/21
f 1234/2122/24 1217/2029/24 1236/2126/24
f 1233/2123/650 1234/2124/650 1236/2127/650
f 1233/2123/650 1236/2127/650 1235/2128/650
f 1235/2125/21 1237/2129/21 1215/2084/21
f 1236/2126/24 1217/2029/24 1238/2130/24
f 1235/2128/651 1236/2127/651 1237/2131/651
f 1236/2127/651 1238/2132/651 1237/2131/651
f 1237/2129/21 1213/2082/21 1215/2084/21
f 1238/2130/24 1217/2029/24 1216/2085/24
f 1237/2131/652 1238/2132/652 1216/2088/652
f 1237/2131/652 1216/2088/652 1213/2087/652
f 1239/2133/21 1240/2134/21 1241/2029/21
f 1242/2135/24 1243/2029/24 1244/2136/24
f 1239/2137/653 1242/2138/653 1240/2139/653
f 1242/2138/653 1244/2140/653 1240/2139/653
f 1240/2134/21 1245/2141/21 1241/2029/21
f 1244/2136/24 1243/2029/24 1246/2142/24
f 1240/2139/654 1244/2140/654 1246/2143/654
f 1240/2139/654 1246/2143/654 1245/2144/654
f 1245/2141/21 1247/2145/21 1241/2029/21
f 1246/2142/24 1243/2029/24 1248/2146/24
f 1245/2144/655 1246/2143/655 1247/2147/655
f 1246/2143/655 1248/2148/655 1247/2147/655
f 1247/2145/21 1249/2149/21 1241/2029/21
f 1248/2146/24 1243/2029/24 1250/2150/24
f 1247/2145/656 1248/2145/656 1250/2149/656
f 1247/2145/656 1250/2149/656 1249/2149/656
f 1249/2149/21 1251/2151/21 1241/2029/21
f 1250/2150/24 1243/2029/24 1252/2152/24
f 1249/2149/657 1250/2149/657 1251/2151/657
f 1250/2149/657 1252/2151/657 1251/2151/657
f 1251/2151/21 1253/2153/21 1241/2029/21
f 1252/2152/24 1243/2029/24 1254/2154/24
f 1251/2155/658 1252/2156/658 1254/2157/658
f 1251/2155/658 1254/2157/658 1253/2158/658
f 1253/2153/21 1255/2159/21 1241/2029/21
f 1254/2154/24 1243/2029/24 1256/2160/24
f 1253/2158/659 1254/2157/659 1255/2161/659
f 1254/2157/659 1256/2162/659 1255/2161/659
f 1255/2159/21 1257/2163/21 1241/2029/21
f 1256/2160/24 1243/2029/24 1258/2164/24
f 1255/2161/660 1256/2162/660 1258/2165/660
f 1255/2161/660 1258/2165/660 1257/2166/660
f 1257/2163/21 1259/2167/21 1241/2029/21
f 1258/2164/24 1243/2029/24 1260/2168/24
f 1257/2166/661 1258/2165/661 1259/2169/661
f 1258/2165/661 1260/2170/661 1259/2169/661
f 1259/2167/21 1261/2171/21 1241/2029/21
f 1260/2168/24 1243/2029/24 1262/2172/24
f 1259/2169/662 1260/2170/662 1262/2173/662
f 1259/2169/662 1262/2173/662 1261/2174/662
f 1261/2171/21 1263/2175/21 1241/2029/21
f 1262/2172/24 1243/2029/24 1264/2176/24
f 1261/2174/663 1262/2173/663 1263/2177/663
f 1262/2173/663 1264/2178/663 1263/2177/663
f 1263/2175/21 1239/2133/21 1241/2029/21
f 1264/2176/24 1243/2029/24 1242/2135/24
f 1263/2177/664 1264/2178/664 1242/2179/664
f 1263/2177/664 1242/2179/664 1239/2180/664
f 1265/2181/24 1266/2038/24 1267/2182/24
f 1268/2183/665 1269/2184/665 1270/2185/665
f 1269/2184/665 1271/2186/665 1270/2185/665
f 1269/2187/666 1272/2188/666 1273/2189/666
f 1269/2187/666 1273/2189/666 1271/2189/666
f 1272/2188/667 1265/2181/667 1273/2189/667
f 1265/2181/667 1267/2182/667 1273/2189/667
f 1267/2182/24 1266/2038/24 1274/2190/24
f 1270/2185/668 1271/2186/668 1275/2191/668
f 1270/2185/668 1275/2191/668 1276/2192/668
f 1271/2189/669 1273/2189/669 1275/2193/669
f 1273/2189/669 1277/2194/669 1275/2193/669
f 1273/2189/670 1267/2182/670 1274/2190/670
f 1273/2189/670 1274/2190/670 1277/2194/670
f 1274/2190/24 1266/2038/24 1278/2195/24
f 1276/2192/671 1275/2191/671 1279/2196/671
f 1275/2191/671 1280/2197/671 1279/2196/671
f 1275/2193/672 1277/2194/672 1281/2198/672
f 1275/2193/672 1281/2198/672 1280/2198/672
f 1277/2194/673 1274/2190/673 1281/2198/673
f 1274/2190/673 1278/2195/673 1281/2198/673
f 1278/2195/24 1266/2038/24 1282/2199/24
f 1279/2196/674 1280/2197/674 1283/2200/674
f 1279/2196/674 1283/2200/674 1284/2201/674
f 1280/2198/675 1281/2198/675 1283/2202/675
f 1281/2198/675 1285/2202/675 1283/2202/675
f 1281/2198/676 1278/2195/676 1282/2199/676
f 1281/2198/676 1282/2199/676 1285/2202/676
f 1282/2199/24 1266/2038/24 1286/2203/24
f 1284/2201/677 1283/2200/677 1287/2204/677
f 1283/2200/677 1288/2205/677 1287/2204/677
f 1283/2202/678 1285/2202/678 1289/2206/678
f 1283/2202/678 1289/2206/678 1288/2207/678
f 1285/2202/679 1282/2199/679 1289/2206/679
f 1282/2199/679 1286/2203/679 1289/2206/679
f 1286/2203/24 1266/2038/24 1290/2208/24
f 1287/2204/680 1288/2205/680 1291/2209/680
f 1287/2204/680 1291/2209/680 1292/2210/680
f 1288/2207/681 1289/2206/681 1291/2211/681
f 1289/2206/681 1293/2212/681 1291/2211/681
f 1289/2206/682 1286/2203/682 1290/2208/682
f 1289/2206/682 1290/2208/682 1293/2212/682
f 1290/2208/24 1266/2038/24 1294/2213/24
f 1292/2214/683 1291/2215/683 1295/2216/683
f 1291/2215/683 1296/2217/683 1295/2216/683
f 1291/2211/684 1293/2212/684 1297/2218/684
f 1291/2211/684 1297/2218/684 1296/2218/684
f 1293/2212/685 1290/2208/685 1297/2218/685
f 1290/2208/685 1294/2213/685 1297/2218/685
f 1294/2213/24 1266/2038/24 1298/2219/24
f 1295/2216/598 1296/2217/598 1299/2220/598
f 1295/2216/598 1299/2220/598 1300/2221/598
f 1296/2218/686 1297/2218/686 1299/2222/686
f 1297/2218/686 1301/2223/686 1299/2222/686
f 1297/2218/687 1294/2213/687 1298/2219/687
f 1297/2218/687 1298/2219/687 1301/2223/687
f 1298/2219/24 1266/2038/24 1302/2224/24
f 1300/2221/688 1299/2220/688 1303/2225/688
f 1299/2220/688 1304/2226/688 1303/2225/688
f 1299/2222/689 1301/2223/689 1305/2227/689
f 1299/2222/689 1305/2227/689 1304/2227/689
f 1301/2223/690 1298/2219/690 1305/2227/690
f 1298/2219/690 1302/2224/690 1305/2227/690
f 1302/2224/24 1266/2038/24 1306/2228/24
f 1303/2225/691 1304/2226/691 1307/2229/691
f 1303/2225/691 1307/2229/691 1308/2230/691
f 1304/2227/692 1305/2227/692 1307/2231/692
f 1305/2227/692 1309/2232/692 1307/2231/692
f 1305/2227/693 1302/2224/693 1306/2228/693
f 1305/2227/693 1306/2228/693 1309/2232/693
f 1306/2228/24 1266/2038/24 1310/2233/24
f 1308/2230/597 1307/2229/597 1311/2234/597
f 1307/2229/597 1312/2235/597 1311/2234/597
f 1307/2231/694 1309/2232/694 1313/2236/694
f 1307/2231/694 1313/2236/694 1312/2237/694
f 1309/2232/695 1306/2228/695 1313/2236/695
f 1306/2228/695 1310/2233/695 1313/2236/695
f 1310/2233/24 1266/2038/24 1265/2181/24
f 1311/2234/696 1312/2235/696 1269/2184/696
f 1311/2234/696 1269/2184/696 1268/2183/696
f 1312/2237/697 1313/2236/697 1269/2187/697
f 1313/2236/697 1272/2188/697 1269/2187/697
f 1313/2236/698 1310/2233/698 1265/2181/698
f 1313/2236/698 1265/2181/698 1272/2188/698
f 1314/2238/24 1315/2046/24 1316/2239/24
f 1317/2214/665 1318/2215/665 1319/2216/665
f 1318/2215/665 1320/2217/665 1319/2216/665
f 1318/2240/666 1321/2241/666 1322/2242/666
f 1318/2240/666 1322/2242/666 1320/2242/666
f 1321/2241/667 1314/2238/667 1322/2242/667
f 1314/2238/667 1316/2239/667 1322/2242/667
f 1316/2239/24 1315/2046/24 1323/2243/24
f 1319/2216/668 1320/2217/668 1324/2220/668
f 1319/2216/668 1324/2220/668 1325/2221/668
f 1320/2242/669 1322/2242/669 1324/2244/669
f 1322/2242/669 1326/2245/669 1324/2244/669
f 1322/2242/670 1316/2239/670 1323/2243/670
f 1322/2242/670 1323/2243/670 1326/2245/670
f 1323/2243/24 1315/2046/24 1327/2246/24
f 1325/2221/671 1324/2220/671 1328/2225/671
f 1324/2220/671 1329/2226/671 1328/2225/671
f 1324/2244/672 1326/2245/672 1330/2247/672
f 1324/2244/672 1330/2247/672 1329/2247/672
f 1326/2245/673 1323/2243/673 1330/2247/673
f 1323/2243/673 1327/2246/673 1330/2247/673
f 1327/2246/24 1315/2046/24 1331/2248/24
f 1328/2225/674 1329/2226/674 1332/2229/674
f 1328/2225/674 1332/2229/674 1333/2230/674
f 1329/2247/675 1330/2247/675 1332/2249/675
f 1330/2247/675 1334/2250/675 1332/2249/675
f 1330/2247/676 1327/2246/676 1331/2248/676
f 1330/2247/676 1331/2248/676 1334/2250/676
f 1331/2248/24 1315/2046/24 1335/2251/24
f 1333/2230/677 1332/2229/677 1336/2234/677
f 1332/2229/677 1337/2235/677 1336/2234/677
f 1332/2249/678 1334/2250/678 1338/2252/678
f 1332/2249/678 1338/2252/678 1337/2253/678
f 1334/2250/679 1331/2248/679 1338/2252/679
f 1331/2248/679 1335/2251/679 1338/2252/679
f 1335/2251/24 1315/2046/24 1339/2254/24
f 1336/2234/680 1337/2235/680 1340/2184/680
f 1336/2234/680 1340/2184/680 1341/2183/680
f 1337/2253/699 1338/2252/699 1340/2255/699
f 1338/2252/681 1342/2256/681 1340/2255/681
f 1338/2252/682 1335/2251/682 1339/2254/682
f 1338/2252/682 1339/2254/682 1342/2256/682
f 1339/2254/24 1315/2046/24 1343/2257/24
f 1341/2183/683 1340/2184/683 1344/2185/683
f 1340/2184/683 1345/2186/683 1344/2185/683
f 1340/2255/684 1342/2256/684 1346/2258/684
f 1340/2255/684 1346/2258/684 1345/2259/684
f 1342/2256/685 1339/2254/685 1346/2258/685
f 1339/2254/685 1343/2257/685 1346/2258/685
f 1343/2257/24 1315/2046/24 1347/2260/24
f 1344/2185/598 1345/2186/598 1348/2191/598
f 1344/2185/598 1348/2191/598 1349/2192/598
f 1345/2259/686 1346/2258/686 1348/2261/686
f 1346/2258/686 1350/2262/686 1348/2261/686
f 1346/2258/687 1343/2257/687 1347/2260/687
f 1346/2258/687 1347/2260/687 1350/2262/687
f 1347/2260/24 1315/2046/24 1351/2263/24
f 1349/2192/688 1348/2191/688 1352/2196/688
f 1348/2191/688 1353/2197/688 1352/2196/688
f 1348/2261/689 1350/2262/689 1354/2264/689
f 1348/2261/689 1354/2264/689 1353/2265/689
f 1350/2262/690 1347/2260/690 1354/2264/690
f 1347/2260/690 1351/2263/690 1354/2264/690
f 1351/2263/24 1315/2046/24 1355/2266/24
f 1352/2196/691 1353/2197/691 1356/2200/691
f 1352/2196/691 1356/2200/691 1357/2201/691
f 1353/2265/692 1354/2264/692 1356/2267/692
f 1354/2264/692 1358/2268/692 1356/2267/692
f 1354/2264/693 1351/2263/693 1355/2266/693
f 1354/2264/693 1355/2266/693 1358/2268/693
f 1355/2266/24 1315/2046/24 1359/2269/24
f 1357/2201/597 1356/2200/597 1360/2204/597
f 1356/2200/597 1361/2205/597 1360/2204/597
f 1356/2267/694 1358/2268/694 1362/2270/694
f 1356/2267/694 1362/2270/694 1361/2271/694
f 1358/2268/695 1355/2266/695 1362/2270/695
f 1355/2266/695 1359/2269/695 1362/2270/695
f 1359/2269/24 1315/2046/24 1314/2238/24
f 1360/2204/696 1361/2205/696 1318/2209/696
f 1360/2204/696 1318/2209/696 1317/2210/696
f 1361/2271/700 1362/2270/700 1318/2240/700
f 1362/2270/697 1321/2241/697 1318/2240/697
f 1362/2270/698 1359/2269/698 1314/2238/698
f 1362/2270/698 1314/2238/698 1321/2241/698
f 1363/2272/24 1364/2054/24 1365/2273/24
f 1366/2183/665 1367/2184/665 1368/2185/665
f 1367/2184/665 1369/2186/665 1368/2185/665
f 1367/2274/666 1370/2275/666 1371/2276/666
f 1367/2274/666 1371/2276/666 1369/2277/666
f 1370/2275/667 1363/2272/667 1371/2276/667
f 1363/2272/667 1365/2273/667 1371/2276/667
f 1365/2273/24 1364/2054/24 1372/2278/24
f 1368/2185/668 1369/2186/668 1373/2191/668
f 1368/2185/668 1373/2191/668 1374/2192/668
f 1369/2277/669 1371/2276/669 1373/2279/669
f 1371/2276/669 1375/2280/669 1373/2279/669
f 1371/2276/670 1365/2273/670 1372/2278/670
f 1371/2276/670 1372/2278/670 1375/2280/670
f 1372/2278/24 1364/2054/24 1376/2281/24
f 1374/2192/671 1373/2191/671 1377/2196/671
f 1373/2191/671 1378/2197/671 1377/2196/671
f 1373/2279/672 1375/2280/672 1379/2282/672
f 1373/2279/672 1379/2282/672 1378/2282/672
f 1375/2280/673 1372/2278/673 1379/2282/673
f 1372/2278/673 1376/2281/673 1379/2282/673
f 1376/2281/24 1364/2054/24 1380/2283/24
f 1377/2196/674 1378/2197/674 1381/2200/674
f 1377/2196/674 1381/2200/674 1382/2201/674
f 1378/2282/701 1379/2282/701 1381/2284/701
f 1379/2282/675 1383/2284/675 1381/2284/675
f 1379/2282/676 1376/2281/676 1380/2283/676
f 1379/2282/676 1380/2283/676 1383/2284/676
f 1380/2283/24 1364/2054/24 1384/2285/24
f 1382/2201/677 1381/2200/677 1385/2204/677
f 1381/2200/677 1386/2205/677 1385/2204/677
f 1381/2284/678 1383/2284/678 1387/2286/678
f 1381/2284/678 1387/2286/678 1386/2287/678
f 1383/2284/679 1380/2283/679 1387/2286/679
f 1380/2283/679 1384/2285/679 1387/2286/679
f 1384/2285/24 1364/2054/24 1388/2288/24
f 1385/2204/680 1386/2205/680 1389/2209/680
f 1385/2204/680 1389/2209/680 1390/2210/680
f 1386/2287/699 1387/2286/699 1389/2289/699
f 1387/2286/681 1391/2290/681 1389/2289/681
f 1387/2286/682 1384/2285/682 1388/2288/682
f 1387/2286/682 1388/2288/682 1391/2290/682
f 1388/2288/24 1364/2054/24 1392/2291/24
f 1390/2214/683 1389/2215/683 1393/2216/683
f 1389/2215/683 1394/2217/683 1393/2216/683
f 1389/2289/684 1391/2290/684 1395/2292/684
f 1389/2289/684 1395/2292/684 1394/2292/684
f 1391/2290/685 1388/2288/685 1395/2292/685
f 1388/2288/685 1392/2291/685 1395/2292/685
f 1392/2291/24 1364/2054/24 1396/2293/24
f 1393/2216/598 1394/2217/598 1397/2220/598
f 1393/2216/598 1397/2220/598 1398/2221/598
f 1394/2292/686 1395/2292/686 1397/2294/686
f 1395/2292/686 1399/2295/686 1397/2294/686
f 1395/2292/687 1392/2291/687 1396/2293/687
f 1395/2292/687 1396/2293/687 1399/2295/687
f 1396/2293/24 1364/2054/24 1400/2296/24
f 1398/2221/688 1397/2220/688 1401/2225/688
f 1397/2220/688 1402/2226/688 1401/2225/688
f 1397/2294/689 1399/2295/689 1403/2297/689
f 1397/2294/689 1403/2297/689 1402/2297/689
f 1399/2295/690 1396/2293/690 1403/2297/690
f 1396/2293/690 1400/2296/690 1403/2297/690
f 1400/2296/24 1364/2054/24 1404/2298/24
f 1401/2225/691 1402/2226/691 1405/2229/691
f 1401/2225/691 1405/2229/691 1406/2230/691
f 1402/2297/692 1403/2297/692 1405/2299/692
f 1403/2297/692 1407/2300/692 1405/2299/692
f 1403/2297/693 1400/2296/693 1404/2298/693
f 1403/2297/693 1404/2298/693 1407/2300/693
f 1404/2298/24 1364/2054/24 1408/2301/24
f 1406/2230/597 1405/2229/597 1409/2234/597
f 1405/2229/597 1410/2235/597 1409/2234/597
f 1405/2299/694 1407/2300/694 1411/2302/694
f 1405/2299/694 1411/2302/694 1410/2303/694
f 1407/2300/695 1404/2298/695 1411/2302/695
f 1404/2298/695 1408/2301/695 1411/2302/695
f 1408/2301/24 1364/2054/24 1363/2272/24
f 1409/2234/696 1410/2235/696 1367/2184/696
f 1409/2234/696 1367/2184/696 1366/2183/696
f 1410/2303/700 1411/2302/700 1367/2274/700
f 1411/2302/697 1370/2275/697 1367/2274/697
f 1411/2302/698 1408/2301/698 1363/2272/698
f 1411/2302/698 1363/2272/698 1370/2275/698
f 1412/2304/24 1413/2030/24 1414/2305/24
f 1415/2183/665 1416/2184/665 1417/2185/665
f 1416/2184/665 1418/2186/665 1417/2185/665
f 1416/2306/666 1419/2307/666 1420/2308/666
f 1416/2306/666 1420/2308/666 1418/2309/666
f 1419/2307/667 1412/2304/667 1420/2308/667
f 1412/2304/667 1414/2305/667 1420/2308/667
f 1414/2305/24 1413/2030/24 1421/2310/24
f 1417/2185/668 1418/2186/668 1422/2191/668
f 1417/2185/668 1422/2191/668 1423/2192/668
f 1418/2309/669 1420/2308/669 1422/2311/669
f 1420/2308/669 1424/2312/669 1422/2311/669
f 1420/2308/670 1414/2305/670 1421/2310/670
f 1420/2308/670 1421/2310/670 1424/2312/670
f 1421/2310/24 1413/2030/24 1425/2313/24
f 1423/2192/671 1422/2191/671 1426/2196/671
f 1422/2191/671 1427/2197/671 1426/2196/671
f 1422/2311/672 1424/2312/672 1428/2314/672
f 1422/2311/672 1428/2314/672 1427/2315/672
f 1424/2312/673 1421/2310/673 1428/2314/673
f 1421/2310/673 1425/2313/673 1428/2314/673
f 1425/2313/24 1413/2030/24 1429/2316/24
f 1426/2196/674 1427/2197/674 1430/2200/674
f 1426/2196/674 1430/2200/674 1431/2201/674
f 1427/2315/701 1428/2314/701 1430/2317/701
f 1428/2314/675 1432/2318/675 1430/2317/675
f 1428/2314/676 1425/2313/676 1429/2316/676
f 1428/2314/676 1429/2316/676 1432/2318/676
f 1429/2316/24 1413/2030/24 1433/2319/24
f 1431/2201/677 1430/2200/677 1434/2204/677
f 1430/2200/677 1435/2205/677 1434/2204/677
f 1430/2317/678 1432/2318/678 1436/2320/678
f 1430/2317/678 1436/2320/678 1435/2321/678
f 1432/2318/679 1429/2316/679 1436/2320/679
f 1429/2316/679 1433/2319/679 1436/2320/679
f 1433/2319/24 1413/2030/24 1437/2322/24
f 1434/2204/680 1435/2205/680 1438/2209/680
f 1434/2204/680 1438/2209/680 1439/2210/680
f 1435/2321/681 1436/2320/681 1438/2323/681
f 1436/2320/681 1440/2324/681 1438/2323/681
f 1436/2320/682 1433/2319/682 1437/2322/682
f 1436/2320/682 1437/2322/682 1440/2324/682
f 1437/2322/24 1413/2030/24 1441/2325/24
f 1439/2214/683 1438/2215/683 1442/2216/683
f 1438/2215/683 1443/2217/683 1442/2216/683
f 1438/2323/684 1440/2324/684 1444/2326/684
f 1438/2323/684 1444/2326/684 1443/2326/684
f 1440/2324/685 1437/2322/685 1444/2326/685
f 1437/2322/685 1441/2325/685 1444/2326/685
f 1441/2325/24 1413/2030/24 1445/2327/24
f 1442/2216/598 1443/2217/598 1446/2220/598
f 1442/2216/598 1446/2220/598 1447/2221/598
f 1443/2326/686 1444/2326/686 1446/2328/686
f 1444/2326/686 1448/2329/686 1446/2328/686
f 1444/2326/687 1441/2325/687 1445/2327/687
f 1444/2326/687 1445/2327/687 1448/2329/687
f 1445/2327/24 1413/2030/24 1449/2330/24
f 1447/2221/688 1446/2220/688 1450/2225/688
f 1446/2220/688 1451/2226/688 1450/2225/688
f 1446/2328/689 1448/2329/689 1452/2331/689
f 1446/2328/689 1452/2331/689 1451/2332/689
f 1448/2329/690 1445/2327/690 1452/2331/690
f 1445/2327/690 1449/2330/690 1452/2331/690
f 1449/2330/24 1413/2030/24 1453/2333/24
f 1450/2225/691 1451/2226/691 1454/2229/691
f 1450/2225/691 1454/2229/691 1455/2230/691
f 1451/2332/692 1452/2331/692 1454/2334/692
f 1452/2331/692 1456/2335/692 1454/2334/692
f 1452/2331/693 1449/2330/693 1453/2333/693
f 1452/2331/693 1453/2333/693 1456/2335/693
f 1453/2333/24 1413/2030/24 1457/2336/24
f 1455/2230/597 1454/2229/597 1458/2234/597
f 1454/2229/597 1459/2235/597 1458/2234/597
f 1454/2334/694 1456/2335/694 1460/2337/694
f 1454/2334/694 1460/2337/694 1459/2338/694
f 1456/2335/695 1453/2333/695 1460/2337/695
f 1453/2333/695 1457/2336/695 1460/2337/695
f 1457/2336/24 1413/2030/24 1412/2304/24
f 1458/2234/696 1459/2235/696 1416/2184/696
f 1458/2234/696 1416/2184/696 1415/2183/696
f 1459/2338/697 1460/2337/697 1416/2306/697
f 1460/2337/697 1419/2307/697 1416/2306/697
f 1460/2337/698 1457/2336/698 1412/2304/698
f 1460/2337/698 1412/2304/698 1419/2307/698
f 1461/2339/24 1462/2073/24 1463/2340/24
f 1464/2183/665 1465/2184/665 1466/2185/665
f 1465/2184/665 1467/2186/665 1466/2185/665
f 1465/2341/666 1468/2342/666 1469/2343/666
f 1465/2341/666 1469/2343/666 1467/2343/666
f 1468/2342/667 1461/2339/667 1469/2343/667
f 1461/2339/667 1463/2340/667 1469/2343/667
f 1463/2340/24 1462/2073/24 1470/2344/24
f 1466/2185/668 1467/2186/668 1471/2191/668
f 1466/2185/668 1471/2191/668 1472/2192/668
f 1467/2343/669 1469/2343/669 1471/2345/669
f 1469/2343/669 1473/2346/669 1471/2345/669
f 1469/2343/670 1463/2340/670 1470/2344/670
f 1469/2343/670 1470/2344/670 1473/2346/670
f 1470/2344/24 1462/2073/24 1474/2347/24
f 1472/2192/671 1471/2191/671 1475/2196/671
f 1471/2191/671 1476/2197/671 1475/2196/671
f 1471/2345/672 1473/2346/672 1477/2348/672
f 1471/2345/672 1477/2348/672 1476/2348/672
f 1473/2346/673 1470/2344/673 1477/2348/673
f 1470/2344/673 1474/2347/673 1477/2348/673
f 1474/2347/24 1462/2073/24 1478/2349/24
f 1475/2196/674 1476/2197/674 1479/2200/674
f 1475/2196/674 1479/2200/674 1480/2201/674
f 1476/2348/675 1477/2348/675 1479/2350/675
f 1477/2348/675 1481/2350/675 1479/2350/675
f 1477/2348/676 1474/2347/676 1478/2349/676
f 1477/2348/676 1478/2349/676 1481/2350/676
f 1478/2349/24 1462/2073/24 1482/2351/24
f 1480/2201/677 1479/2200/677 1483/2204/677
f 1479/2200/677 1484/2205/677 1483/2204/677
f 1479/2350/678 1481/2350/678 1485/2352/678
f 1479/2350/678 1485/2352/678 1484/2353/678
f 1481/2350/679 1478/2349/679 1485/2352/679
f 1478/2349/679 1482/2351/679 1485/2352/679
f 1482/2351/24 1462/2073/24 1486/2354/24
f 1483/2204/680 1484/2205/680 1487/2209/680
f 1483/2204/680 1487/2209/680 1488/2210/680
f 1484/2353/681 1485/2352/681 1487/2355/681
f 1485/2352/681 1489/2356/681 1487/2355/681
f 1485/2352/682 1482/2351/682 1486/2354/682
f 1485/2352/682 1486/2354/682 1489/2356/682
f 1486/2354/24 1462/2073/24 1490/2357/24
f 1488/2214/683 1487/2215/683 1491/2216/683
f 1487/2215/683 1492/2217/683 1491/2216/683
f 1487/2355/684 1489/2356/684 1493/2358/684
f 1487/2355/684 1493/2358/684 1492/2359/684
f 1489/2356/685 1486/2354/685 1493/2358/685
f 1486/2354/685 1490/2357/685 1493/2358/685
f 1490/2357/24 1462/2073/24 1494/2360/24
f 1491/2216/598 1492/2217/598 1495/2220/598
f 1491/2216/598 1495/2220/598 1496/2221/598
f 1492/2359/686 1493/2358/686 1495/2361/686
f 1493/2358/686 1497/2362/686 1495/2361/686
f 1493/2358/687 1490/2357/687 1494/2360/687
f 1493/2358/687 1494/2360/687 1497/2362/687
f 1494/2360/24 1462/2073/24 1498/2363/24
f 1496/2221/688 1495/2220/688 1499/2225/688
f 1495/2220/688 1500/2226/688 1499/2225/688
f 1495/2361/689 1497/2362/689 1501/2364/689
f 1495/2361/702 1501/2364/702 1500/2364/702
f 1497/2362/690 1494/2360/690 1501/2364/690
f 1494/2360/690 1498/2363/690 1501/2364/690
f 1498/2363/24 1462/2073/24 1502/2365/24
f 1499/2225/691 1500/2226/691 1503/2229/691
f 1499/2225/691 1503/2229/691 1504/2230/691
f 1500/2364/703 1501/2364/703 1503/2366/703
f 1501/2364/692 1505/2367/692 1503/2366/692
f 1501/2364/693 1498/2363/693 1502/2365/693
f 1501/2364/693 1502/2365/693 1505/2367/693
f 1502/2365/24 1462/2073/24 1506/2368/24
f 1504/2230/597 1503/2229/597 1507/2234/597
f 1503/2229/597 1508/2235/597 1507/2234/597
f 1503/2366/694 1505/2367/694 1509/2369/694
f 1503/2366/694 1509/2369/694 1508/2370/694
f 1505/2367/695 1502/2365/695 1509/2369/695
f 1502/2365/695 1506/2368/695 1509/2369/695
f 1506/2368/24 1462/2073/24 1461/2339/24
f 1507/2234/696 1508/2235/696 1465/2184/696
f 1507/2234/696 1465/2184/696 1464/2183/696
f 1508/2370/697 1509/2369/697 1465/2341/697
f 1509/2369/697 1468/2342/697 1465/2341/697
f 1509/2369/698 1506/2368/698 1461/2339/698
f 1509/2369/698 1461/2339/698 1468/2342/698
f 1510/2371/24 1511/2064/24 1512/2372/24
f 1513/2214/665 1514/2215/665 1515/2216/665
f 1514/2215/665 1516/2217/665 1515/2216/665
f 1514/2373/666 1517/2374/666 1518/2375/666
f 1514/2373/666 1518/2375/666 1516/2375/666
f 1517/2374/667 1510/2371/667 1518/2375/667
f 1510/2371/667 1512/2372/667 1518/2375/667
f 1512/2372/24 1511/2064/24 1519/2376/24
f 1515/2216/668 1516/2217/668 1520/2220/668
f 1515/2216/668 1520/2220/668 1521/2221/668
f 1516/2375/669 1518/2375/669 1520/2377/669
f 1518/2375/669 1522/2378/669 1520/2377/669
f 1518/2375/670 1512/2372/670 1519/2376/670
f 1518/2375/670 1519/2376/670 1522/2378/670
f 1519/2376/24 1511/2064/24 1523/2379/24
f 1521/2221/671 1520/2220/671 1524/2225/671
f 1520/2220/671 1525/2226/671 1524/2225/671
f 1520/2377/672 1522/2378/672 1526/2380/672
f 1520/2377/672 1526/2380/672 1525/2380/672
f 1522/2378/673 1519/2376/673 1526/2380/673
f 1519/2376/673 1523/2379/673 1526/2380/673
f 1523/2379/24 1511/2064/24 1527/2381/24
f 1524/2225/674 1525/2226/674 1528/2229/674
f 1524/2225/674 1528/2229/674 1529/2230/674
f 1525/2380/675 1526/2380/675 1528/2382/675
f 1526/2380/675 1530/2383/675 1528/2382/675
f 1526/2380/676 1523/2379/676 1527/2381/676
f 1526/2380/676 1527/2381/676 1530/2383/676
f 1527/2381/24 1511/2064/24 1531/2384/24
f 1529/2230/677 1528/2229/677 1532/2234/677
f 1528/2229/677 1533/2235/677 1532/2234/677
f 1528/2382/678 1530/2383/678 1534/2385/678
f 1528/2382/678 1534/2385/678 1533/2386/678
f 1530/2383/679 1527/2381/679 1534/2385/679
f 1527/2381/679 1531/2384/679 1534/2385/679
f 1531/2384/24 1511/2064/24 1535/2387/24
f 1532/2234/680 1533/2235/680 1536/2184/680
f 1532/2234/680 1536/2184/680 1537/2183/680
f 1533/2386/699 1534/2385/699 1536/2388/699
f 1534/2385/681 1538/2389/681 1536/2388/681
f 1534/2385/682 1531/2384/682 1535/2387/682
f 1534/2385/682 1535/2387/682 1538/2389/682
f 1535/2387/24 1511/2064/24 1539/2390/24
f 1537/2183/683 1536/2184/683 1540/2185/683
f 1536/2184/683 1541/2186/683 1540/2185/683
f 1536/2388/684 1538/2389/684 1542/2391/684
f 1536/2388/684 1542/2391/684 1541/2392/684
f 1538/2389/685 1535/2387/685 1542/2391/685
f 1535/2387/685 1539/2390/685 1542/2391/685
f 1539/2390/24 1511/2064/24 1543/2393/24
f 1540/2185/598 1541/2186/598 1544/2191/598
f 1540/2185/598 1544/2191/598 1545/2192/598
f 1541/2392/686 1542/2391/686 1544/2394/686
f 1542/2391/686 1546/2395/686 1544/2394/686
f 1542/2391/687 1539/2390/687 1543/2393/687
f 1542/2391/687 1543/2393/687 1546/2395/687
f 1543/2393/24 1511/2064/24 1547/2396/24
f 1545/2192/688 1544/2191/688 1548/2196/688
f 1544/2191/688 1549/2197/688 1548/2196/688
f 1544/2394/689 1546/2395/689 1550/2397/689
f 1544/2394/689 1550/2397/689 1549/2398/689
f 1546/2395/690 1543/2393/690 1550/2397/690
f 1543/2393/690 1547/2396/690 1550/2397/690
f 1547/2396/24 1511/2064/24 1551/2399/24
f 1548/2196/691 1549/2197/691 1552/2200/691
f 1548/2196/691 1552/2200/691 1553/2201/691
f 1549/2398/692 1550/2397/692 1552/2400/692
f 1550/2397/692 1554/2401/692 1552/2400/692
f 1550/2397/693 1547/2396/693 1551/2399/693
f 1550/2397/693 1551/2399/693 1554/2401/693
f 1551/2399/24 1511/2064/24 1555/2402/24
f 1553/2201/597 1552/2200/597 1556/2204/597
f 1552/2200/597 1557/2205/597 1556/2204/597
f 1552/2400/694 1554/2401/694 1558/2403/694
f 1552/2400/694 1558/2403/694 1557/2404/694
f 1554/2401/695 1551/2399/695 1558/2403/695
f 1551/2399/695 1555/2402/695 1558/2403/695
f 1555/2402/24 1511/2064/24 1510/2371/24
f 1556/2204/696 1557/2205/696 1514/2209/696
f 1556/2204/696 1514/2209/696 1513/2210/696
f 1557/2404/700 1558/2403/700 1514/2373/700
f 1558/2403/697 1517/2374/697 1514/2373/697
f 1558/2403/698 1555/2402/698 1510/2371/698
f 1558/2403/698 1510/2371/698 1517/2374/698
f 1559/2405/704 1560/2406/704 1561/2407/704
f 1561/2407/705 1560/2406/705 1562/2408/705
f 1560/2406/706 1563/2409/706 1562/2408/706
f 1562/2408/707 1563/2409/707 1564/2410/707
f 1563/2409/708 1565/2411/708 1564/2410/708
f 1564/2410/709 1565/2411/709 1566/2412/709
f 1565/2411/710 1567/2413/710 1566/2412/710
f 1566/2412/711 1567/2413/711 1568/47/711
f 1567/2413/712 1569/2414/712 1568/47/712
f 1568/47/713 1569/2414/713 1570/2415/713
f 1569/2414/714 1571/2416/714 1570/2415/714
f 1570/2415/715 1571/2416/715 1572/2417/715
f 1571/2416/716 1573/2418/716 1572/2417/716
f 1572/2417/717 1573/2418/717 1574/2419/717
f 1573/2418/718 1575/2420/718 1574/2419/718
f 1574/2419/719 1575/2420/719 1576/2421/719
f 1575/2420/719 1577/2422/719 1576/2421/719
f 1576/2421/720 1577/2422/720 1578/2423/720
f 1577/2422/721 1579/2424/721 1578/2423/721
f 1578/2423/722 1579/2424/722 1580/2425/722
f 1579/2424/723 1581/2426/723 1580/2425/723
f 1580/2425/724 1581/2426/724 1582/2427/724
f 1581/2426/725 1559/2405/725 1582/2427/725
f 1582/2427/726 1559/2405/726 1561/2407/726
f 1583/2428/24 1584/2428/24 1585/2429/24
f 1583/2428/24 1586/2430/24 1584/2428/24
f 1583/2428/24 1587/2431/24 1586/2430/24
f 1583/2428/24 1588/2432/24 1587/2431/24
f 1583/2428/24 1589/2431/24 1588/2432/24
f 1583/2428/24 1590/2430/24 1589/2431/24
f 1583/2428/24 1591/2428/24 1590/2430/24
f 1583/2428/24 1592/2429/24 1591/2428/24
f 1583/2428/24 1593/2433/24 1592/2429/24
f 1583/2428/24 1594/2434/24 1593/2433/24
f 1583/2428/24 1595/2433/24 1594/2434/24
f 1583/2428/24 1585/2429/24 1595/2433/24
f 1596/2435/21 1582/2427/21 1561/2407/21
f 1596/2435/21 1580/2425/21 1582/2427/21
f 1596/2435/21 1578/2423/21 1580/2425/21
f 1596/2435/21 1576/2421/21 1578/2423/21
f 1596/2435/21 1574/2419/21 1576/2421/21
f 1596/2435/21 1572/2417/21 1574/2419/21
f 1596/2435/21 1570/2415/21 1572/2417/21
f 1596/2435/21 1568/47/21 1570/2415/21
f 1596/2435/21 1566/2412/21 1568/47/21
f 1596/2435/21 1564/2410/21 1566/2412/21
f 1596/2435/21 1562/2408/21 1564/2410/21
f 1596/2435/21 1561/2407/21 1562/2408/21
f 1597/2436/727 1598/2437/727 1599/2438/727
f 1599/2438/728 1598/2437/728 1600/2439/728
f 1598/2437/729 1601/2440/729 1600/2439/729
f 1600/2439/730 1601/2440/730 1602/2441/730
f 1601/2440/731 1603/2442/731 1602/2441/731
f 1602/2441/732 1603/2442/732 1604/2443/732
f 1603/2442/733 1605/2444/733 1604/2443/733
f 1604/2443/734 1605/2444/734 1606/2445/734
f 1605/2444/735 1607/2446/735 1606/2445/735
f 1606/2445/736 1607/2446/736 1608/2447/736
f 1607/2446/737 1609/2448/737 1608/2447/737
f 1610/2449/738 1611/2450/738 1612/2451/738
f 1612/2451/739 1611/2450/739 1613/2452/739
f 1611/2450/740 1614/2453/740 1613/2452/740
f 1613/2452/741 1614/2453/741 1615/2454/741
f 1614/2453/742 1616/2455/742 1615/2454/742
f 1615/2454/743 1616/2455/743 1617/2456/743
f 1616/2455/744 1618/2457/744 1617/2456/744
f 1617/2456/745 1618/2457/745 1619/2458/745
f 1618/2457/746 1620/2459/746 1619/2458/746
f 1619/2458/747 1620/2459/747 1609/2460/747
f 1620/2459/748 1608/2461/748 1609/2460/748
f 1621/2462/749 1622/2463/749 1623/2464/749
f 1623/2464/749 1622/2463/749 1624/2465/749
f 1622/2463/750 1625/2466/750 1624/2465/750
f 1624/2465/750 1625/2466/750 1626/2467/750
f 1625/2466/751 1627/2468/751 1626/2467/751
f 1626/2467/751 1627/2468/751 1628/2469/751
f 1627/2468/3 1629/2470/3 1628/2469/3
f 1628/2469/3 1629/2470/3 1630/2471/3
f 1629/2470/752 1631/2472/752 1630/2471/752
f 1630/2471/752 1631/2472/752 1632/2473/752
f 1610/2474/753 1599/2438/753 1581/2475/753
f 1581/2475/754 1599/2438/754 1559/2476/754
f 1599/2438/754 1600/2439/754 1559/2476/754
f 1559/2476/755 1600/2439/755 1560/2477/755
f 1600/2439/755 1602/2441/755 1560/2477/755
f 1560/2477/756 1602/2441/756 1563/2478/756
f 1602/2441/756 1604/2443/756 1563/2478/756
f 1563/2478/757 1604/2443/757 1565/2479/757
f 1604/2443/757 1606/2445/757 1565/2479/757
f 1579/2480/758 1577/2481/758 1611/2450/758
f 1611/2450/759 1577/2481/759 1614/2453/759
f 1577/2481/759 1575/2482/759 1614/2453/759
f 1614/2453/760 1575/2482/760 1616/2455/760
f 1575/2482/760 1573/2483/760 1616/2455/760
f 1616/2455/761 1573/2483/761 1618/2457/761
f 1573/2483/761 1571/2484/761 1618/2457/761
f 1618/2457/762 1571/2484/762 1620/2459/762
f 1571/2484/762 1569/2485/762 1620/2459/762
f 1633/2486/24 1634/2487/24 1635/344/24
f 1633/2486/24 1636/2488/24 1634/2487/24
f 1633/2486/24 1637/2489/24 1636/2488/24
f 1633/2486/24 1638/2490/24 1637/2489/24
f 1633/2486/24 1639/2491/24 1638/2490/24
f 1633/2486/24 1635/344/24 1639/2491/24
f 1610/2449/763 1612/2451/763 1597/2492/763
f 1597/2492/764 1612/2451/764 1593/2433/764
f 1612/2451/765 1613/2452/765 1593/2433/765
f 1593/2433/765 1613/2452/765 1592/2429/765
f 1613/2452/766 1591/2428/766 1592/2429/766
f 1640/2493/767 1641/2494/767 1642/2495/767
f 1642/2495/2 1641/2494/2 1643/2496/2
f 1641/2494/2 1644/2497/2 1643/2496/2
f 1643/2496/768 1644/2497/768 1645/2498/768
f 1644/2497/769 1646/2499/769 1645/2498/769
f 1647/2500/24 1628/2501/24 1641/2502/24
f 1641/2502/24 1628/2501/24 1644/2503/24
f 1628/2501/24 1630/2504/24 1644/2503/24
f 1644/2503/24 1630/2504/24 1646/2505/24
f 1630/2504/24 1632/2506/24 1646/2505/24
f 1625/2507/21 1642/2508/21 1627/2509/21
f 1627/2509/21 1642/2508/21 1629/2510/21
f 1642/2508/21 1643/2511/21 1629/2510/21
f 1629/2510/21 1643/2511/21 1631/2512/21
f 1643/2511/21 1645/2513/21 1631/2512/21
f 1648/2514/2 1647/2515/2 1640/2493/2
f 1648/2514/2 1649/2516/2 1647/2515/2
f 1648/2514/770 1650/2517/770 1649/2516/770
f 1648/2514/770 1651/2518/770 1650/2517/770
f 1649/2519/24 1626/2520/24 1647/2500/24
f 1649/2519/24 1624/2521/24 1626/2520/24
f 1649/2519/24 1623/2522/24 1624/2521/24
f 1649/2519/24 1650/2523/24 1623/2522/24
f 1622/2524/21 1640/2525/21 1625/2507/21
f 1622/2524/21 1648/2526/21 1640/2525/21
f 1622/2524/21 1651/2527/21 1648/2526/21
f 1622/2524/21 1621/2528/21 1651/2527/21
f 1597/2436/771 1595/2529/771 1598/2437/771
f 1598/2437/772 1595/2529/772 1601/2440/772
f 1595/2529/772 1585/2530/772 1601/2440/772
f 1601/2440/773 1585/2530/773 1584/2531/773
f 1589/2431/774 1609/2460/774 1588/2432/774
f 1589/2431/774 1619/2458/774 1609/2460/774
f 1589/2431/775 1617/2456/775 1619/2458/775
f 1589/2431/775 1590/2430/775 1617/2456/775
f 1587/2532/776 1605/2444/776 1586/2533/776
f 1587/2532/776 1607/2446/776 1605/2444/776
f 1587/2532/615 1609/2448/615 1607/2446/615
f 1587/2532/615 1588/2534/615 1609/2448/615
f 1652/2535/21 1653/2536/21 1654/2537/21
f 1654/2537/21 1653/2536/21 1645/2538/21
f 1653/2536/21 1655/2539/21 1645/2538/21
f 1645/2538/21 1655/2539/21 1631/2540/21
f 1638/2541/2 1656/2542/2 1657/2543/2
f 1638/2541/2 1652/2544/2 1656/2542/2
f 1638/2541/2 1658/2545/2 1652/2544/2
f 1638/2541/2 1639/2546/2 1658/2545/2
f 1635/2547/12 1659/2548/12 1658/2549/12
f 1658/2549/777 1659/2548/777 1652/2550/777
f 1659/2548/777 1653/2551/777 1652/2550/777
f 1636/2552/122 1632/2553/122 1634/2554/122
f 1634/2554/122 1632/2553/122 1655/2555/122
f 1632/2553/122 1631/2556/122 1655/2555/122
f 1636/2/24 1637/2/24 1660/2/24
f 1660/2/24 1637/2/24 1661/2/24
f 1637/2/24 1657/2/24 1661/2/24
f 1662/2557/778 1634/2554/778 1663/2558/778
f 1663/2558/778 1634/2554/778 1655/2555/778
f 1635/2547/2 1662/2559/2 1659/2560/2
f 1659/2560/2 1662/2559/2 1663/2561/2
f 1651/2562/1 1621/2563/1 1650/2523/1
f 1650/2523/1 1621/2563/1 1623/2522/1
f 1646/2499/779 1656/2564/779 1645/2498/779
f 1645/2498/780 1656/2564/780 1654/2565/780
f 1660/2566/1 1661/2567/1 1664/2499/1
f 1664/2499/1 1661/2567/1 1665/2564/1
f 1615/2454/781 1617/2456/781 1591/2428/781
f 1591/2428/781 1617/2456/781 1590/2430/781
f 1586/2533/782 1605/2444/782 1584/2531/782
f 1584/2531/782 1605/2444/782 1603/2442/782
f 1620/2459/783 1569/2485/783 1608/2461/783
f 1608/2461/783 1569/2485/783 1567/2568/783
f 1608/2447/784 1567/2569/784 1606/2445/784
f 1606/2445/784 1567/2569/784 1565/2479/784
f 1646/2570/21 1664/2571/21 1656/2572/21
f 1656/2572/21 1664/2571/21 1665/2573/21
f 1656/2574/2 1665/2575/2 1657/2576/2
f 1657/2576/2 1665/2575/2 1661/2577/2
f 1636/2578/785 1660/2579/785 1632/2580/785
f 1632/2580/785 1660/2579/785 1664/2575/785
f 1599/2438/786 1610/2474/786 1597/2436/786
f 1581/2475/753 1579/2581/753 1610/2474/753
f 1611/2450/758 1610/2449/758 1579/2480/758
f 1647/2515/767 1641/2494/767 1640/2493/767
f 1626/2520/24 1628/2501/24 1647/2500/24
f 1640/2525/21 1642/2508/21 1625/2507/21
f 1656/2542/2 1652/2544/2 1654/2582/2
f 1658/2549/12 1639/2583/12 1635/2547/12
f 1594/2584/771 1595/2529/771 1597/2436/771
f 1597/2492/764 1593/2433/764 1594/2434/764
f 1584/2531/773 1603/2442/773 1601/2440/773
f 1591/2428/766 1613/2452/766 1615/2454/766
f 1634/2487/24 1662/2585/24 1635/344/24
f 1663/2561/787 1653/2586/787 1659/2560/787
f 1663/2587/788 1655/2539/788 1653/2536/788
f 1638/2490/24 1657/2588/24 1637/2489/24
f 1666/2589/21 1667/2590/21 1668/2591/21
f 1667/2590/21 1666/2589/21 1669/2592/21
f 1669/2592/21 1670/2593/21 1667/2590/21
f 1670/2593/21 1669/2592/21 1671/1689/21
f 1671/1689/21 1672/2594/21 1670/2593/21
f 1672/2594/21 1671/1689/21 1673/2595/21
f 1674/2596/21 1675/2597/21 1676/2598/21
f 1674/2596/21 1676/2598/21 1672/2594/21
f 1677/2599/21 1678/2600/21 1676/2598/21
f 1675/2597/21 1677/2599/21 1676/2598/21
f 1679/2601/21 1680/2602/21 1678/2600/21
f 1677/2599/21 1679/2601/21 1678/2600/21
f 1681/2603/21 1682/2604/21 1683/2605/21
f 1684/2606/21 1685/2607/21 1686/2608/21
f 1687/2609/21 1683/2605/21 1684/2606/21
f 1683/2605/21 1687/2609/21 1681/2603/21
f 1684/2606/21 1686/2608/21 1687/2609/21
f 1681/2603/21 1687/2609/21 1680/2602/21
f 1680/2602/21 1679/2601/21 1681/2603/21
f 1685/2607/21 1684/2606/21 1688/2610/21
f 1685/2607/21 1688/2610/21 1689/2611/21
f 1690/2612/21 1685/2607/21 1689/2611/21
f 1689/2611/21 1691/2613/21 1692/2614/21
f 1692/2614/21 1690/2612/21 1689/2611/21
f 1693/2615/21 1668/2591/21 1692/2614/21
f 1693/2615/21 1692/2614/21 1691/2613/21
f 1691/2613/21 1694/2616/21 1693/2615/21
f 1668/2591/21 1693/2615/21 1666/2589/21
f 1682/2604/21 1695/2617/21 1683/2605/21
f 1694/2616/21 1691/2613/21 1696/2618/21
f 1696/2618/21 1697/2619/21 1694/2616/21
f 1682/2604/21 1698/2620/21 1695/2617/21
f 1698/2620/21 1699/2621/21 1695/2617/21
f 1697/2619/21 1696/2618/21 1700/2622/21
f 1698/2620/21 1701/2623/21 1699/2621/21
f 1700/2622/21 1702/2624/21 1697/2619/21
f 1703/2625/21 1704/2626/21 1705/2627/21
f 1703/2625/21 1706/2628/21 1704/2626/21
f 1707/2629/21 1703/2625/21 1705/2627/21
f 1703/2625/21 1708/2630/21 1706/2628/21
f 1705/2627/21 1709/2631/21 1707/2629/21
f 1708/2630/21 1710/2632/21 1706/2628/21
f 1701/2623/21 1711/2633/21 1699/2621/21
f 1709/2631/21 1705/2627/21 1699/2621/21
f 1699/2621/21 1711/2633/21 1709/2631/21
f 1700/2622/21 1712/2634/21 1702/2624/21
f 1713/2635/21 1714/2636/21 1715/2637/21
f 1713/2635/21 1715/2637/21 1716/2638/21
f 1714/2636/21 1713/2635/21 1717/2639/21
f 1716/2638/21 1718/2640/21 1713/2635/21
f 1714/2636/21 1717/2639/21 1719/2641/21
f 1716/2638/21 1720/2642/21 1718/2640/21
f 1719/2641/21 1700/2622/21 1714/2636/21
f 1700/2622/21 1719/2641/21 1712/2634/21
f 1721/2643/21 1722/2644/21 1723/2645/21
f 1721/2643/21 1723/2645/21 1724/2646/21
f 1721/2643/21 1725/2647/21 1722/2644/21
f 1726/2648/21 1721/2643/21 1724/2646/21
f 1725/2647/21 1727/2649/21 1722/2644/21
f 1727/2649/21 1716/2638/21 1722/2644/21
f 1716/2638/21 1727/2649/21 1720/2642/21
f 1728/2650/21 1726/2648/21 1724/2646/21
f 1728/2650/21 1724/2646/21 1706/2628/21
f 1706/2628/21 1710/2632/21 1728/2650/21
f 1729/2651/21 1711/2633/21 1730/2652/21
f 1729/2651/21 1709/2631/21 1711/2633/21
f 1731/2653/21 1732/2654/21 1712/2634/21
f 1719/2641/21 1731/2653/21 1712/2634/21
f 1733/2655/21 1734/2656/21 1732/2654/21
f 1732/2654/21 1731/2653/21 1733/2655/21
f 1735/2657/21 1730/2652/21 1736/2658/21
f 1735/2657/21 1729/2651/21 1730/2652/21
f 1737/2659/21 1736/2658/21 1738/2660/21
f 1737/2659/21 1735/2657/21 1736/2658/21
f 1739/2661/21 1734/2656/21 1740/2662/21
f 1733/2655/21 1740/2662/21 1734/2656/21
f 1741/2663/21 1742/2664/21 1720/2642/21
f 1720/2642/21 1727/2649/21 1741/2663/21
f 1743/2665/21 1710/2632/21 1744/2666/21
f 1743/2665/21 1728/2650/21 1710/2632/21
f 1745/2667/21 1744/2666/21 1746/2668/21
f 1745/2667/21 1743/2665/21 1744/2666/21
f 1747/2669/21 1748/2670/21 1742/2664/21
f 1742/2664/21 1741/2663/21 1747/2669/21
f 1749/2671/21 1750/287/21 1748/2670/21
f 1748/2670/21 1747/2669/21 1749/2671/21
f 1751/2672/21 1745/2667/21 1746/2668/21
f 1751/2672/21 1746/2668/21 1752/2673/21
f 1740/2662/21 1673/2595/21 1739/2661/21
f 1737/2659/21 1738/2660/21 1674/2596/21
f 1749/2671/21 1753/2674/21 1672/2594/21
f 1672/2594/21 1753/2674/21 1751/2672/21
f 1752/2673/21 1754/2675/21 1672/2594/21
f 1751/2672/21 1752/2673/21 1672/2594/21
f 1750/287/21 1749/2671/21 1672/2594/21
f 1672/2594/21 1755/2676/21 1750/287/21
f 1673/2595/21 1740/2662/21 1672/2594/21
f 1672/2594/21 1740/2662/21 1755/2676/21
f 1737/2659/21 1674/2596/21 1672/2594/21
f 1754/2675/21 1737/2659/21 1672/2594/21
f 1756/2677/24 1757/2678/24 1758/2679/24
f 1759/2680/24 1758/2679/24 1757/2678/24
f 1760/2681/24 1761/2682/24 1762/2683/24
f 1763/2684/24 1762/2683/24 1761/2682/24
f 1761/2682/24 1764/2685/24 1763/2684/24
f 1765/2686/24 1763/2684/24 1764/2685/24
f 1766/2687/24 1767/2688/24 1768/2689/24
f 1764/2685/24 1766/2687/24 1768/2689/24
f 1766/2687/24 1769/2690/24 1770/2691/24
f 1766/2687/24 1770/2691/24 1767/2688/24
f 1771/2692/24 1772/2693/24 1773/2694/24
f 1771/2692/24 1773/2694/24 1774/2695/24
f 1775/2696/24 1776/2697/24 1777/2698/24
f 1778/2699/24 1779/2700/24 1780/2701/24
f 1780/2701/24 1775/2696/24 1781/2702/24
f 1777/2698/24 1781/2702/24 1775/2696/24
f 1781/2702/24 1778/2699/24 1780/2701/24
f 1772/2693/24 1782/2702/24 1783/2698/24
f 1783/2698/24 1773/2694/24 1772/2693/24
f 1784/2703/24 1780/2701/24 1779/2700/24
f 1785/2704/24 1784/2703/24 1779/2700/24
f 1785/2704/24 1779/2700/24 1786/2705/24
f 1787/2706/24 1788/2707/24 1785/2704/24
f 1785/2704/24 1786/2705/24 1787/2706/24
f 1789/2706/24 1756/2677/24 1790/2708/24
f 1788/2707/24 1787/2706/24 1791/2708/24
f 1791/2708/24 1792/2709/24 1788/2707/24
f 1758/2679/24 1790/2708/24 1756/2677/24
f 1775/2696/24 1793/2710/24 1776/2697/24
f 1794/2711/24 1788/2707/24 1792/2709/24
f 1792/2709/24 1795/2712/24 1794/2711/24
f 1793/2710/24 1796/2713/24 1776/2697/24
f 1793/2710/24 1797/2714/24 1796/2713/24
f 1798/2715/24 1794/2711/24 1795/2712/24
f 1797/2714/24 1799/2716/24 1796/2713/24
f 1795/2712/24 1800/2717/24 1798/2715/24
f 1801/2718/24 1802/2719/24 1803/2720/24
f 1802/2719/24 1804/2721/24 1803/2720/24
f 1801/2718/24 1803/2720/24 1805/2722/24
f 1804/2721/24 1806/2723/24 1803/2720/24
f 1805/2722/24 1807/2724/24 1801/2718/24
f 1804/2721/24 1808/2725/24 1806/2723/24
f 1797/2714/24 1809/2726/24 1799/2716/24
f 1797/2714/24 1801/2718/24 1807/2724/24
f 1807/2724/24 1809/2726/24 1797/2714/24
f 1800/2717/24 1810/2727/24 1798/2715/24
f 1811/2728/24 1812/2729/24 1813/2730/24
f 1814/2731/24 1811/2728/24 1813/2730/24
f 1815/2732/24 1813/2730/24 1812/2729/24
f 1813/2730/24 1816/2733/24 1814/2731/24
f 1817/2734/24 1815/2732/24 1812/2729/24
f 1816/2733/24 1818/2735/24 1814/2731/24
f 1812/2729/24 1798/2715/24 1817/2734/24
f 1810/2727/24 1817/2734/24 1798/2715/24
f 1819/2736/24 1820/2737/24 1821/2738/24
f 1822/2739/24 1819/2736/24 1821/2738/24
f 1820/2737/24 1823/2740/24 1821/2738/24
f 1822/2739/24 1821/2738/24 1824/2741/24
f 1820/2737/24 1825/2742/24 1823/2740/24
f 1820/2737/24 1814/2731/24 1825/2742/24
f 1818/2735/24 1825/2742/24 1814/2731/24
f 1822/2739/24 1824/2741/24 1826/2743/24
f 1804/2721/24 1822/2739/24 1826/2743/24
f 1826/2743/24 1808/2725/24 1804/2721/24
f 1827/2744/24 1828/2726/24 1829/2745/24
f 1828/2726/24 1830/2724/24 1829/2745/24
f 1831/2727/24 1832/2746/24 1833/2747/24
f 1831/2727/24 1833/2747/24 1834/2734/24
f 1832/2746/24 1835/2748/24 1836/2749/24
f 1836/2749/24 1833/2747/24 1832/2746/24
f 1837/2750/24 1827/2744/24 1838/2751/24
f 1827/2744/24 1829/2745/24 1838/2751/24
f 1839/2752/24 1840/2753/24 1841/2754/24
f 1840/2753/24 1842/2755/24 1841/2754/24
f 1843/2756/24 1844/2757/24 1845/2758/24
f 1844/2757/24 1843/2756/24 1846/2759/24
f 1847/2735/24 1848/2760/24 1849/2761/24
f 1849/2761/24 1850/2742/24 1847/2735/24
f 1851/2762/24 1852/2725/24 1853/2763/24
f 1852/2725/24 1854/2743/24 1853/2763/24
f 1855/2764/24 1851/2762/24 1856/2765/24
f 1851/2762/24 1853/2763/24 1856/2765/24
f 1848/2760/24 1857/2766/24 1858/2767/24
f 1858/2767/24 1849/2761/24 1848/2760/24
f 1859/2768/24 1860/2769/24 1861/2770/24
f 1861/2770/24 1862/2771/24 1859/2768/24
f 1863/2772/24 1864/2773/24 1865/2774/24
f 1866/2775/24 1863/2772/24 1865/2774/24
f 1845/2758/24 1765/2686/24 1843/2756/24
f 1768/2689/24 1839/2752/24 1841/2754/24
f 1764/2685/24 1867/2776/24 1861/2770/24
f 1865/2774/24 1867/2776/24 1764/2685/24
f 1764/2685/24 1868/2777/24 1866/2775/24
f 1764/2685/24 1866/2775/24 1865/2774/24
f 1764/2685/24 1861/2770/24 1860/2769/24
f 1860/2769/24 1869/2778/24 1764/2685/24
f 1764/2685/24 1843/2756/24 1765/2686/24
f 1869/2778/24 1843/2756/24 1764/2685/24
f 1764/2685/24 1768/2689/24 1841/2754/24
f 1764/2685/24 1841/2754/24 1868/2777/24
f 1870/2779/789 1668/2780/789 1667/2781/789
f 1870/2779/789 1667/2781/789 1760/2782/789
f 1762/2783/790 1669/2784/790 1666/2785/790
f 1762/2783/790 1666/2785/790 1871/2786/790
f 1760/2787/791 1667/2788/791 1670/2789/791
f 1760/2787/791 1670/2789/791 1761/2790/791
f 1763/2791/792 1671/2792/792 1669/2793/792
f 1763/2791/792 1669/2793/792 1762/2794/792
f 1761/2793/793 1670/2794/793 1672/2791/793
f 1761/2793/793 1672/2791/793 1764/2792/793
f 1765/2789/794 1673/2790/794 1671/2787/794
f 1765/2789/794 1671/2787/794 1763/2788/794
f 1767/2787/795 1675/2788/795 1674/2789/795
f 1767/2787/795 1674/2789/795 1768/2790/795
f 1764/2791/796 1672/2792/796 1676/2793/796
f 1764/2791/796 1676/2793/796 1766/2794/796
f 1766/2791/797 1676/2792/797 1678/2793/797
f 1766/2791/797 1678/2793/797 1769/2794/797
f 1770/2793/640 1677/2794/640 1675/2791/640
f 1770/2793/640 1675/2791/640 1767/2792/640
f 1769/2783/761 1678/2784/761 1680/2785/761
f 1769/2783/761 1680/2785/761 1872/2786/761
f 1873/2779/798 1679/2795/798 1677/2781/798
f 1873/2779/798 1677/2781/798 1770/2796/798
f 1874/2797/799 1682/2798/799 1681/2799/799
f 1874/2797/799 1681/2799/799 1875/2800/799
f 1876/2801/800 1686/2802/800 1685/2803/800
f 1876/2801/800 1685/2803/800 1877/2804/800
f 1878/2805/801 1684/2806/801 1683/2807/801
f 1878/2805/801 1683/2807/801 1879/2808/801
f 1880/2797/802 1687/2798/802 1686/2799/802
f 1880/2797/802 1686/2799/802 1876/2800/802
f 1872/2783/803 1680/2802/803 1687/2803/803
f 1872/2783/803 1687/2803/803 1880/2786/803
f 1875/2809/804 1681/2795/804 1679/2810/804
f 1875/2809/804 1679/2810/804 1873/2811/804
f 1881/2812/805 1688/2813/805 1684/2806/805
f 1881/2812/805 1684/2806/805 1878/2805/805
f 1882/2814/806 1689/2815/806 1688/2813/806
f 1882/2814/806 1688/2813/806 1881/2812/806
f 1877/2779/691 1685/2795/691 1690/2810/691
f 1877/2779/691 1690/2810/691 1883/2796/691
f 1884/2816/807 1691/2817/807 1689/2815/807
f 1884/2816/807 1689/2815/807 1882/2814/807
f 1883/2779/808 1690/2795/808 1692/2810/808
f 1883/2779/808 1692/2810/808 1885/2796/808
f 1885/2779/809 1692/2795/809 1668/2810/809
f 1885/2779/809 1668/2810/809 1870/2796/809
f 1886/2779/804 1693/2795/804 1694/2810/804
f 1886/2779/804 1694/2810/804 1887/2796/804
f 1871/2783/800 1666/2802/800 1693/2803/800
f 1871/2783/800 1693/2803/800 1886/2786/800
f 1879/2808/810 1683/2807/810 1695/2818/810
f 1879/2808/810 1695/2818/810 1888/2819/810
f 1889/2820/811 1696/2821/811 1691/2817/811
f 1889/2820/811 1691/2817/811 1884/2816/811
f 1887/2809/812 1694/2795/812 1697/2810/812
f 1887/2809/812 1697/2810/812 1890/2811/812
f 1891/2801/813 1698/2802/813 1682/2803/813
f 1891/2801/813 1682/2803/813 1874/2804/813
f 1888/2819/814 1695/2818/814 1699/2822/814
f 1888/2819/814 1699/2822/814 1892/2823/814
f 1893/2824/815 1700/2825/815 1696/2821/815
f 1893/2824/815 1696/2821/815 1889/2820/815
f 1894/2783/816 1701/2826/816 1698/2827/816
f 1894/2783/816 1698/2827/816 1891/2786/816
f 1890/2779/817 1697/2795/817 1702/2810/817
f 1890/2779/817 1702/2810/817 1895/2796/817
f 1896/2828/773 1705/2829/773 1704/2830/773
f 1896/2828/773 1704/2830/773 1897/2831/773
f 1897/2831/818 1704/2830/818 1706/2832/818
f 1897/2831/818 1706/2832/818 1898/2833/818
f 1899/2783/819 1703/2784/819 1707/2785/819
f 1899/2783/819 1707/2785/819 1900/2786/819
f 1901/2783/820 1708/2784/820 1703/2785/820
f 1901/2783/820 1703/2785/820 1899/2786/820
f 1900/2783/821 1707/2798/821 1709/2799/821
f 1900/2783/821 1709/2799/821 1902/2786/821
f 1903/2783/822 1710/2784/822 1708/2785/822
f 1903/2783/822 1708/2785/822 1901/2786/822
f 1904/2797/40 1711/2798/40 1701/2799/40
f 1904/2797/40 1701/2799/40 1894/2800/40
f 1892/2823/823 1699/2822/823 1705/2829/823
f 1892/2823/823 1705/2829/823 1896/2828/823
f 1895/2779/824 1702/2795/824 1712/2810/824
f 1895/2779/824 1712/2810/824 1905/2796/824
f 1906/2834/825 1715/2835/825 1714/2836/825
f 1906/2834/825 1714/2836/825 1907/2837/825
f 1908/2838/826 1716/2839/826 1715/2835/826
f 1908/2838/826 1715/2835/826 1906/2834/826
f 1909/2840/827 1717/2841/827 1713/2842/827
f 1909/2840/827 1713/2842/827 1910/2843/827
f 1910/2843/828 1713/2842/828 1718/2844/828
f 1910/2843/828 1718/2844/828 1911/2845/828
f 1912/2846/829 1719/2847/829 1717/2841/829
f 1912/2846/829 1717/2841/829 1909/2840/829
f 1911/2845/830 1718/2844/830 1720/2848/830
f 1911/2845/830 1720/2848/830 1913/2849/830
f 1907/2837/279 1714/2836/279 1700/2825/279
f 1907/2837/279 1700/2825/279 1893/2824/279
f 1914/2850/831 1723/2851/831 1722/2852/831
f 1914/2850/831 1722/2852/831 1915/2853/831
f 1916/2854/832 1724/2855/832 1723/2856/832
f 1916/2854/832 1723/2856/832 1914/2857/832
f 1917/2858/47 1725/2780/47 1721/2781/47
f 1917/2858/47 1721/2781/47 1918/2782/47
f 1918/2783/833 1721/2802/833 1726/2803/833
f 1918/2783/833 1726/2803/833 1919/2786/833
f 1920/2809/834 1727/2859/834 1725/2860/834
f 1920/2809/834 1725/2860/834 1917/2811/834
f 1915/2853/835 1722/2852/835 1716/2839/835
f 1915/2853/835 1716/2839/835 1908/2838/835
f 1919/2783/836 1726/2784/836 1728/2785/836
f 1919/2783/836 1728/2785/836 1921/2786/836
f 1898/2833/837 1706/2832/837 1724/2855/837
f 1898/2833/837 1724/2855/837 1916/2854/837
f 1922/2801/838 1730/2802/838 1711/2803/838
f 1922/2801/838 1711/2803/838 1904/2804/838
f 1902/2783/623 1709/2784/623 1729/2785/623
f 1902/2783/623 1729/2785/623 1923/2786/623
f 1905/2779/628 1712/2795/628 1732/2810/628
f 1905/2779/628 1732/2810/628 1924/2796/628
f 1925/2861/839 1731/2862/839 1719/2847/839
f 1925/2861/839 1719/2847/839 1912/2846/839
f 1924/2779/840 1732/2795/840 1734/2810/840
f 1924/2779/840 1734/2810/840 1844/2796/840
f 1846/2863/841 1733/2864/841 1731/2865/841
f 1846/2863/841 1731/2865/841 1925/2866/841
f 1840/2783/842 1736/2784/842 1730/2785/842
f 1840/2783/842 1730/2785/842 1922/2786/842
f 1923/2783/843 1729/2784/843 1735/2785/843
f 1923/2783/843 1735/2785/843 1842/2786/843
f 1839/2793/844 1738/2794/844 1736/2791/844
f 1839/2793/844 1736/2791/844 1840/2792/844
f 1842/2793/650 1735/2794/650 1737/2791/650
f 1842/2793/650 1737/2791/650 1841/2792/650
f 1844/2791/845 1734/2792/845 1739/2793/845
f 1844/2791/845 1739/2793/845 1845/2794/845
f 1843/2867/846 1740/2868/846 1733/2864/846
f 1843/2867/846 1733/2864/846 1846/2863/846
f 1913/2849/847 1720/2848/847 1742/2869/847
f 1913/2849/847 1742/2869/847 1926/2870/847
f 1927/2779/848 1741/2780/848 1727/2781/848
f 1927/2779/848 1727/2781/848 1920/2796/848
f 1928/2779/849 1744/2795/849 1710/2810/849
f 1928/2779/849 1710/2810/849 1903/2796/849
f 1921/2791/850 1728/2792/850 1743/2793/850
f 1921/2791/850 1743/2793/850 1929/2794/850
f 1863/2779/851 1746/2795/851 1744/2810/851
f 1863/2779/851 1744/2810/851 1928/2796/851
f 1929/2791/852 1743/2792/852 1745/2793/852
f 1929/2791/852 1745/2793/852 1864/2794/852
f 1926/2870/853 1742/2869/853 1748/2871/853
f 1926/2870/853 1748/2871/853 1859/2872/853
f 1862/2779/640 1747/2795/640 1741/2810/640
f 1862/2779/640 1741/2810/640 1927/2796/640
f 1859/2872/854 1748/2871/854 1750/2790/854
f 1859/2872/854 1750/2790/854 1860/2789/854
f 1861/2787/818 1749/2788/818 1747/2789/818
f 1861/2787/818 1747/2789/818 1862/2790/818
f 1864/2789/855 1745/2790/855 1751/2787/855
f 1864/2789/855 1751/2787/855 1865/2788/855
f 1866/2793/856 1752/2794/856 1746/2791/856
f 1866/2793/856 1746/2791/856 1863/2792/856
f 1845/2791/857 1739/2792/857 1673/2793/857
f 1845/2791/857 1673/2793/857 1765/2794/857
f 1768/2793/851 1674/2794/851 1738/2791/851
f 1768/2793/851 1738/2791/851 1839/2792/851
f 1756/2803/789 1870/2779/789 1760/2782/789
f 1756/2803/789 1760/2782/789 1757/2802/789
f 1759/2810/790 1762/2783/790 1871/2786/790
f 1759/2810/790 1871/2786/790 1758/2795/790
f 1757/2873/858 1760/2874/858 1762/2875/858
f 1757/2873/858 1762/2875/858 1759/2876/858
f 1771/2810/761 1769/2783/761 1872/2786/761
f 1771/2810/761 1872/2786/761 1772/2795/761
f 1773/2803/798 1873/2779/798 1770/2796/798
f 1773/2803/798 1770/2796/798 1774/2802/798
f 1774/2877/859 1770/2878/859 1769/2879/859
f 1774/2877/859 1769/2879/859 1771/2880/859
f 1930/2810/799 1874/2797/799 1875/2800/799
f 1930/2810/799 1875/2800/799 1783/2795/799
f 1931/2881/800 1876/2801/800 1877/2804/800
f 1931/2881/800 1877/2804/800 1932/2882/800
f 1933/2883/801 1878/2805/801 1879/2808/801
f 1933/2883/801 1879/2808/801 1934/2884/801
f 1782/2860/802 1880/2797/802 1876/2800/802
f 1782/2860/802 1876/2800/802 1931/2859/802
f 1772/2781/803 1872/2783/803 1880/2786/803
f 1772/2781/803 1880/2786/803 1782/2795/803
f 1783/2799/804 1875/2809/804 1873/2811/804
f 1783/2799/804 1873/2811/804 1773/2798/804
f 1935/2885/805 1881/2812/805 1878/2805/805
f 1935/2885/805 1878/2805/805 1933/2883/805
f 1936/2886/806 1882/2814/806 1881/2812/806
f 1936/2886/806 1881/2812/806 1935/2885/806
f 1932/2785/691 1877/2779/691 1883/2796/691
f 1932/2785/691 1883/2796/691 1937/2784/691
f 1938/2887/807 1884/2816/807 1882/2814/807
f 1938/2887/807 1882/2814/807 1936/2886/807
f 1937/2785/808 1883/2779/808 1885/2796/808
f 1937/2785/808 1885/2796/808 1789/2784/808
f 1789/2785/809 1885/2779/809 1870/2796/809
f 1789/2785/809 1870/2796/809 1756/2784/809
f 1790/2785/804 1886/2779/804 1887/2796/804
f 1790/2785/804 1887/2796/804 1939/2784/804
f 1758/2781/800 1871/2783/800 1886/2786/800
f 1758/2781/800 1886/2786/800 1790/2780/800
f 1934/2884/810 1879/2808/810 1888/2819/810
f 1934/2884/810 1888/2819/810 1940/2888/810
f 1941/2889/811 1889/2820/811 1884/2816/811
f 1941/2889/811 1884/2816/811 1938/2887/811
f 1939/2799/812 1887/2809/812 1890/2811/812
f 1939/2799/812 1890/2811/812 1942/2798/812
f 1943/2781/813 1891/2801/813 1874/2804/813
f 1943/2781/813 1874/2804/813 1930/2780/813
f 1940/2888/814 1888/2819/814 1892/2823/814
f 1940/2888/814 1892/2823/814 1944/2890/814
f 1945/2891/815 1893/2824/815 1889/2820/815
f 1945/2891/815 1889/2820/815 1941/2889/815
f 1946/2810/816 1894/2783/816 1891/2786/816
f 1946/2810/816 1891/2786/816 1943/2795/816
f 1942/2785/817 1890/2779/817 1895/2796/817
f 1942/2785/817 1895/2796/817 1947/2784/817
f 1948/2892/773 1896/2828/773 1897/2831/773
f 1948/2892/773 1897/2831/773 1949/2893/773
f 1949/2893/818 1897/2831/818 1898/2833/818
f 1949/2893/818 1898/2833/818 1950/2894/818
f 1951/2810/819 1899/2783/819 1900/2786/819
f 1951/2810/819 1900/2786/819 1952/2795/819
f 1953/2810/820 1901/2783/820 1899/2786/820
f 1953/2810/820 1899/2786/820 1951/2795/820
f 1952/2810/821 1900/2783/821 1902/2786/821
f 1952/2810/821 1902/2786/821 1830/2795/821
f 1852/2810/822 1903/2783/822 1901/2786/822
f 1852/2810/822 1901/2786/822 1953/2795/822
f 1828/2810/40 1904/2797/40 1894/2800/40
f 1828/2810/40 1894/2800/40 1946/2795/40
f 1944/2890/823 1892/2823/823 1896/2828/823
f 1944/2890/823 1896/2828/823 1948/2892/823
f 1947/2785/824 1895/2779/824 1905/2796/824
f 1947/2785/824 1905/2796/824 1831/2784/824
f 1954/2895/825 1906/2834/825 1907/2837/825
f 1954/2895/825 1907/2837/825 1955/2896/825
f 1956/2897/826 1908/2838/826 1906/2834/826
f 1956/2897/826 1906/2834/826 1954/2895/826
f 1957/2898/827 1909/2840/827 1910/2843/827
f 1957/2898/827 1910/2843/827 1958/2899/827
f 1958/2899/828 1910/2843/828 1911/2845/828
f 1958/2899/828 1911/2845/828 1959/2900/828
f 1834/2901/829 1912/2846/829 1909/2840/829
f 1834/2901/829 1909/2840/829 1957/2898/829
f 1959/2900/830 1911/2845/830 1913/2849/830
f 1959/2900/830 1913/2849/830 1847/2902/830
f 1955/2896/279 1907/2837/279 1893/2824/279
f 1955/2896/279 1893/2824/279 1945/2891/279
f 1960/2903/831 1914/2850/831 1915/2853/831
f 1960/2903/831 1915/2853/831 1961/2904/831
f 1962/2905/832 1916/2854/832 1914/2857/832
f 1962/2905/832 1914/2857/832 1960/2906/832
f 1963/2803/47 1917/2858/47 1918/2782/47
f 1963/2803/47 1918/2782/47 1964/2802/47
f 1964/2781/833 1918/2783/833 1919/2786/833
f 1964/2781/833 1919/2786/833 1965/2780/833
f 1850/2799/834 1920/2809/834 1917/2811/834
f 1850/2799/834 1917/2811/834 1963/2798/834
f 1961/2904/835 1915/2853/835 1908/2838/835
f 1961/2904/835 1908/2838/835 1956/2897/835
f 1965/2810/836 1919/2783/836 1921/2786/836
f 1965/2810/836 1921/2786/836 1854/2795/836
f 1950/2894/837 1898/2833/837 1916/2854/837
f 1950/2894/837 1916/2854/837 1962/2905/837
f 1827/2781/838 1922/2801/838 1904/2804/838
f 1827/2781/838 1904/2804/838 1828/2780/838
f 1830/2810/623 1902/2783/623 1923/2786/623
f 1830/2810/623 1923/2786/623 1829/2795/623
f 1831/2785/628 1905/2779/628 1924/2796/628
f 1831/2785/628 1924/2796/628 1832/2784/628
f 1833/2907/839 1925/2861/839 1912/2846/839
f 1833/2907/839 1912/2846/839 1834/2901/839
f 1832/2827/840 1924/2779/840 1844/2796/840
f 1832/2827/840 1844/2796/840 1835/2784/840
f 1835/2908/860 1844/2909/860 1846/2910/860
f 1835/2908/860 1846/2910/860 1836/2911/860
f 1836/2912/841 1846/2863/841 1925/2866/841
f 1836/2912/841 1925/2866/841 1833/2913/841
f 1837/2810/842 1840/2783/842 1922/2786/842
f 1837/2810/842 1922/2786/842 1827/2795/842
f 1838/2914/559 1842/2915/559 1840/2916/559
f 1838/2914/559 1840/2916/559 1837/2917/559
f 1829/2810/843 1923/2783/843 1842/2786/843
f 1829/2810/843 1842/2786/843 1838/2795/843
f 1847/2902/847 1913/2849/847 1926/2870/847
f 1847/2902/847 1926/2870/847 1848/2918/847
f 1849/2803/848 1927/2779/848 1920/2796/848
f 1849/2803/848 1920/2796/848 1850/2802/848
f 1851/2803/849 1928/2779/849 1903/2796/849
f 1851/2803/849 1903/2796/849 1852/2802/849
f 1854/2138/850 1921/2138/850 1929/2138/850
f 1854/2138/850 1929/2138/850 1853/2138/850
f 1855/2785/851 1863/2779/851 1928/2796/851
f 1855/2785/851 1928/2796/851 1851/2784/851
f 1856/2919/657 1864/2920/657 1863/2921/657
f 1856/2919/657 1863/2921/657 1855/2922/657
f 1853/2138/852 1929/2138/852 1864/2138/852
f 1853/2138/852 1864/2138/852 1856/2138/852
f 1848/2918/853 1926/2870/853 1859/2872/853
f 1848/2918/853 1859/2872/853 1857/2923/853
f 1857/2924/615 1859/2925/615 1862/2926/615
f 1857/2924/615 1862/2926/615 1858/2927/615
f 1858/2785/640 1862/2779/640 1927/2796/640
f 1858/2785/640 1927/2796/640 1849/2784/640
f 1776/2810/799 1930/2810/799 1783/2795/799
f 1776/2810/799 1783/2795/799 1777/2795/799
f 1778/2881/800 1931/2881/800 1932/2882/800
f 1778/2881/800 1932/2882/800 1779/2882/800
f 1780/2883/801 1933/2883/801 1934/2884/801
f 1780/2928/801 1934/2929/801 1775/2930/801
f 1777/2931/861 1783/2932/861 1782/2933/861
f 1777/2931/861 1782/2933/861 1781/2934/861
f 1781/2860/802 1782/2860/802 1931/2859/802
f 1781/2860/802 1931/2859/802 1778/2859/802
f 1784/2885/805 1935/2885/805 1933/2883/805
f 1784/2885/805 1933/2883/805 1780/2883/805
f 1785/2935/806 1936/2936/806 1935/2937/806
f 1785/2935/806 1935/2937/806 1784/2938/806
f 1779/2785/691 1932/2785/691 1937/2784/691
f 1779/2785/691 1937/2784/691 1786/2784/691
f 1788/2939/807 1938/2940/807 1936/2941/807
f 1788/2939/807 1936/2941/807 1785/2942/807
f 1786/2785/808 1937/2785/808 1789/2784/808
f 1786/2785/808 1789/2784/808 1787/2784/808
f 1787/2943/862 1789/2944/862 1790/2945/862
f 1787/2943/862 1790/2945/862 1791/2946/862
f 1791/2785/804 1790/2785/804 1939/2784/804
f 1791/2785/804 1939/2784/804 1792/2784/804
f 1775/2937/810 1934/2938/810 1940/2935/810
f 1775/2937/810 1940/2935/810 1793/2936/810
f 1794/2947/811 1941/2948/811 1938/2949/811
f 1794/2947/811 1938/2949/811 1788/2950/811
f 1792/2799/812 1939/2799/812 1942/2798/812
f 1792/2799/812 1942/2798/812 1795/2798/812
f 1796/2781/813 1943/2781/813 1930/2780/813
f 1796/2781/813 1930/2780/813 1776/2780/813
f 1793/2951/814 1940/2952/814 1944/2953/814
f 1793/2951/814 1944/2953/814 1797/2954/814
f 1798/2955/815 1945/2956/815 1941/2957/815
f 1798/2955/815 1941/2957/815 1794/2958/815
f 1799/2810/816 1946/2810/816 1943/2795/816
f 1799/2810/816 1943/2795/816 1796/2795/816
f 1795/2785/817 1942/2785/817 1947/2784/817
f 1795/2785/817 1947/2784/817 1800/2784/817
f 1801/2937/773 1948/2938/773 1949/2935/773
f 1801/2937/773 1949/2935/773 1802/2936/773
f 1802/2949/818 1949/2950/818 1950/2947/818
f 1802/2949/818 1950/2947/818 1804/2948/818
f 1803/2810/819 1951/2810/819 1952/2795/819
f 1803/2810/819 1952/2795/819 1805/2795/819
f 1806/2810/820 1953/2810/820 1951/2795/820
f 1806/2810/820 1951/2795/820 1803/2795/820
f 1805/2810/821 1952/2810/821 1830/2795/821
f 1805/2810/821 1830/2795/821 1807/2795/821
f 1808/2810/822 1852/2810/822 1953/2795/822
f 1808/2810/822 1953/2795/822 1806/2795/822
f 1809/2810/40 1828/2810/40 1946/2795/40
f 1809/2810/40 1946/2795/40 1799/2795/40
f 1797/2941/823 1944/2942/823 1948/2939/823
f 1797/2941/823 1948/2939/823 1801/2940/823
f 1807/2959/863 1830/2960/863 1828/2961/863
f 1807/2959/863 1828/2961/863 1809/2962/863
f 1800/2785/824 1947/2785/824 1831/2784/824
f 1800/2785/824 1831/2784/824 1810/2784/824
f 1811/2935/825 1954/2936/825 1955/2937/825
f 1811/2935/825 1955/2937/825 1812/2938/825
f 1814/2935/826 1956/2936/826 1954/2937/826
f 1814/2935/826 1954/2937/826 1811/2938/826
f 1815/2898/827 1957/2898/827 1958/2899/827
f 1815/2898/827 1958/2899/827 1813/2899/827
f 1813/2899/828 1958/2899/828 1959/2900/828
f 1813/2899/828 1959/2900/828 1816/2900/828
f 1817/2901/829 1834/2901/829 1957/2898/829
f 1817/2901/829 1957/2898/829 1815/2898/829
f 1816/2900/830 1959/2900/830 1847/2902/830
f 1816/2900/830 1847/2902/830 1818/2902/830
f 1812/2963/279 1955/1405/279 1945/2964/279
f 1812/2963/279 1945/2964/279 1798/2965/279
f 1810/2966/864 1831/2967/864 1834/2968/864
f 1810/2966/864 1834/2968/864 1817/2969/864
f 1819/2947/831 1960/2948/831 1961/2949/831
f 1819/2947/831 1961/2949/831 1820/2950/831
f 1822/2905/832 1962/2905/832 1960/2906/832
f 1822/2905/832 1960/2906/832 1819/2906/832
f 1823/2803/47 1963/2803/47 1964/2802/47
f 1823/2803/47 1964/2802/47 1821/2802/47
f 1821/2781/833 1964/2781/833 1965/2780/833
f 1821/2781/833 1965/2780/833 1824/2780/833
f 1825/2799/834 1850/2799/834 1963/2798/834
f 1825/2799/834 1963/2798/834 1823/2798/834
f 1820/2929/835 1961/2930/835 1956/2928/835
f 1820/2929/835 1956/2928/835 1814/2970/835
f 1818/2943/865 1847/2944/865 1850/2945/865
f 1818/2943/865 1850/2945/865 1825/2946/865
f 1824/2810/836 1965/2810/836 1854/2795/836
f 1824/2810/836 1854/2795/836 1826/2795/836
f 1804/2928/837 1950/2970/837 1962/2929/837
f 1804/2928/837 1962/2929/837 1822/2930/837
f 1826/2945/866 1854/2946/866 1852/2943/866
f 1826/2945/866 1852/2943/866 1808/2944/866
f 1753/2971/867 1867/2971/867 1865/2971/867
f 1751/2971/867 1753/2971/867 1865/2971/867
f 1867/2971/804 1753/2971/804 1749/2971/804
f 1861/2971/804 1867/2971/804 1749/2971/804
f 1737/2972/597 1868/2973/597 1841/2974/597
f 1868/2973/597 1737/2972/597 1754/2975/597
f 1866/2792/868 1754/2794/868 1752/2791/868
f 1754/2794/868 1866/2792/868 1868/2793/868
f 1755/2787/790 1843/2867/790 1869/2788/790
f 1755/2787/790 1740/2868/790 1843/2867/790
f 1755/2787/869 1869/2788/869 1860/2789/869
f 1750/2790/869 1755/2787/869 1860/2789/869
# 1585 triangles in group

g bullet_vtf_Base_Color_png
usemtl bullet_vtf_Base_Color_png
f 1966/2976/870 1967/2977/870 1968/2978/870
f 1968/2978/870 1969/2979/870 1966/2976/870
f 1967/2980/258 1970/2976/258 1971/2979/258
f 1971/2979/258 1968/2981/258 1967/2980/258
f 1970/2976/871 1972/2982/871 1973/2983/871
f 1973/2983/871 1971/2979/871 1970/2976/871
f 1972/2984/872 1974/2985/872 1975/2986/872
f 1975/2986/872 1973/2987/872 1972/2984/872
f 1974/2985/508 1976/2988/508 1977/2989/508
f 1977/2989/508 1975/2986/508 1974/2985/508
f 1976/2990/873 1978/2991/873 1979/2992/873
f 1979/2992/873 1977/2993/873 1976/2990/873
f 1978/2991/74 1980/2994/74 1981/2995/74
f 1981/2995/74 1979/2992/74 1978/2991/74
f 1980/2996/874 1982/2997/874 1983/2998/874
f 1983/2998/874 1981/2999/874 1980/2996/874
f 1982/3000/875 1984/3001/875 1985/3002/875
f 1985/3002/875 1983/3003/875 1982/3000/875
f 1984/2996/876 1986/2997/876 1987/2998/876
f 1987/2998/876 1985/2999/876 1984/2996/876
f 1986/3004/233 1988/3002/233 1989/3001/233
f 1989/3001/233 1987/3005/233 1986/3004/233
f 1988/3002/877 1990/3006/877 1991/3007/877
f 1991/3007/877 1989/3001/877 1988/3002/877
f 1990/3006/878 1992/3008/878 1993/3009/878
f 1993/3009/878 1991/3007/878 1990/3006/878
f 1992/3010/879 1994/3011/879 1995/3012/879
f 1995/3012/879 1993/3013/879 1992/3010/879
f 1994/3011/880 1996/3014/880 1997/3015/880
f 1997/3015/880 1995/3012/880 1994/3011/880
f 1996/3014/881 1998/3016/881 1999/3017/881
f 1999/3017/881 1997/3015/881 1996/3014/881
f 1998/3018/882 2000/2979/882 2001/2976/882
f 2001/2976/882 1999/3019/882 1998/3018/882
f 2000/3011/883 2002/3006/883 2003/3007/883
f 2003/3007/883 2001/3012/883 2000/3011/883
f 2002/3020/884 2004/3021/884 2005/3022/884
f 2005/3022/884 2003/3023/884 2002/3020/884
f 2004/3021/885 1966/3014/885 1969/3015/885
f 1969/3015/885 2005/3022/885 2004/3021/885
f 2006/3022/884 2007/3023/884 2008/3020/884
f 2008/3020/884 2009/3021/884 2006/3022/884
f 2007/3023/883 2010/3024/883 2011/3025/883
f 2011/3025/883 2008/3020/883 2007/3023/883
f 2010/3024/882 2012/3026/882 2013/3027/882
f 2013/3027/882 2011/3025/882 2010/3024/882
f 2012/3026/881 2014/3028/881 2015/3029/881
f 2015/3029/881 2013/3027/881 2012/3026/881
f 2014/3028/880 2016/3030/880 2017/3031/880
f 2017/3031/880 2015/3029/880 2014/3028/880
f 2016/3032/879 2018/3033/879 2019/3034/879
f 2019/3034/879 2017/3035/879 2016/3032/879
f 2018/3033/878 2020/3036/878 2021/3037/878
f 2021/3037/878 2019/3034/878 2018/3033/878
f 2020/3036/877 2022/3038/877 2023/3039/877
f 2023/3039/877 2021/3037/877 2020/3036/877
f 2022/3038/233 2024/3040/233 2025/3041/233
f 2025/3041/233 2023/3039/233 2022/3038/233
f 2024/3040/876 2026/3042/876 2027/3043/876
f 2027/3043/876 2025/3041/876 2024/3040/876
f 2026/3042/875 2028/3044/875 2029/3045/875
f 2029/3045/875 2027/3043/875 2026/3042/875
f 2028/3044/874 2030/3046/874 2031/3047/874
f 2031/3047/874 2029/3045/874 2028/3044/874
f 2030/3046/74 2032/3048/74 2033/3049/74
f 2033/3049/74 2031/3047/74 2030/3046/74
f 2032/3048/873 2034/3050/873 2035/3051/873
f 2035/3051/873 2033/3049/873 2032/3048/873
f 2034/2989/508 2036/2986/508 2037/2985/508
f 2037/2985/508 2035/2988/508 2034/2989/508
f 2036/2986/872 2038/2987/872 2039/2984/872
f 2039/2984/872 2037/2985/872 2036/2986/872
f 2038/2983/871 2040/2979/871 2041/2976/871
f 2041/2976/871 2039/2982/871 2038/2983/871
f 2040/2979/258 2042/2981/258 2043/2980/258
f 2043/2980/258 2041/2976/258 2040/2979/258
f 2042/2981/870 2044/3008/870 2045/3009/870
f 2045/3009/870 2043/2980/870 2042/2981/870
f 2044/3015/885 2006/3022/885 2009/3021/885
f 2009/3021/885 2045/3014/885 2044/3015/885
f 2046/3052/886 2047/3053/886 2048/3054/886
f 2048/3054/887 2049/3055/887 2046/3052/887
f 2047/3053/888 2050/3056/888 2051/3057/888
f 2051/3057/889 2048/3054/889 2047/3053/889
f 2050/3056/890 2052/3058/890 2053/3059/890
f 2053/3059/891 2051/3057/891 2050/3056/891
f 2052/3058/892 2054/3060/892 2055/3061/892
f 2055/3061/893 2053/3059/893 2052/3058/893
f 2054/3060/894 2056/3062/894 2057/3063/894
f 2057/3063/894 2055/3061/894 2054/3060/894
f 2056/3062/895 2058/3064/895 2059/3065/895
f 2059/3065/895 2057/3063/895 2056/3062/895
f 2058/3064/896 2060/3066/896 2061/3067/896
f 2061/3067/897 2059/3065/897 2058/3064/897
f 2060/3068/898 2062/3069/898 2063/3070/898
f 2063/3070/899 2061/3071/899 2060/3068/899
f 2062/3069/900 2064/3072/900 2065/3073/900
f 2065/3073/900 2063/3070/900 2062/3069/900
f 2066/3074/901 2067/3075/901 2068/3076/901
f 2068/3076/901 2069/3077/901 2066/3074/901
f 2067/3075/902 2070/3078/902 2071/3079/902
f 2071/3079/901 2068/3076/901 2067/3075/901
f 2070/3080/903 2046/3052/903 2049/3055/903
f 2049/3055/903 2071/3081/903 2070/3080/903
f 2049/3055/904 2048/3054/904 2072/3082/904
f 2072/3082/905 2073/3083/905 2049/3055/905
f 2048/3054/906 2051/3057/906 2074/3084/906
f 2074/3084/906 2072/3082/906 2048/3054/906
f 2051/3057/907 2053/3059/907 2075/3085/907
f 2075/3085/908 2074/3084/908 2051/3057/908
f 2053/3059/909 2055/3061/909 2076/3086/909
f 2076/3086/910 2075/3085/910 2053/3059/910
f 2055/3061/911 2057/3063/911 2077/3087/911
f 2077/3087/911 2076/3086/911 2055/3061/911
f 2057/3063/912 2059/3065/912 2078/3088/912
f 2078/3088/912 2077/3087/912 2057/3063/912
f 2059/3065/913 2061/3067/913 2079/3089/913
f 2079/3089/913 2078/3088/913 2059/3065/913
f 2061/3071/914 2063/3070/914 2080/3090/914
f 2080/3090/914 2079/3091/914 2061/3071/914
f 2063/3070/914 2065/3073/914 2081/3092/914
f 2081/3092/914 2080/3090/914 2063/3070/914
f 2069/3077/915 2068/3076/915 2082/3093/915
f 2082/3093/915 2083/3094/915 2069/3077/915
f 2068/3076/915 2071/3079/915 2084/3095/915
f 2084/3095/915 2082/3093/915 2068/3076/915
f 2071/3081/916 2049/3055/916 2073/3083/916
f 2073/3083/916 2084/3096/916 2071/3081/916
f 2085/3097/917 2086/3098/917 2087/3099/917
f 2087/3099/918 2088/3100/918 2085/3097/918
f 2086/3098/919 2089/3101/919 2090/3102/919
f 2090/3102/920 2087/3099/920 2086/3098/920
f 2091/3103/921 2092/3104/921 2093/3105/921
f 2093/3105/922 2094/3106/922 2091/3103/922
f 2092/3104/921 2095/3107/921 2096/3108/921
f 2096/3108/921 2093/3105/921 2092/3104/921
f 2095/3109/923 2097/3110/923 2098/3111/923
f 2098/3111/924 2096/3112/924 2095/3109/924
f 2097/3110/925 2099/3113/925 2100/3114/925
f 2100/3114/926 2098/3111/926 2097/3110/926
f 2099/3113/927 2101/3115/927 2102/3116/927
f 2102/3116/928 2100/3114/928 2099/3113/928
f 2101/3115/929 2103/3117/929 2104/3118/929
f 2104/3118/930 2102/3116/930 2101/3115/930
f 2103/3117/931 2105/3119/931 2106/3120/931
f 2106/3120/931 2104/3118/931 2103/3117/931
f 2105/3119/932 2107/3121/932 2108/3122/932
f 2108/3122/933 2106/3120/933 2105/3119/933
f 2107/3121/934 2109/3123/934 2110/3124/934
f 2110/3124/934 2108/3122/934 2107/3121/934
f 2109/3123/935 2111/3125/935 2112/3126/935
f 2112/3126/935 2110/3124/935 2109/3123/935
f 2111/3125/936 2113/3127/936 2114/3128/936
f 2114/3128/937 2112/3126/937 2111/3125/937
f 2113/3127/938 2115/3129/938 2116/3130/938
f 2116/3130/939 2114/3128/939 2113/3127/939
f 2115/3129/940 2117/3131/940 2118/3132/940
f 2118/3132/941 2116/3130/941 2115/3129/941
f 2117/3131/942 2085/3133/942 2088/3134/942
f 2088/3134/943 2118/3132/943 2117/3131/943
f 2088/3100/944 2087/3099/944 2119/3135/944
f 2119/3135/945 2120/3136/945 2088/3100/945
f 2087/3099/944 2090/3102/944 2121/3137/944
f 2121/3137/944 2119/3135/944 2087/3099/944
f 2094/3106/946 2093/3105/946 2122/3138/946
f 2122/3138/947 2123/3139/947 2094/3106/947
f 2093/3105/948 2096/3108/948 2124/3140/948
f 2124/3140/948 2122/3138/948 2093/3105/948
f 2096/3112/949 2098/3111/949 2125/3141/949
f 2125/3141/950 2124/3142/950 2096/3112/950
f 2098/3111/951 2100/3114/951 2126/3143/951
f 2126/3143/952 2125/3141/952 2098/3111/952
f 2100/3114/953 2102/3116/953 2127/3144/953
f 2127/3144/953 2126/3143/953 2100/3114/953
f 2102/3116/954 2104/3118/954 2128/3145/954
f 2128/3145/954 2127/3144/954 2102/3116/954
f 2104/3118/955 2106/3120/955 2129/3146/955
f 2129/3146/955 2128/3145/955 2104/3118/955
f 2106/3120/956 2108/3122/956 2130/3147/956
f 2130/3147/957 2129/3146/957 2106/3120/957
f 2108/3122/958 2110/3124/958 2131/3148/958
f 2131/3148/958 2130/3147/958 2108/3122/958
f 2110/3124/959 2112/3126/959 2132/3149/959
f 2132/3149/959 2131/3148/959 2110/3124/959
f 2112/3126/960 2114/3128/960 2133/3150/960
f 2133/3150/961 2132/3149/961 2112/3126/961
f 2114/3128/962 2116/3130/962 2134/3151/962
f 2134/3151/963 2133/3150/963 2114/3128/963
f 2116/3130/964 2118/3132/964 2135/3152/964
f 2135/3152/965 2134/3151/965 2116/3130/965
f 2118/3132/966 2088/3134/966 2120/3153/966
f 2120/3153/967 2135/3152/967 2118/3132/967
f 2136/3154/968 2080/3090/968 2081/3092/968
f 2136/3154/968 2137/3155/968 2080/3090/968
f 2138/3156/969 2137/3155/969 2136/3154/969
f 2138/3156/969 2139/3157/969 2137/3155/969
f 2123/3139/970 2139/3157/970 2138/3156/970
f 2123/3139/971 2122/3138/971 2139/3157/971
f 2140/3158/972 2092/3159/972 2091/3160/972
f 2140/3158/972 2141/3161/972 2092/3159/972
f 2064/3162/973 2142/3163/973 2143/3164/973
f 2064/3162/973 2062/3165/973 2142/3163/973
f 2143/3164/974 2144/3166/974 2145/3167/974
f 2143/3164/974 2142/3163/974 2144/3166/974
f 2145/3167/975 2146/3168/975 2147/3169/975
f 2145/3167/975 2144/3166/975 2146/3168/975
f 2147/3169/976 2148/3170/976 2149/3171/976
f 2147/3169/977 2146/3168/977 2148/3170/977
f 2149/3171/978 2150/3172/978 2151/3173/978
f 2149/3171/979 2148/3170/979 2150/3172/979
f 2151/3173/980 2152/3174/980 2153/3175/980
f 2151/3173/980 2150/3172/980 2152/3174/980
f 2153/3175/981 2154/3176/981 2155/3177/981
f 2153/3175/981 2152/3174/981 2154/3176/981
f 2155/3177/982 2067/3178/982 2066/3179/982
f 2155/3177/982 2154/3176/982 2067/3178/982
f 2083/3094/983 2156/3180/983 2157/3181/983
f 2083/3094/983 2082/3093/983 2156/3180/983
f 2157/3181/984 2158/3182/984 2159/3183/984
f 2157/3181/984 2156/3180/984 2158/3182/984
f 2159/3183/985 2160/3184/985 2161/3185/985
f 2159/3183/986 2158/3182/986 2160/3184/986
f 2162/3186/987 2141/3161/987 2140/3158/987
f 2162/3186/987 2163/3187/987 2141/3161/987
f 2164/3188/988 2163/3187/988 2162/3186/988
f 2164/3188/988 2165/3189/988 2163/3187/988
f 2166/3190/989 2165/3189/989 2164/3188/989
f 2166/3190/989 2167/3191/989 2165/3189/989
f 2168/3192/990 2167/3191/990 2166/3190/990
f 2168/3192/990 2169/3193/990 2167/3191/990
f 2170/3194/991 2169/3193/991 2168/3192/991
f 2170/3194/991 2171/3195/991 2169/3193/991
f 2172/3196/239 2171/3195/239 2170/3194/239
f 2172/3196/239 2173/3197/239 2171/3195/239
f 2174/3198/992 2173/3197/992 2172/3196/992
f 2174/3198/993 2175/3199/993 2173/3197/993
f 2176/3200/994 2175/3199/994 2174/3198/994
f 2176/3200/994 2177/3201/994 2175/3199/994
f 2161/3185/995 2178/3202/995 2179/3203/995
f 2161/3185/995 2160/3184/995 2178/3202/995
f 2180/3204/996 2177/3201/996 2176/3200/996
f 2180/3204/996 2181/3205/996 2177/3201/996
f 2182/3206/997 2181/3205/997 2180/3204/997
f 2182/3206/997 2183/3207/997 2181/3205/997
f 2179/3203/998 2184/3208/998 2185/3209/998
f 2179/3203/999 2178/3202/999 2184/3208/999
f 2089/3210/1000 2183/3207/1000 2182/3206/1000
f 2089/3210/1001 2086/3211/1001 2183/3207/1001
f 2185/3209/874 2186/3212/874 2187/3213/874
f 2185/3209/874 2184/3208/874 2186/3212/874
f 2187/3214/1002 2119/3135/1002 2121/3137/1002
f 2187/3214/1002 2186/3215/1002 2119/3135/1002
f 2137/3155/968 2079/3091/968 2080/3090/968
f 2137/3155/968 2188/3216/968 2079/3091/968
f 2139/3157/969 2188/3216/969 2137/3155/969
f 2139/3157/969 2189/3217/969 2188/3216/969
f 2122/3138/1003 2189/3217/1003 2139/3157/1003
f 2122/3138/1003 2124/3140/1003 2189/3217/1003
f 2141/3161/972 2095/3109/972 2092/3159/972
f 2141/3161/972 2097/3110/972 2095/3109/972
f 2062/3165/1004 2058/3064/1004 2142/3163/1004
f 2062/3165/1004 2060/3066/1004 2058/3064/1004
f 2142/3163/1005 2056/3062/1005 2144/3166/1005
f 2142/3163/1005 2058/3064/1005 2056/3062/1005
f 2144/3166/1006 2054/3060/1006 2146/3168/1006
f 2144/3166/1006 2056/3062/1006 2054/3060/1006
f 2146/3168/1007 2052/3058/1007 2148/3170/1007
f 2146/3168/1007 2054/3060/1007 2052/3058/1007
f 2148/3170/1008 2050/3056/1008 2150/3172/1008
f 2148/3170/1008 2052/3058/1008 2050/3056/1008
f 2150/3172/1009 2047/3053/1009 2152/3174/1009
f 2150/3172/1009 2050/3056/1009 2047/3053/1009
f 2152/3174/1010 2046/3052/1010 2154/3176/1010
f 2152/3174/1011 2047/3053/1011 2046/3052/1011
f 2154/3176/1012 2070/3080/1012 2067/3178/1012
f 2154/3176/1012 2046/3052/1012 2070/3080/1012
f 2082/3093/983 2190/3218/983 2156/3180/983
f 2082/3093/983 2084/3095/983 2190/3218/983
f 2156/3180/984 2191/3219/984 2158/3182/984
f 2156/3180/984 2190/3218/984 2191/3219/984
f 2158/3182/986 2192/3220/986 2160/3184/986
f 2158/3182/986 2191/3219/986 2192/3220/986
f 2163/3187/987 2097/3110/987 2141/3161/987
f 2163/3187/987 2099/3113/987 2097/3110/987
f 2165/3189/988 2099/3113/988 2163/3187/988
f 2165/3189/988 2101/3115/988 2099/3113/988
f 2167/3191/989 2101/3115/989 2165/3189/989
f 2167/3191/989 2103/3117/989 2101/3115/989
f 2169/3193/990 2103/3117/990 2167/3191/990
f 2169/3193/990 2105/3119/990 2103/3117/990
f 2171/3195/991 2105/3119/991 2169/3193/991
f 2171/3195/991 2107/3121/991 2105/3119/991
f 2173/3197/239 2107/3121/239 2171/3195/239
f 2173/3197/239 2109/3123/239 2107/3121/239
f 2175/3199/1013 2109/3123/1013 2173/3197/1013
f 2175/3199/1013 2111/3125/1013 2109/3123/1013
f 2177/3201/1014 2111/3125/1014 2175/3199/1014
f 2177/3201/1015 2113/3127/1015 2111/3125/1015
f 2160/3184/596 2193/3221/596 2178/3202/596
f 2160/3184/596 2192/3220/596 2193/3221/596
f 2181/3205/1016 2113/3127/1016 2177/3201/1016
f 2181/3205/1016 2115/3129/1016 2113/3127/1016
f 2183/3207/1017 2115/3129/1017 2181/3205/1017
f 2183/3207/1017 2117/3131/1017 2115/3129/1017
f 2178/3202/1018 2194/3222/1018 2184/3208/1018
f 2178/3202/1018 2193/3221/1018 2194/3222/1018
f 2086/3211/1019 2117/3131/1019 2183/3207/1019
f 2086/3211/1020 2085/3133/1020 2117/3131/1020
f 2184/3208/874 2195/3223/874 2186/3212/874
f 2184/3208/874 2194/3222/874 2195/3223/874
f 2186/3215/1021 2120/3136/1021 2119/3135/1021
f 2186/3215/1022 2195/3224/1022 2120/3136/1022
f 2004/3225/2 1970/3226/2 1967/3227/2
f 2004/3225/2 2002/3228/2 1970/3226/2
f 1988/3229/2 1986/3230/2 1984/3231/2
f 1990/3232/2 1988/3229/2 1984/3231/2
f 1990/3232/2 1984/3231/2 1982/3233/2
f 1992/3234/2 1990/3232/2 1982/3233/2
f 1992/3234/2 1982/3233/2 1980/3235/2
f 1994/3236/2 1992/3234/2 1980/3235/2
f 1994/3236/2 1980/3235/2 1978/3237/2
f 1996/3238/2 1994/3236/2 1978/3237/2
f 1996/3238/2 1978/3237/2 1976/3239/2
f 1998/3240/2 1996/3238/2 1976/3239/2
f 1998/3240/2 1976/3239/2 1974/3241/2
f 2000/3242/2 1998/3240/2 1974/3241/2
f 2000/3242/2 1974/3241/2 1972/3243/2
f 2002/3228/2 2000/3242/2 1972/3243/2
f 2002/3228/2 1972/3243/2 1970/3226/2
f 1966/695/2 2004/3225/2 1967/3227/2
f 2188/3244/2 1987/3230/2 2079/3245/2
f 2188/3244/2 1985/3231/2 1987/3230/2
f 1985/3231/2 2188/3244/2 2189/3246/2
f 2189/3246/2 1983/3233/2 1985/3231/2
f 2124/3247/2 1983/3233/2 2189/3246/2
f 1981/3235/2 1983/3233/2 2124/3247/2
f 1981/3235/2 2124/3247/2 2125/3248/2
f 1987/3230/2 2078/3249/2 2079/3245/2
f 1987/3230/2 2077/3250/2 2078/3249/2
f 1987/3230/2 1989/3229/2 2077/3250/2
f 1989/3229/2 2076/3251/2 2077/3250/2
f 1989/3229/2 1991/3232/2 2076/3251/2
f 1991/3232/2 2075/2600/2 2076/3251/2
f 1991/3232/2 1993/3234/2 2075/2600/2
f 1993/3234/2 2074/3252/2 2075/2600/2
f 1993/3234/2 1995/3236/2 2074/3252/2
f 1995/3236/2 2072/3253/2 2074/3252/2
f 1995/3236/2 1997/3238/2 2072/3253/2
f 1997/3238/2 2073/3254/2 2072/3253/2
f 1997/3238/2 1999/3240/2 2073/3254/2
f 1999/3240/2 2084/3255/2 2073/3254/2
f 1999/3240/2 2001/3242/2 2084/3255/2
f 2001/3242/2 2190/3256/2 2084/3255/2
f 2001/3242/2 2003/3228/2 2190/3256/2
f 2003/3228/2 2191/3257/2 2190/3256/2
f 2003/3228/2 2005/3225/2 2191/3257/2
f 2005/3225/2 2192/3258/2 2191/3257/2
f 1981/3235/2 2125/3248/2 2126/3259/2
f 1979/3237/2 1981/3235/2 2126/3259/2
f 1979/3237/2 2126/3259/2 2127/3260/2
f 1977/3239/2 1979/3237/2 2127/3260/2
f 1977/3239/2 2127/3260/2 2128/3261/2
f 1975/3241/2 1977/3239/2 2128/3261/2
f 1975/3241/2 2128/3261/2 2129/3262/2
f 1975/3241/2 2129/3262/2 2130/3263/2
f 1973/3243/2 1975/3241/2 2130/3263/2
f 1973/3243/2 2130/3263/2 2131/3264/2
f 1971/3226/2 1973/3243/2 2131/3264/2
f 1971/3226/2 2131/3264/2 2132/3265/2
f 1968/3227/2 1971/3226/2 2132/3265/2
f 1968/3227/2 2132/3265/2 2133/3266/2
f 2133/3266/2 1969/695/2 1968/3227/2
f 2005/3225/2 1969/695/2 2192/3258/2
f 1969/695/2 2193/3267/2 2192/3258/2
f 1969/695/2 2133/3266/2 2134/3268/2
f 2134/3268/2 2193/3267/2 1969/695/2
f 2193/3267/2 2134/3268/2 2135/3269/2
f 2194/3270/2 2193/3267/2 2135/3269/2
f 2194/3270/1023 2135/3269/1023 2120/3271/1023
f 2194/3270/1024 2120/3271/1024 2195/3272/1024
f 2196/3273/1025 2197/3274/1025 2198/3275/1025
f 2198/3275/1026 2199/3276/1026 2196/3273/1026
f 2200/3277/1027 2201/3278/1027 2197/3274/1027
f 2197/3274/1028 2196/3273/1028 2200/3277/1028
f 2202/3279/1029 2203/3280/1029 2201/3278/1029
f 2201/3278/1030 2200/3277/1030 2202/3279/1030
f 2204/3281/1031 2205/3282/1031 2203/3280/1031
f 2203/3280/1032 2202/3279/1032 2204/3281/1032
f 2206/3283/1033 2207/3284/1033 2205/3282/1033
f 2205/3282/1033 2204/3281/1033 2206/3283/1033
f 2208/3285/1034 2209/3286/1034 2207/3284/1034
f 2207/3284/1034 2206/3283/1034 2208/3285/1034
f 2210/3287/1035 2211/3288/1035 2209/3286/1035
f 2209/3286/1036 2208/3285/1036 2210/3287/1036
f 2212/3289/1037 2213/3290/1037 2211/3291/1037
f 2211/3291/899 2210/3292/899 2212/3289/899
f 2065/3073/900 2064/3072/900 2213/3290/900
f 2213/3290/900 2212/3289/900 2065/3073/900
f 2214/3293/901 2215/3294/901 2066/3074/901
f 2066/3074/901 2069/3077/901 2214/3293/901
f 2216/3295/1038 2217/3296/1038 2215/3294/1038
f 2215/3294/901 2214/3293/901 2216/3295/901
f 2199/3276/1039 2198/3275/1039 2217/3297/1039
f 2217/3297/1039 2216/3298/1039 2199/3276/1039
f 2218/3299/1040 2196/3273/1040 2199/3276/1040
f 2199/3276/1041 2219/3300/1041 2218/3299/1041
f 2220/3301/1042 2200/3277/1042 2196/3273/1042
f 2196/3273/1042 2218/3299/1042 2220/3301/1042
f 2221/3302/1043 2202/3279/1043 2200/3277/1043
f 2200/3277/1044 2220/3301/1044 2221/3302/1044
f 2222/3303/1045 2204/3281/1045 2202/3279/1045
f 2202/3279/1046 2221/3302/1046 2222/3303/1046
f 2223/3304/1047 2206/3283/1047 2204/3281/1047
f 2204/3281/1047 2222/3303/1047 2223/3304/1047
f 2224/3305/1048 2208/3285/1048 2206/3283/1048
f 2206/3283/1048 2223/3304/1048 2224/3305/1048
f 2225/3306/1049 2210/3287/1049 2208/3285/1049
f 2208/3285/1049 2224/3305/1049 2225/3306/1049
f 2226/3307/914 2212/3289/914 2210/3292/914
f 2210/3292/914 2225/3308/914 2226/3307/914
f 2081/3092/914 2065/3073/914 2212/3289/914
f 2212/3289/914 2226/3307/914 2081/3092/914
f 2227/3309/915 2214/3293/915 2069/3077/915
f 2069/3077/915 2083/3094/915 2227/3309/915
f 2228/3310/915 2216/3295/915 2214/3293/915
f 2214/3293/915 2227/3309/915 2228/3310/915
f 2219/3300/1050 2199/3276/1050 2216/3298/1050
f 2216/3298/1050 2228/3311/1050 2219/3300/1050
f 2229/3312/1051 2230/3313/1051 2231/3314/1051
f 2231/3314/918 2232/3315/918 2229/3312/918
f 2090/3102/1052 2233/3316/1052 2230/3313/1052
f 2230/3313/920 2229/3312/920 2090/3102/920
f 2234/3317/921 2235/3318/921 2091/3103/921
f 2091/3103/1053 2094/3106/1053 2234/3317/1053
f 2236/3319/921 2237/3320/921 2235/3318/921
f 2235/3318/921 2234/3317/921 2236/3319/921
f 2238/3321/1054 2239/3322/1054 2237/3323/1054
f 2237/3323/1055 2236/3324/1055 2238/3321/1055
f 2240/3325/1056 2241/3326/1056 2239/3322/1056
f 2239/3322/1057 2238/3321/1057 2240/3325/1057
f 2242/3327/1058 2243/3328/1058 2241/3326/1058
f 2241/3326/1059 2240/3325/1059 2242/3327/1059
f 2244/3329/1060 2245/3330/1060 2243/3328/1060
f 2243/3328/1061 2242/3327/1061 2244/3329/1061
f 2246/3331/1062 2247/3332/1062 2245/3330/1062
f 2245/3330/1062 2244/3329/1062 2246/3331/1062
f 2248/3333/1063 2249/3334/1063 2247/3332/1063
f 2247/3332/1064 2246/3331/1064 2248/3333/1064
f 2250/3335/1065 2251/3336/1065 2249/3334/1065
f 2249/3334/1065 2248/3333/1065 2250/3335/1065
f 2252/3337/1066 2253/3338/1066 2251/3336/1066
f 2251/3336/1066 2250/3335/1066 2252/3337/1066
f 2254/3339/1067 2255/3340/1067 2253/3338/1067
f 2253/3338/1068 2252/3337/1068 2254/3339/1068
f 2256/3341/1069 2257/3342/1069 2255/3340/1069
f 2255/3340/1070 2254/3339/1070 2256/3341/1070
f 2258/3343/1071 2259/3344/1071 2257/3342/1071
f 2257/3342/1072 2256/3341/1072 2258/3343/1072
f 2232/3345/1073 2231/3346/1073 2259/3344/1073
f 2259/3344/1074 2258/3343/1074 2232/3345/1074
f 2260/3347/944 2229/3312/944 2232/3315/944
f 2232/3315/1075 2261/3348/1075 2260/3347/1075
f 2121/3137/944 2090/3102/944 2229/3312/944
f 2229/3312/944 2260/3347/944 2121/3137/944
f 2262/3349/1076 2234/3317/1076 2094/3106/1076
f 2094/3106/1077 2123/3139/1077 2262/3349/1077
f 2263/3350/948 2236/3319/948 2234/3317/948
f 2234/3317/948 2262/3349/948 2263/3350/948
f 2264/3351/1078 2238/3321/1078 2236/3324/1078
f 2236/3324/1079 2263/3352/1079 2264/3351/1079
f 2265/3353/1080 2240/3325/1080 2238/3321/1080
f 2238/3321/1081 2264/3351/1081 2265/3353/1081
f 2266/3354/1082 2242/3327/1082 2240/3325/1082
f 2240/3325/1082 2265/3353/1082 2266/3354/1082
f 2267/3355/1083 2244/3329/1083 2242/3327/1083
f 2242/3327/1083 2266/3354/1083 2267/3355/1083
f 2268/3356/1084 2246/3331/1084 2244/3329/1084
f 2244/3329/1084 2267/3355/1084 2268/3356/1084
f 2269/3357/1085 2248/3333/1085 2246/3331/1085
f 2246/3331/1086 2268/3356/1086 2269/3357/1086
f 2270/3358/1087 2250/3335/1087 2248/3333/1087
f 2248/3333/1087 2269/3357/1087 2270/3358/1087
f 2271/3359/1088 2252/3337/1088 2250/3335/1088
f 2250/3335/1088 2270/3358/1088 2271/3359/1088
f 2272/3360/1089 2254/3339/1089 2252/3337/1089
f 2252/3337/1090 2271/3359/1090 2272/3360/1090
f 2273/3361/1091 2256/3341/1091 2254/3339/1091
f 2254/3339/1092 2272/3360/1092 2273/3361/1092
f 2274/3362/1093 2258/3343/1093 2256/3341/1093
f 2256/3341/1094 2273/3361/1094 2274/3362/1094
f 2261/3363/1095 2232/3345/1095 2258/3343/1095
f 2258/3343/1096 2274/3362/1096 2261/3363/1096
f 2081/3092/968 2226/3307/968 2136/3154/968
f 2226/3307/968 2275/3364/968 2136/3154/968
f 2136/3154/969 2275/3364/969 2138/3156/969
f 2275/3364/969 2276/3365/969 2138/3156/969
f 2138/3156/970 2276/3365/970 2123/3139/970
f 2276/3365/1097 2262/3349/1097 2123/3139/1097
f 2091/3160/972 2235/3366/972 2140/3158/972
f 2235/3366/972 2277/3367/972 2140/3158/972
f 2143/3164/973 2278/3368/973 2064/3162/973
f 2278/3368/973 2213/3369/973 2064/3162/973
f 2145/3167/974 2279/3370/974 2143/3164/974
f 2279/3370/974 2278/3368/974 2143/3164/974
f 2147/3169/975 2280/3371/975 2145/3167/975
f 2280/3371/975 2279/3370/975 2145/3167/975
f 2281/3171/1098 2282/3372/1098 2147/3169/1098
f 2282/3372/977 2280/3371/977 2147/3169/977
f 2151/3173/978 2283/3373/978 2281/3171/978
f 2283/3373/1099 2282/3372/1099 2281/3171/1099
f 2153/3175/980 2284/3374/980 2151/3173/980
f 2284/3374/980 2283/3373/980 2151/3173/980
f 2155/3177/981 2285/3375/981 2153/3175/981
f 2285/3375/981 2284/3374/981 2153/3175/981
f 2066/3179/982 2215/3376/982 2155/3177/982
f 2215/3376/982 2285/3375/982 2155/3177/982
f 2157/3181/983 2286/3377/983 2083/3094/983
f 2286/3377/983 2227/3309/983 2083/3094/983
f 2159/3183/984 2287/3378/984 2157/3181/984
f 2287/3378/984 2286/3377/984 2157/3181/984
f 2161/3185/1100 2288/3379/1100 2159/3183/1100
f 2288/3379/986 2287/3378/986 2159/3183/986
f 2140/3158/987 2277/3367/987 2162/3186/987
f 2277/3367/987 2289/3380/987 2162/3186/987
f 2162/3186/988 2289/3380/988 2164/3188/988
f 2289/3380/988 2290/3381/988 2164/3188/988
f 2164/3188/989 2290/3381/989 2166/3190/989
f 2290/3381/989 2291/3382/989 2166/3190/989
f 2166/3190/990 2291/3382/990 2168/3192/990
f 2291/3382/990 2292/3383/990 2168/3192/990
f 2168/3192/991 2292/3383/991 2170/3194/991
f 2292/3383/991 2293/3384/991 2170/3194/991
f 2170/3194/239 2293/3384/239 2172/3196/239
f 2293/3384/239 2294/3385/239 2172/3196/239
f 2172/3196/992 2294/3385/992 2174/3198/992
f 2294/3385/1101 2295/3386/1101 2174/3198/1101
f 2174/3198/1102 2295/3386/1102 2176/3200/1102
f 2295/3386/1102 2296/3387/1102 2176/3200/1102
f 2179/3203/1103 2297/3388/1103 2161/3185/1103
f 2297/3388/1103 2288/3379/1103 2161/3185/1103
f 2176/3200/1104 2296/3387/1104 2180/3204/1104
f 2296/3387/1104 2298/3389/1104 2180/3204/1104
f 2180/3204/1105 2298/3389/1105 2182/3206/1105
f 2298/3389/1105 2299/3390/1105 2182/3206/1105
f 2185/3209/998 2300/3391/998 2179/3203/998
f 2300/3391/1106 2297/3388/1106 2179/3203/1106
f 2182/3206/1107 2299/3390/1107 2233/3210/1107
f 2299/3390/1108 2230/3392/1108 2233/3210/1108
f 2187/3213/874 2301/3393/874 2185/3209/874
f 2301/3393/874 2300/3391/874 2185/3209/874
f 2121/3137/1002 2260/3347/1002 2187/3214/1002
f 2260/3347/1002 2301/3394/1002 2187/3214/1002
f 2226/3307/968 2225/3308/968 2275/3364/968
f 2225/3308/968 2302/3395/968 2275/3364/968
f 2275/3364/969 2302/3395/969 2276/3365/969
f 2302/3395/969 2303/3396/969 2276/3365/969
f 2276/3365/1003 2303/3396/1003 2262/3349/1003
f 2303/3396/1003 2263/3350/1003 2262/3349/1003
f 2235/3366/972 2237/3323/972 2277/3367/972
f 2237/3323/972 2239/3322/972 2277/3367/972
f 2278/3368/1109 2209/3286/1109 2213/3369/1109
f 2209/3286/1109 2211/3288/1109 2213/3369/1109
f 2279/3370/1110 2207/3284/1110 2278/3368/1110
f 2207/3284/1110 2209/3286/1110 2278/3368/1110
f 2280/3371/1111 2205/3282/1111 2279/3370/1111
f 2205/3282/1111 2207/3284/1111 2279/3370/1111
f 2282/3372/1112 2203/3280/1112 2280/3371/1112
f 2203/3280/1112 2205/3282/1112 2280/3371/1112
f 2283/3373/1113 2201/3278/1113 2282/3372/1113
f 2201/3278/1113 2203/3280/1113 2282/3372/1113
f 2284/3374/1114 2197/3274/1114 2283/3373/1114
f 2197/3274/1114 2201/3278/1114 2283/3373/1114
f 2285/3375/1115 2198/3275/1115 2284/3374/1115
f 2198/3275/1116 2197/3274/1116 2284/3374/1116
f 2215/3376/1117 2217/3297/1117 2285/3375/1117
f 2217/3297/1117 2198/3275/1117 2285/3375/1117
f 2286/3377/983 2304/3397/983 2227/3309/983
f 2304/3397/983 2228/3310/983 2227/3309/983
f 2287/3378/984 2305/3398/984 2286/3377/984
f 2305/3398/984 2304/3397/984 2286/3377/984
f 2288/3379/986 2306/3399/986 2287/3378/986
f 2306/3399/986 2305/3398/986 2287/3378/986
f 2277/3367/987 2239/3322/987 2289/3380/987
f 2239/3322/987 2241/3326/987 2289/3380/987
f 2289/3380/988 2241/3326/988 2290/3381/988
f 2241/3326/988 2243/3328/988 2290/3381/988
f 2290/3381/989 2243/3328/989 2291/3382/989
f 2243/3328/989 2245/3330/989 2291/3382/989
f 2291/3382/990 2245/3330/990 2292/3383/990
f 2245/3330/990 2247/3332/990 2292/3383/990
f 2292/3383/991 2247/3332/991 2293/3384/991
f 2247/3332/991 2249/3334/991 2293/3384/991
f 2293/3384/239 2249/3334/239 2294/3385/239
f 2249/3334/239 2251/3336/239 2294/3385/239
f 2294/3385/1013 2251/3336/1013 2295/3386/1013
f 2251/3336/1013 2253/3338/1013 2295/3386/1013
f 2295/3386/1014 2253/3338/1014 2296/3387/1014
f 2253/3338/1118 2255/3340/1118 2296/3387/1118
f 2297/3388/596 2307/3400/596 2288/3379/596
f 2307/3400/596 2306/3399/596 2288/3379/596
f 2296/3387/1119 2255/3340/1119 2298/3389/1119
f 2255/3340/1119 2257/3342/1119 2298/3389/1119
f 2298/3389/1120 2257/3342/1120 2299/3390/1120
f 2257/3342/1120 2259/3344/1120 2299/3390/1120
f 2300/3391/1018 2308/3401/1018 2297/3388/1018
f 2308/3401/1018 2307/3400/1018 2297/3388/1018
f 2299/3390/1121 2259/3344/1121 2230/3392/1121
f 2259/3344/1122 2231/3346/1122 2230/3392/1122
f 2301/3393/874 2309/3402/874 2300/3391/874
f 2309/3402/874 2308/3401/874 2300/3391/874
f 2260/3347/1123 2261/3348/1123 2301/3394/1123
f 2261/3348/1022 2309/3403/1022 2301/3394/1022
f 2042/3404/3 2040/3405/3 2006/3406/3
f 2040/3405/3 2007/3407/3 2006/3406/3
f 2026/3408/3 2024/3409/3 2022/3410/3
f 2026/3408/3 2022/3410/3 2020/3411/3
f 2028/3412/3 2026/3408/3 2020/3411/3
f 2028/3412/3 2020/3411/3 2018/3413/3
f 2030/3414/3 2028/3412/3 2018/3413/3
f 2030/3414/3 2018/3413/3 2016/3415/3
f 2032/3416/3 2030/3414/3 2016/3415/3
f 2032/3416/3 2016/3415/3 2014/3417/3
f 2034/3418/3 2032/3416/3 2014/3417/3
f 2034/3418/3 2014/3417/3 2012/3419/3
f 2036/3420/3 2034/3418/3 2012/3419/3
f 2036/3420/3 2012/3419/3 2010/3421/3
f 2038/3422/3 2036/3420/3 2010/3421/3
f 2038/3422/3 2010/3421/3 2007/3407/3
f 2040/3405/3 2038/3422/3 2007/3407/3
f 2042/3404/3 2006/3406/3 2044/3423/3
f 2225/3424/3 2025/3409/3 2302/3425/3
f 2025/3409/3 2027/3408/3 2302/3425/3
f 2303/3426/3 2302/3425/3 2027/3408/3
f 2027/3408/3 2029/3412/3 2303/3426/3
f 2303/3426/3 2029/3412/3 2263/3427/3
f 2263/3427/3 2029/3412/3 2031/3414/3
f 2264/3428/3 2263/3427/3 2031/3414/3
f 2225/3424/3 2224/3429/3 2025/3409/3
f 2224/3429/3 2223/3430/3 2025/3409/3
f 2223/3430/3 2023/3410/3 2025/3409/3
f 2223/3430/3 2222/3431/3 2023/3410/3
f 2222/3431/3 2021/3411/3 2023/3410/3
f 2222/3431/3 2221/3432/3 2021/3411/3
f 2221/3432/3 2019/3413/3 2021/3411/3
f 2221/3432/3 2220/3433/3 2019/3413/3
f 2220/3433/3 2017/3415/3 2019/3413/3
f 2220/3433/3 2218/3434/3 2017/3415/3
f 2218/3434/3 2015/3417/3 2017/3415/3
f 2218/3434/3 2219/3435/3 2015/3417/3
f 2219/3435/3 2013/3419/3 2015/3417/3
f 2219/3435/3 2228/3436/3 2013/3419/3
f 2228/3436/3 2011/3421/3 2013/3419/3
f 2228/3436/3 2304/3437/3 2011/3421/3
f 2304/3437/3 2008/3407/3 2011/3421/3
f 2304/3437/3 2305/3438/3 2008/3407/3
f 2305/3438/3 2009/3406/3 2008/3407/3
f 2305/3438/3 2306/3439/3 2009/3406/3
f 2265/3440/3 2264/3428/3 2031/3414/3
f 2265/3440/3 2031/3414/3 2033/3416/3
f 2266/3441/3 2265/3440/3 2033/3416/3
f 2266/3441/3 2033/3416/3 2035/3418/3
f 2267/3442/3 2266/3441/3 2035/3418/3
f 2267/3442/3 2035/3418/3 2037/3420/3
f 2268/3443/3 2267/3442/3 2037/3420/3
f 2269/3444/3 2268/3443/3 2037/3420/3
f 2269/3444/3 2037/3420/3 2039/3422/3
f 2270/3445/3 2269/3444/3 2039/3422/3
f 2270/3445/3 2039/3422/3 2041/3405/3
f 2271/3446/3 2270/3445/3 2041/3405/3
f 2271/3446/3 2041/3405/3 2043/3404/3
f 2272/3447/3 2271/3446/3 2043/3404/3
f 2043/3404/3 2045/3423/3 2272/3447/3
f 2306/3439/3 2045/3423/3 2009/3406/3
f 2306/3439/3 2307/3448/3 2045/3423/3
f 2273/3449/3 2272/3447/3 2045/3423/3
f 2045/3423/3 2307/3448/3 2273/3449/3
f 2274/3450/3 2273/3449/3 2307/3448/3
f 2274/3450/3 2307/3448/3 2308/3451/3
f 2261/3452/1124 2274/3450/1124 2308/3451/1124
f 2309/3453/1125 2261/3452/1125 2308/3451/1125
# 680 triangles in group

# 4453 triangles total

